-- MySQL dump 10.13  Distrib 8.0.29, for Linux (x86_64)
--
-- Host: localhost    Database: db_virtuelle
-- ------------------------------------------------------
-- Server version	8.0.29

/*!40101 SET @OLD_CHARACTER_SET_CLIENT=@@CHARACTER_SET_CLIENT */;
/*!40101 SET @OLD_CHARACTER_SET_RESULTS=@@CHARACTER_SET_RESULTS */;
/*!40101 SET @OLD_COLLATION_CONNECTION=@@COLLATION_CONNECTION */;
/*!50503 SET NAMES utf8mb4 */;
/*!40103 SET @OLD_TIME_ZONE=@@TIME_ZONE */;
/*!40103 SET TIME_ZONE='+00:00' */;
/*!40014 SET @OLD_UNIQUE_CHECKS=@@UNIQUE_CHECKS, UNIQUE_CHECKS=0 */;
/*!40014 SET @OLD_FOREIGN_KEY_CHECKS=@@FOREIGN_KEY_CHECKS, FOREIGN_KEY_CHECKS=0 */;
/*!40101 SET @OLD_SQL_MODE=@@SQL_MODE, SQL_MODE='NO_AUTO_VALUE_ON_ZERO' */;
/*!40111 SET @OLD_SQL_NOTES=@@SQL_NOTES, SQL_NOTES=0 */;

--
-- Table structure for table `account_commission_operations`
--

DROP TABLE IF EXISTS `account_commission_operations`;
/*!40101 SET @saved_cs_client     = @@character_set_client */;
/*!50503 SET character_set_client = utf8mb4 */;
CREATE TABLE `account_commission_operations` (
  `id` int NOT NULL AUTO_INCREMENT,
  `solde_avant` int DEFAULT NULL,
  `montant` int DEFAULT NULL,
  `solde_apres` int DEFAULT NULL,
  `type` varchar(50) DEFAULT NULL,
  `libelle` varchar(255) DEFAULT NULL,
  `deleted` tinyint DEFAULT NULL,
  `created_at` datetime DEFAULT NULL,
  `updated_at` datetime DEFAULT NULL,
  `account_commission_id` int DEFAULT NULL,
  PRIMARY KEY (`id`)
) ENGINE=InnoDB AUTO_INCREMENT=43 DEFAULT CHARSET=latin1;
/*!40101 SET character_set_client = @saved_cs_client */;

--
-- Dumping data for table `account_commission_operations`
--

LOCK TABLES `account_commission_operations` WRITE;
/*!40000 ALTER TABLE `account_commission_operations` DISABLE KEYS */;
INSERT INTO `account_commission_operations` VALUES (1,0,50,50,'credit','Commission sur le depot  n°4',0,'2023-01-24 00:03:19','2023-01-24 00:03:19',NULL),(2,50,40,90,'credit','Commission de retrait sur le compte ',0,'2023-01-24 01:05:11','2023-01-24 01:05:11',NULL),(3,90,50,140,'credit','Commission sur le depot  n°5',0,'2023-01-25 12:57:19','2023-01-25 12:57:19',2),(4,140,50,190,'credit','Commission sur le depot  n°7',0,'2023-02-03 15:01:57','2023-02-03 15:01:57',2),(5,190,50,240,'credit','Commission sur le depot  n°8',0,'2023-02-03 15:10:49','2023-02-03 15:10:49',2),(6,240,5000,-4760,'dedit','Retrait du compte de commission',0,'2023-02-05 10:49:43','2023-02-05 10:49:43',2),(7,5000,500,4500,'dedit','Retrait du compte de commission',0,'2023-02-05 10:58:09','2023-02-05 10:58:09',2),(8,4500,1500,3000,'dedit','Transfert vers le compte distribution',0,'2023-02-05 11:32:40','2023-02-05 11:32:40',2),(9,3000,1500,1500,'dedit','Transfert vers le compte distribution',0,'2023-02-05 11:33:49','2023-02-05 11:33:49',2),(10,1500,500,1000,'dedit','Transfert vers le compte distribution',0,'2023-02-05 11:44:02','2023-02-05 11:44:02',2),(11,1000,40,1040,'credit','Commission de retrait sur le compte ',0,'2023-02-05 20:06:42','2023-02-05 20:06:42',2),(12,1040,50,1090,'credit','Commission sur le depot  n°10',0,'2023-02-05 20:08:41','2023-02-05 20:08:41',2),(13,1090,90,1000,'dedit','Transfert vers le compte distribution',0,'2023-02-06 10:58:47','2023-02-06 10:58:47',2),(14,1000,40,1040,'credit','Commission de retrait sur le compte ',0,'2023-02-12 19:59:56','2023-02-12 19:59:56',2),(15,1040,40,1080,'credit','Commission de retrait sur le compte ',0,'2023-02-12 20:20:22','2023-02-12 20:20:22',2),(16,1080,40,1120,'credit','Commission de retrait sur le compte ',0,'2023-02-12 20:21:54','2023-02-12 20:21:54',2),(17,1120,40,1160,'credit','Commission de retrait sur le compte ',0,'2023-02-12 20:22:33','2023-02-12 20:22:33',2),(18,1160,40,1200,'credit','Commission de retrait sur le compte ',0,'2023-02-12 20:23:51','2023-02-12 20:23:51',2),(19,1200,40,1240,'credit','Commission de retrait sur le compte ',0,'2023-02-12 20:49:21','2023-02-12 20:49:21',2),(20,1240,40,1280,'credit','Commission de retrait sur le compte ',0,'2023-02-12 20:51:50','2023-02-12 20:51:50',2),(21,1280,40,1320,'credit','Commission de retrait sur le compte ',0,'2023-02-12 20:52:34','2023-02-12 20:52:34',2),(22,1320,50,1370,'credit','Commission sur le depot  n°11',0,'2023-02-12 21:09:27','2023-02-12 21:09:27',2),(23,1370,50,1420,'credit','Commission sur le depot  n°12',0,'2023-02-12 21:13:30','2023-02-12 21:13:30',2),(24,1420,50,1470,'credit','Commission sur le depot  n°13',0,'2023-02-15 17:58:58','2023-02-15 17:58:58',2),(25,1470,50,1520,'credit','Commission sur le depot  n°14',0,'2023-02-15 20:25:12','2023-02-15 20:25:12',2),(26,1520,40,1560,'credit','Commission de retrait sur le compte ',0,'2023-02-15 20:46:00','2023-02-15 20:46:00',2),(27,1560,40,1600,'credit','Commission de retrait sur le compte ',0,'2023-02-15 20:49:48','2023-02-15 20:49:48',2),(28,1600,500,1100,'dedit','Transfert vers le compte distribution',0,'2023-02-18 09:48:51','2023-02-18 09:48:51',2),(29,1100,50,1150,'credit','Commission sur le depot  n°19',0,'2023-02-19 16:17:40','2023-02-19 16:17:40',2),(30,1150,50,1200,'credit','Commission sur le depot  n°20',0,'2023-02-19 16:17:58','2023-02-19 16:17:58',2),(31,1200,40,1240,'credit','Commission de retrait sur le compte ',0,'2023-02-19 16:20:55','2023-02-19 16:20:55',2),(32,1240,50,1290,'credit','Commission sur le depot  n°21',0,'2023-02-21 15:49:47','2023-02-21 15:49:47',2),(33,1290,50,1340,'credit','Commission sur le depot  n°22',0,'2023-02-21 15:49:52','2023-02-21 15:49:52',2),(34,1340,50,1390,'credit','Commission sur le depot  n°23',0,'2023-02-21 15:49:52','2023-02-21 15:49:52',2),(35,1390,50,1440,'credit','Commission sur le depot  n°24',0,'2023-02-21 15:50:00','2023-02-21 15:50:00',2),(36,1440,40,1480,'credit','Commission de retrait sur le compte ',0,'2023-02-21 15:53:02','2023-02-21 15:53:02',2),(37,1480,40,1520,'credit','Commission de retrait sur le compte ',0,'2023-02-21 15:54:20','2023-02-21 15:54:20',2),(38,1520,40,1560,'credit','Commission de retrait sur le compte ',0,'2023-02-21 15:54:20','2023-02-21 15:54:20',2),(39,1560,50,1610,'credit','Commission sur le depot  n°25',0,'2023-02-23 17:14:12','2023-02-23 17:14:12',2),(40,1610,40,1650,'credit','Commission de retrait sur le compte ',0,'2023-03-01 09:43:42','2023-03-01 09:43:42',2),(41,1650,40,1690,'credit','Commission de retrait sur le compte ',0,'2023-03-01 13:32:15','2023-03-01 13:32:15',2),(42,1690,160,1850,'credit','Commission de retrait sur le compte ',0,'2023-03-01 23:56:19','2023-03-01 23:56:19',2);
/*!40000 ALTER TABLE `account_commission_operations` ENABLE KEYS */;
UNLOCK TABLES;

--
-- Table structure for table `account_commissions`
--

DROP TABLE IF EXISTS `account_commissions`;
/*!40101 SET @saved_cs_client     = @@character_set_client */;
/*!50503 SET character_set_client = utf8mb4 */;
CREATE TABLE `account_commissions` (
  `id` int NOT NULL AUTO_INCREMENT,
  `solde` int DEFAULT NULL,
  `partenaire_id` int DEFAULT NULL,
  `deleted` tinyint DEFAULT NULL,
  `created_at` datetime DEFAULT NULL,
  `updated_at` datetime DEFAULT NULL,
  PRIMARY KEY (`id`)
) ENGINE=InnoDB AUTO_INCREMENT=3 DEFAULT CHARSET=latin1;
/*!40101 SET character_set_client = @saved_cs_client */;

--
-- Dumping data for table `account_commissions`
--

LOCK TABLES `account_commissions` WRITE;
/*!40000 ALTER TABLE `account_commissions` DISABLE KEYS */;
INSERT INTO `account_commissions` VALUES (1,0,1,0,'2023-01-20 17:12:35','2023-01-20 17:12:35'),(2,1850,2,0,'2023-01-23 22:46:24','2023-03-01 23:56:19');
/*!40000 ALTER TABLE `account_commissions` ENABLE KEYS */;
UNLOCK TABLES;

--
-- Table structure for table `account_distribution_operations`
--

DROP TABLE IF EXISTS `account_distribution_operations`;
/*!40101 SET @saved_cs_client     = @@character_set_client */;
/*!50503 SET character_set_client = utf8mb4 */;
CREATE TABLE `account_distribution_operations` (
  `id` int NOT NULL AUTO_INCREMENT,
  `user_id` int DEFAULT NULL,
  `solde_avant` int DEFAULT NULL,
  `montant` int DEFAULT NULL,
  `solde_apres` int DEFAULT NULL,
  `type` varchar(50) DEFAULT NULL,
  `libelle` varchar(255) DEFAULT NULL,
  `deleted` tinyint DEFAULT NULL,
  `created_at` datetime DEFAULT NULL,
  `updated_at` datetime DEFAULT NULL,
  `account_distribution_id` int DEFAULT NULL,
  PRIMARY KEY (`id`)
) ENGINE=InnoDB AUTO_INCREMENT=42 DEFAULT CHARSET=latin1;
/*!40101 SET character_set_client = @saved_cs_client */;

--
-- Dumping data for table `account_distribution_operations`
--

LOCK TABLES `account_distribution_operations` WRITE;
/*!40000 ALTER TABLE `account_distribution_operations` DISABLE KEYS */;
INSERT INTO `account_distribution_operations` VALUES (1,NULL,200000,3000,197000,'debit','Depot de 3000 effectué sur le compte  avec des frais de 0',0,'2023-01-24 00:03:19','2023-01-24 00:03:19',NULL),(2,NULL,197000,2000,199000,'credit','Retrait effectué sur le compte ',0,'2023-01-24 01:05:11','2023-01-24 01:05:11',NULL),(3,NULL,199000,9000,190000,'debit','Depot de 9000 effectué sur le compte  avec des frais de 0',0,'2023-01-25 12:57:19','2023-01-25 12:57:19',2),(4,NULL,190000,2000,188000,'debit','Depot de 2000 effectué sur le compte  avec des frais de 0',0,'2023-02-03 15:01:57','2023-02-03 15:01:57',2),(5,NULL,188000,2000,186000,'debit','Depot de 2000 effectué sur le compte  avec des frais de 0',0,'2023-02-03 15:10:49','2023-02-03 15:10:49',2),(6,NULL,200000,5000,195000,'dedit','Retrait du compte de distribution',0,'2023-02-05 10:09:50','2023-02-05 10:09:50',1),(7,NULL,186000,1500,187500,'credit','Transfert depuis le compte de distribution',0,'2023-02-05 11:32:40','2023-02-05 11:32:40',2),(8,NULL,187500,1500,189000,'credit','Transfert depuis le compte de distribution',0,'2023-02-05 11:33:49','2023-02-05 11:33:49',2),(9,NULL,189000,500,189500,'credit','Transfert depuis le compte de distribution',0,'2023-02-05 11:44:02','2023-02-05 11:44:02',2),(10,NULL,189500,2000,191500,'credit','Retrait effectué sur le compte ',0,'2023-02-05 20:06:41','2023-02-05 20:06:41',2),(11,NULL,191500,10000,181500,'debit','Depot de 10000 effectué sur le compte  avec des frais de 0',0,'2023-02-05 20:08:41','2023-02-05 20:08:41',2),(12,NULL,181500,90,181590,'credit','Transfert depuis le compte de distribution',0,'2023-02-06 10:58:47','2023-02-06 10:58:47',2),(13,NULL,181590,1500,183090,'credit','Retrait effectué sur le compte ',0,'2023-02-12 19:59:56','2023-02-12 19:59:56',2),(14,NULL,183090,1500,184590,'credit','Retrait effectué sur le compte ',0,'2023-02-12 20:20:22','2023-02-12 20:20:22',2),(15,NULL,184590,1500,186090,'credit','Retrait effectué sur le compte ',0,'2023-02-12 20:21:54','2023-02-12 20:21:54',2),(16,NULL,186090,1000,187090,'credit','Retrait effectué sur le compte ',0,'2023-02-12 20:22:33','2023-02-12 20:22:33',2),(17,NULL,187090,1000,188090,'credit','Retrait effectué sur le compte ',0,'2023-02-12 20:23:50','2023-02-12 20:23:50',2),(18,NULL,188090,1000,189090,'credit','Retrait effectué sur le compte ',0,'2023-02-12 20:49:21','2023-02-12 20:49:21',2),(19,NULL,189090,1500,190590,'credit','Retrait effectué sur le compte ',0,'2023-02-12 20:51:50','2023-02-12 20:51:50',2),(20,NULL,190590,1500,192090,'credit','Retrait effectué sur le compte ',0,'2023-02-12 20:52:34','2023-02-12 20:52:34',2),(21,NULL,192090,5000,187090,'debit','Depot de 5000 effectué sur le compte  avec des frais de 0',0,'2023-02-12 21:09:27','2023-02-12 21:09:27',2),(22,NULL,187090,50000,137090,'debit','Depot de 50000 effectué sur le compte  avec des frais de 0',0,'2023-02-12 21:13:30','2023-02-12 21:13:30',2),(23,NULL,137090,10000,127090,'debit','Depot de 10000 effectué sur le compte  avec des frais de 0',0,'2023-02-15 17:58:58','2023-02-15 17:58:58',2),(24,NULL,127090,5000,122090,'debit','Depot de 5000 effectué sur le compte  avec des frais de 0',0,'2023-02-15 20:25:12','2023-02-15 20:25:12',2),(25,NULL,122090,5000,127090,'credit','Retrait effectué sur le compte ',0,'2023-02-15 20:46:00','2023-02-15 20:46:00',2),(26,NULL,127090,500,127590,'credit','Retrait effectué sur le compte ',0,'2023-02-15 20:49:48','2023-02-15 20:49:48',2),(27,NULL,127590,500,128090,'credit','Transfert depuis le compte de distribution',0,'2023-02-18 09:48:51','2023-02-18 09:48:51',2),(28,NULL,128090,5000,123090,'debit','Depot de 5000 effectué sur le compte  avec des frais de 0',0,'2023-02-19 16:17:40','2023-02-19 16:17:40',2),(29,NULL,123090,5000,118090,'debit','Depot de 5000 effectué sur le compte  avec des frais de 0',0,'2023-02-19 16:17:58','2023-02-19 16:17:58',2),(30,NULL,118090,3800,121890,'credit','Retrait effectué sur le compte ',0,'2023-02-19 16:20:55','2023-02-19 16:20:55',2),(31,NULL,121890,1000,120890,'debit','Depot de 1000 effectué sur le compte  avec des frais de 0',0,'2023-02-21 15:49:47','2023-02-21 15:49:47',2),(32,NULL,120890,500,120390,'debit','Depot de 500 effectué sur le compte  avec des frais de 0',0,'2023-02-21 15:49:52','2023-02-21 15:49:52',2),(33,NULL,120890,500,120390,'debit','Depot de 500 effectué sur le compte  avec des frais de 0',0,'2023-02-21 15:49:52','2023-02-21 15:49:52',2),(34,NULL,120390,500,119890,'debit','Depot de 500 effectué sur le compte  avec des frais de 0',0,'2023-02-21 15:49:59','2023-02-21 15:49:59',2),(35,NULL,119890,500,120390,'credit','Retrait effectué sur le compte ',0,'2023-02-21 15:53:02','2023-02-21 15:53:02',2),(36,NULL,120390,400,120790,'credit','Retrait effectué sur le compte ',0,'2023-02-21 15:54:20','2023-02-21 15:54:20',2),(37,NULL,120790,300,121090,'credit','Retrait effectué sur le compte ',0,'2023-02-21 15:54:20','2023-02-21 15:54:20',2),(38,NULL,121090,5000,116090,'debit','Depot de 5000 effectué sur le compte  avec des frais de 0',0,'2023-02-23 17:14:12','2023-02-23 17:14:12',2),(39,NULL,116090,5000,121090,'credit','Retrait effectué sur le compte ',0,'2023-03-01 09:43:42','2023-03-01 09:43:42',2),(40,NULL,121090,1500,122590,'credit','Retrait effectué sur le compte ',0,'2023-03-01 13:32:15','2023-03-01 13:32:15',2),(41,NULL,122590,10000,132590,'credit','Retrait effectué sur le compte ',0,'2023-03-01 23:56:19','2023-03-01 23:56:19',2);
/*!40000 ALTER TABLE `account_distribution_operations` ENABLE KEYS */;
UNLOCK TABLES;

--
-- Table structure for table `account_distributions`
--

DROP TABLE IF EXISTS `account_distributions`;
/*!40101 SET @saved_cs_client     = @@character_set_client */;
/*!50503 SET character_set_client = utf8mb4 */;
CREATE TABLE `account_distributions` (
  `id` int NOT NULL AUTO_INCREMENT,
  `partenaire_id` int DEFAULT NULL,
  `solde` int DEFAULT NULL,
  `deleted` tinyint DEFAULT NULL,
  `updated_at` datetime DEFAULT NULL,
  `created_at` datetime DEFAULT NULL,
  PRIMARY KEY (`id`)
) ENGINE=InnoDB AUTO_INCREMENT=3 DEFAULT CHARSET=latin1;
/*!40101 SET character_set_client = @saved_cs_client */;

--
-- Dumping data for table `account_distributions`
--

LOCK TABLES `account_distributions` WRITE;
/*!40000 ALTER TABLE `account_distributions` DISABLE KEYS */;
INSERT INTO `account_distributions` VALUES (1,1,195000,0,'2023-02-05 10:09:50','2023-01-20 17:12:35'),(2,2,132590,0,'2023-03-01 23:56:19','2023-01-23 22:46:24');
/*!40000 ALTER TABLE `account_distributions` ENABLE KEYS */;
UNLOCK TABLES;

--
-- Table structure for table `carte_physiques`
--

DROP TABLE IF EXISTS `carte_physiques`;
/*!40101 SET @saved_cs_client     = @@character_set_client */;
/*!50503 SET character_set_client = utf8mb4 */;
CREATE TABLE `carte_physiques` (
  `id` int NOT NULL AUTO_INCREMENT,
  `serie` int DEFAULT NULL,
  `code` varchar(50) DEFAULT NULL,
  `gamme_id` int DEFAULT NULL,
  `user_id` int DEFAULT NULL,
  `status` tinyint DEFAULT NULL,
  `deleted` tinyint DEFAULT NULL,
  `created_at` datetime DEFAULT NULL,
  `updated_at` datetime DEFAULT NULL,
  PRIMARY KEY (`id`)
) ENGINE=InnoDB AUTO_INCREMENT=17 DEFAULT CHARSET=latin1;
/*!40101 SET character_set_client = @saved_cs_client */;

--
-- Dumping data for table `carte_physiques`
--

LOCK TABLES `carte_physiques` WRITE;
/*!40000 ALTER TABLE `carte_physiques` DISABLE KEYS */;
INSERT INTO `carte_physiques` VALUES (1,1,'0012345678',1,1,0,0,'2022-11-10 10:58:28','2022-11-10 14:06:30'),(2,2,'0012345679',1,1,1,0,'2022-11-10 10:58:28','2022-11-10 10:58:28'),(3,3,'0012345680',1,1,1,0,'2022-11-10 10:58:28','2022-11-10 10:58:28'),(4,4,'0012345681',1,1,1,0,'2022-11-10 10:58:28','2022-11-10 10:58:28'),(5,5,'0012345682',1,1,1,0,'2022-11-10 10:58:28','2022-11-10 10:58:28'),(6,6,'0012345683',1,1,1,0,'2022-11-10 10:58:28','2022-11-10 10:58:28'),(7,7,'0012345684',1,1,1,0,'2022-11-10 10:58:28','2022-11-10 10:58:28'),(8,8,'0012345685',1,1,1,0,'2022-11-10 10:58:28','2022-11-10 10:58:28'),(9,9,'0012345686',1,1,1,0,'2022-11-10 10:58:28','2022-11-10 10:58:28'),(10,10,'0012345687',1,1,1,0,'2022-11-10 10:58:29','2022-11-10 10:58:29'),(11,11,'0012345688',1,1,1,0,'2022-11-10 10:58:29','2022-11-10 10:58:29'),(12,12,'0012345689',1,1,1,0,'2022-11-10 10:58:29','2022-11-10 10:58:29'),(13,13,'0012345690',1,1,1,0,'2022-11-10 10:58:29','2022-11-10 10:58:29'),(14,14,'0012345691',1,1,1,0,'2022-11-10 10:58:29','2022-11-10 10:58:29'),(15,15,'0012345692',1,1,1,0,'2022-11-10 10:58:29','2022-11-10 10:58:29'),(16,16,'0012345693',1,1,1,0,'2022-11-10 10:59:29','2022-11-10 10:59:29');
/*!40000 ALTER TABLE `carte_physiques` ENABLE KEYS */;
UNLOCK TABLES;

--
-- Table structure for table `carte_virtuelles`
--

DROP TABLE IF EXISTS `carte_virtuelles`;
/*!40101 SET @saved_cs_client     = @@character_set_client */;
/*!50503 SET character_set_client = utf8mb4 */;
CREATE TABLE `carte_virtuelles` (
  `id` int NOT NULL AUTO_INCREMENT,
  `last` varchar(50) DEFAULT NULL,
  `code` varchar(50) DEFAULT NULL,
  `deleted` tinyint DEFAULT NULL,
  `created_at` datetime DEFAULT NULL,
  `updated_at` datetime DEFAULT NULL,
  PRIMARY KEY (`id`)
) ENGINE=InnoDB DEFAULT CHARSET=latin1;
/*!40101 SET character_set_client = @saved_cs_client */;

--
-- Dumping data for table `carte_virtuelles`
--

LOCK TABLES `carte_virtuelles` WRITE;
/*!40000 ALTER TABLE `carte_virtuelles` DISABLE KEYS */;
/*!40000 ALTER TABLE `carte_virtuelles` ENABLE KEYS */;
UNLOCK TABLES;

--
-- Table structure for table `commissions`
--

DROP TABLE IF EXISTS `commissions`;
/*!40101 SET @saved_cs_client     = @@character_set_client */;
/*!50503 SET character_set_client = utf8mb4 */;
CREATE TABLE `commissions` (
  `id` int NOT NULL AUTO_INCREMENT,
  `type_operation` varchar(50) DEFAULT NULL,
  `type` varchar(50) DEFAULT NULL,
  `value` int DEFAULT NULL,
  `deleted` tinyint DEFAULT NULL,
  `created_at` datetime DEFAULT NULL,
  `updated_at` datetime DEFAULT NULL,
  PRIMARY KEY (`id`)
) ENGINE=InnoDB AUTO_INCREMENT=3 DEFAULT CHARSET=latin1;
/*!40101 SET character_set_client = @saved_cs_client */;

--
-- Dumping data for table `commissions`
--

LOCK TABLES `commissions` WRITE;
/*!40000 ALTER TABLE `commissions` DISABLE KEYS */;
INSERT INTO `commissions` VALUES (1,'retrait','Taux pourcentage',40,0,'2023-01-20 16:36:08','2023-01-20 16:43:54'),(2,'depot','Taux fixe',50,0,'2023-01-20 16:41:17','2023-01-20 16:41:17');
/*!40000 ALTER TABLE `commissions` ENABLE KEYS */;
UNLOCK TABLES;

--
-- Table structure for table `departements`
--

DROP TABLE IF EXISTS `departements`;
/*!40101 SET @saved_cs_client     = @@character_set_client */;
/*!50503 SET character_set_client = utf8mb4 */;
CREATE TABLE `departements` (
  `id` int NOT NULL AUTO_INCREMENT,
  `libelle` varchar(255) DEFAULT NULL,
  `code` char(5) DEFAULT NULL,
  `deleted` tinyint DEFAULT NULL,
  `created_at` datetime DEFAULT NULL,
  `updated_at` datetime DEFAULT NULL,
  PRIMARY KEY (`id`)
) ENGINE=InnoDB AUTO_INCREMENT=13 DEFAULT CHARSET=latin1;
/*!40101 SET character_set_client = @saved_cs_client */;

--
-- Dumping data for table `departements`
--

LOCK TABLES `departements` WRITE;
/*!40000 ALTER TABLE `departements` DISABLE KEYS */;
INSERT INTO `departements` VALUES (1,'Alibori','AL',0,'2022-11-23 10:24:46','2022-11-23 10:24:47'),(2,'Atacora','AK',0,'2022-11-23 10:28:05','2022-11-23 10:28:06'),(3,'Atlantique','AQ',0,'2022-11-23 10:28:03','2022-11-23 10:28:07'),(4,'Borgou','BO',0,'2022-11-23 10:28:03','2022-11-23 10:28:07'),(5,'Collines','CO',0,'2022-11-23 10:28:02','2022-11-23 10:28:08'),(6,'Couffo','KO',0,'2022-11-23 10:28:01','2022-11-23 10:28:09'),(7,'Donga','DO',0,'2022-11-23 10:28:01','2022-11-23 10:28:09'),(8,'Littoral','LI',0,'2022-11-23 10:28:00','2022-11-23 10:28:10'),(9,'Mono','MO',0,'2022-11-23 10:28:00','2022-11-23 10:28:10'),(10,'Ouémé','OU',0,'2022-11-23 10:27:58','2022-11-23 10:28:11'),(11,'Plateau','PL',0,'2022-11-23 10:27:57','2022-11-23 10:28:11'),(12,'Zou','ZO',0,'2022-11-23 10:27:57','2022-11-23 10:28:12');
/*!40000 ALTER TABLE `departements` ENABLE KEYS */;
UNLOCK TABLES;

--
-- Table structure for table `depots`
--

DROP TABLE IF EXISTS `depots`;
/*!40101 SET @saved_cs_client     = @@character_set_client */;
/*!50503 SET character_set_client = utf8mb4 */;
CREATE TABLE `depots` (
  `id` int NOT NULL AUTO_INCREMENT,
  `user_client_id` int DEFAULT NULL,
  `user_partenaire_id` int DEFAULT NULL,
  `partenaire_id` int DEFAULT NULL,
  `libelle` varchar(255) DEFAULT NULL,
  `solde_avant` int DEFAULT NULL,
  `montant` int DEFAULT NULL,
  `frais` int DEFAULT NULL,
  `solde_apres` int DEFAULT NULL,
  `status` tinyint DEFAULT NULL,
  `motif_rejet` text,
  `validate` tinyint DEFAULT NULL,
  `validateur_id` int DEFAULT NULL,
  `rejet_id` int DEFAULT NULL,
  `deleted` tinyint DEFAULT NULL,
  `created_at` datetime DEFAULT NULL,
  `updated_at` datetime DEFAULT NULL,
  PRIMARY KEY (`id`)
) ENGINE=InnoDB AUTO_INCREMENT=42 DEFAULT CHARSET=latin1;
/*!40101 SET character_set_client = @saved_cs_client */;

--
-- Dumping data for table `depots`
--

LOCK TABLES `depots` WRITE;
/*!40000 ALTER TABLE `depots` DISABLE KEYS */;
INSERT INTO `depots` VALUES (1,2,NULL,NULL,'Rechargement du compte',0,8000,0,8000,1,NULL,1,1,NULL,0,'2023-01-23 20:28:34','2023-01-23 20:28:37'),(2,2,NULL,NULL,'Rechargement du compte',10000,2000,0,12000,1,NULL,1,NULL,NULL,0,'2023-01-23 20:27:02','2023-01-23 20:27:02'),(3,2,1,2,'Depot effectué chezAgence k',12000,3000,0,15000,1,NULL,1,NULL,NULL,0,'2023-01-23 23:34:14','2023-01-23 23:34:14'),(4,2,1,2,'Depot effectué chezAgence k',15000,3000,0,18000,1,NULL,1,NULL,NULL,0,'2023-01-24 00:03:19','2023-01-24 00:03:19'),(5,2,1,2,'Depot effectué chez Agence k',8900,9000,0,17900,1,NULL,1,NULL,NULL,0,'2023-01-25 12:57:19','2023-01-25 12:57:19'),(6,2,1,2,'Depot effectué chez Agence k',14400,2000,0,16400,1,NULL,1,NULL,NULL,0,'2023-02-03 15:00:30','2023-02-03 15:00:30'),(7,2,1,2,'Depot effectué chez Agence k',16400,2000,0,18400,1,NULL,1,NULL,NULL,0,'2023-02-03 15:01:57','2023-02-03 15:01:57'),(8,2,1,2,'Depot effectué chez Agence k',18400,2000,0,20400,1,NULL,1,NULL,NULL,0,'2023-02-03 15:10:49','2023-02-03 15:10:49'),(9,13,NULL,NULL,'Rechargement du compte',0,5000,0,5000,1,NULL,1,NULL,NULL,0,'2023-02-05 19:39:41','2023-02-05 19:39:41'),(10,13,1,2,'Depot effectué chez Agence k',2900,10000,0,12900,1,NULL,1,NULL,NULL,0,'2023-02-05 20:08:41','2023-02-05 20:08:41'),(11,2,1,2,'Depot effectué chez Agence k',9100,5000,0,14100,1,NULL,1,NULL,NULL,0,'2023-02-12 21:09:27','2023-02-12 21:09:27'),(12,2,1,2,'Depot effectué chez Agence k',14100,50000,0,64100,1,NULL,1,NULL,NULL,0,'2023-02-12 21:13:30','2023-02-12 21:13:30'),(13,3,1,2,'Depot effectué chez Agence k',5400,10000,0,15400,1,NULL,1,NULL,NULL,0,'2023-02-15 17:58:58','2023-02-15 17:58:58'),(14,19,1,2,'Depot effectué chez Agence k',0,5000,0,5000,1,NULL,1,NULL,NULL,0,'2023-02-15 20:25:12','2023-02-15 20:25:12'),(15,22,NULL,NULL,'Rechargement du compte',0,50000,0,50000,1,NULL,1,NULL,NULL,0,'2023-02-19 12:21:19','2023-02-19 12:21:19'),(16,3,NULL,NULL,'Rechargement du compte',4900,1500,0,6400,1,NULL,1,NULL,NULL,0,'2023-02-19 15:14:12','2023-02-19 15:14:12'),(17,3,NULL,NULL,'Rechargement du compte',6400,50000,0,56400,1,NULL,1,NULL,NULL,0,'2023-02-19 15:20:25','2023-02-19 15:20:25'),(18,22,NULL,NULL,'Rechargement du compte',50000,15000,0,65000,1,NULL,1,NULL,NULL,0,'2023-02-19 16:13:27','2023-02-19 16:13:27'),(19,22,1,2,'Depot effectué chez Agence k',65000,5000,0,70000,1,NULL,1,NULL,NULL,0,'2023-02-19 16:17:40','2023-02-19 16:17:40'),(20,22,1,2,'Depot effectué chez Agence k',70000,5000,0,75000,1,NULL,1,NULL,NULL,0,'2023-02-19 16:17:58','2023-02-19 16:17:58'),(21,27,1,2,'Depot effectué chez Agence k',0,1000,0,1000,1,NULL,1,NULL,NULL,0,'2023-02-21 15:49:47','2023-02-21 15:49:47'),(22,26,1,2,'Depot effectué chez Agence k',0,500,0,500,1,NULL,1,NULL,NULL,0,'2023-02-21 15:49:52','2023-02-21 15:49:52'),(23,28,1,2,'Depot effectué chez Agence k',0,500,0,500,1,NULL,1,NULL,NULL,0,'2023-02-21 15:49:52','2023-02-21 15:49:52'),(24,25,1,2,'Depot effectué chez Agence k',0,500,0,500,1,NULL,1,NULL,NULL,0,'2023-02-21 15:49:59','2023-02-21 15:49:59'),(25,3,1,2,'Depot effectué chez Agence k',60050,5000,0,65050,1,NULL,1,NULL,NULL,0,'2023-02-23 17:14:12','2023-02-23 17:14:12'),(26,28,NULL,NULL,'Rechargement du compte',100,1000,0,1100,1,NULL,1,NULL,NULL,0,'2023-02-24 17:33:38','2023-02-24 17:33:38'),(27,27,NULL,NULL,'Rechargement du compte',400,5000,0,5400,1,NULL,1,NULL,NULL,0,'2023-02-24 17:33:38','2023-02-24 17:33:38'),(28,26,NULL,NULL,'Rechargement du compte',0,10000,0,10000,1,NULL,1,NULL,NULL,0,'2023-02-24 17:35:58','2023-02-24 17:35:58'),(29,25,NULL,NULL,'Rechargement du compte',500,500,0,1000,1,NULL,1,NULL,NULL,0,'2023-02-24 17:36:32','2023-02-24 17:36:32'),(30,3,NULL,NULL,'Rechargement du compte',65050,50000,0,115050,1,NULL,1,NULL,NULL,0,'2023-02-27 14:18:41','2023-02-27 14:18:41'),(31,3,NULL,NULL,'Rechargement du compte',65050,1500,0,66550,1,NULL,1,NULL,NULL,0,'2023-02-27 14:38:28','2023-02-27 14:38:28'),(32,3,NULL,NULL,'Rechargement du compte',65050,500,0,65550,1,NULL,1,NULL,NULL,0,'2023-02-27 14:42:54','2023-02-27 14:42:54'),(33,3,NULL,NULL,'Rechargement du compte',65050,100000,0,165050,1,NULL,1,NULL,NULL,0,'2023-02-27 14:45:47','2023-02-27 14:45:47'),(34,3,NULL,NULL,'Rechargement du compte',65050,5000,0,70050,1,NULL,1,NULL,NULL,0,'2023-02-27 14:53:18','2023-02-27 14:53:18'),(35,3,NULL,NULL,'Rechargement du compte',65050,1000,0,66050,1,NULL,1,NULL,NULL,0,'2023-02-27 15:00:39','2023-02-27 15:00:39'),(36,3,NULL,NULL,'Rechargement du compte',65050,500,0,65550,1,NULL,1,NULL,NULL,0,'2023-02-27 15:07:21','2023-02-27 15:07:21'),(37,3,NULL,NULL,'Rechargement du compte',65050,500,0,65550,1,NULL,1,NULL,NULL,0,'2023-02-27 15:13:15','2023-02-27 15:13:15'),(38,3,NULL,NULL,'Rechargement du compte',65050,500,0,65550,1,NULL,1,NULL,NULL,0,'2023-02-27 15:21:35','2023-02-27 15:21:35'),(39,3,NULL,NULL,'Rechargement du compte',39950,5000,0,44950,1,NULL,1,NULL,NULL,0,'2023-03-01 12:30:40','2023-03-01 12:30:40'),(40,1,NULL,NULL,'Rechargement du compte',19364,5000,0,24364,1,NULL,1,NULL,NULL,0,'2023-03-01 23:52:14','2023-03-01 23:52:14'),(41,31,NULL,NULL,'Rechargement du compte',0,5000,0,5000,1,NULL,1,NULL,NULL,0,'2023-03-02 09:33:22','2023-03-02 09:33:22');
/*!40000 ALTER TABLE `depots` ENABLE KEYS */;
UNLOCK TABLES;

--
-- Table structure for table `frais`
--

DROP TABLE IF EXISTS `frais`;
/*!40101 SET @saved_cs_client     = @@character_set_client */;
/*!50503 SET character_set_client = utf8mb4 */;
CREATE TABLE `frais` (
  `id` int NOT NULL AUTO_INCREMENT,
  `type_operation` varchar(50) DEFAULT NULL,
  `start` int DEFAULT NULL,
  `end` int DEFAULT NULL,
  `type` varchar(50) DEFAULT NULL,
  `value` int DEFAULT NULL,
  `deleted` tinyint DEFAULT NULL,
  `created_at` datetime DEFAULT NULL,
  `updated_at` datetime DEFAULT NULL,
  PRIMARY KEY (`id`)
) ENGINE=InnoDB AUTO_INCREMENT=5 DEFAULT CHARSET=latin1;
/*!40101 SET character_set_client = @saved_cs_client */;

--
-- Dumping data for table `frais`
--

LOCK TABLES `frais` WRITE;
/*!40000 ALTER TABLE `frais` DISABLE KEYS */;
INSERT INTO `frais` VALUES (1,'retrait',1,5000,'Taux fixe',100,0,'2023-01-20 16:17:15','2023-01-20 16:17:15'),(2,'retrait',5001,20000,'Taux fixe',400,0,'2023-01-20 16:18:39','2023-01-20 16:18:39'),(3,'retrait',200001,100000,'Taux fixe',1000,0,'2023-01-20 16:19:16','2023-01-20 16:19:16'),(4,'retrait',100001,2000000,'Taux pourcentage',1,0,'2023-01-20 16:20:02','2023-01-20 16:20:02');
/*!40000 ALTER TABLE `frais` ENABLE KEYS */;
UNLOCK TABLES;

--
-- Table structure for table `gammes`
--

DROP TABLE IF EXISTS `gammes`;
/*!40101 SET @saved_cs_client     = @@character_set_client */;
/*!50503 SET character_set_client = utf8mb4 */;
CREATE TABLE `gammes` (
  `id` int NOT NULL AUTO_INCREMENT,
  `libelle` varchar(50) DEFAULT NULL,
  `prix` int DEFAULT NULL,
  `status` tinyint DEFAULT NULL,
  `deleted` tinyint DEFAULT NULL,
  `created_at` datetime DEFAULT NULL,
  `updated_at` datetime DEFAULT NULL,
  `type` varchar(50) DEFAULT NULL,
  `description` text,
  PRIMARY KEY (`id`)
) ENGINE=InnoDB AUTO_INCREMENT=4 DEFAULT CHARSET=latin1;
/*!40101 SET character_set_client = @saved_cs_client */;

--
-- Dumping data for table `gammes`
--

LOCK TABLES `gammes` WRITE;
/*!40000 ALTER TABLE `gammes` DISABLE KEYS */;
INSERT INTO `gammes` VALUES (1,'Agbonnon',5000,1,0,'2022-11-09 17:53:04','2022-11-10 09:16:11','physique','text de descriotion de la gamme 1'),(2,'Virtuelle',2000,1,0,'2022-12-29 08:26:42','2022-12-29 08:26:42','virtuelle','text de descriotion de la gamme 2'),(3,'Ewilzo',3000,1,0,'2023-01-03 11:50:45','2023-01-03 11:51:06','physique','text de descriotion de la gamme 3');
/*!40000 ALTER TABLE `gammes` ENABLE KEYS */;
UNLOCK TABLES;

--
-- Table structure for table `gtp_requests`
--

DROP TABLE IF EXISTS `gtp_requests`;
/*!40101 SET @saved_cs_client     = @@character_set_client */;
/*!50503 SET character_set_client = utf8mb4 */;
CREATE TABLE `gtp_requests` (
  `id` int NOT NULL AUTO_INCREMENT,
  `created_at` datetime DEFAULT NULL,
  `updated_at` datetime DEFAULT NULL,
  PRIMARY KEY (`id`)
) ENGINE=InnoDB AUTO_INCREMENT=9604 DEFAULT CHARSET=latin1;
/*!40101 SET character_set_client = @saved_cs_client */;

--
-- Dumping data for table `gtp_requests`
--

LOCK TABLES `gtp_requests` WRITE;
/*!40000 ALTER TABLE `gtp_requests` DISABLE KEYS */;
INSERT INTO `gtp_requests` VALUES (6792,'2023-01-20 16:33:58','2023-01-20 16:33:59'),(6793,'2023-01-20 16:56:12','2023-01-20 16:56:12'),(6794,'2023-01-20 16:56:17','2023-01-20 16:56:17'),(6795,'2023-01-20 16:56:17','2023-01-20 16:56:17'),(6796,'2023-01-20 16:56:17','2023-01-20 16:56:17'),(6797,'2023-01-20 16:56:18','2023-01-20 16:56:18'),(6798,'2023-01-20 16:56:18','2023-01-20 16:56:18'),(6799,'2023-01-20 16:56:18','2023-01-20 16:56:18'),(6800,'2023-01-20 16:56:56','2023-01-20 16:56:56'),(6801,'2023-01-20 16:56:57','2023-01-20 16:56:57'),(6802,'2023-01-20 16:57:01','2023-01-20 16:57:01'),(6803,'2023-01-20 16:57:02','2023-01-20 16:57:02'),(6804,'2023-01-20 19:34:28','2023-01-20 19:34:28'),(6805,'2023-01-21 12:27:29','2023-01-21 12:27:29'),(6806,'2023-01-21 12:30:29','2023-01-21 12:30:29'),(6807,'2023-01-21 12:31:34','2023-01-21 12:31:34'),(6808,'2023-01-21 12:31:56','2023-01-21 12:31:56'),(6809,'2023-01-23 10:48:15','2023-01-23 10:48:15'),(6810,'2023-01-23 10:49:37','2023-01-23 10:49:37'),(6811,'2023-01-23 10:52:41','2023-01-23 10:52:41'),(6812,'2023-01-23 11:03:12','2023-01-23 11:03:12'),(6813,'2023-01-23 11:14:06','2023-01-23 11:14:06'),(6814,'2023-01-23 11:17:26','2023-01-23 11:17:26'),(6815,'2023-01-23 11:18:45','2023-01-23 11:18:45'),(6816,'2023-01-23 11:18:57','2023-01-23 11:18:57'),(6817,'2023-01-23 11:29:49','2023-01-23 11:29:49'),(6818,'2023-01-23 11:30:13','2023-01-23 11:30:13'),(6819,'2023-01-23 11:52:50','2023-01-23 11:52:50'),(6820,'2023-01-23 11:52:51','2023-01-23 11:52:51'),(6821,'2023-01-23 11:52:52','2023-01-23 11:52:52'),(6822,'2023-01-23 12:04:11','2023-01-23 12:04:11'),(6823,'2023-01-23 12:04:12','2023-01-23 12:04:12'),(6824,'2023-01-23 12:04:12','2023-01-23 12:04:12'),(6825,'2023-01-23 15:02:40','2023-01-23 15:02:40'),(6826,'2023-01-23 15:02:40','2023-01-23 15:02:40'),(6827,'2023-01-23 15:02:41','2023-01-23 15:02:41'),(6828,'2023-01-23 15:11:46','2023-01-23 15:11:46'),(6829,'2023-01-23 15:11:47','2023-01-23 15:11:47'),(6830,'2023-01-23 15:11:47','2023-01-23 15:11:47'),(6831,'2023-01-23 15:12:16','2023-01-23 15:12:16'),(6832,'2023-01-23 15:12:17','2023-01-23 15:12:17'),(6833,'2023-01-23 15:12:17','2023-01-23 15:12:17'),(6834,'2023-01-23 15:14:41','2023-01-23 15:14:41'),(6835,'2023-01-23 15:14:41','2023-01-23 15:14:41'),(6836,'2023-01-23 15:14:42','2023-01-23 15:14:42'),(6837,'2023-01-23 15:49:46','2023-01-23 15:49:46'),(6838,'2023-01-23 15:49:47','2023-01-23 15:49:47'),(6839,'2023-01-23 15:49:47','2023-01-23 15:49:47'),(6840,'2023-01-23 15:50:39','2023-01-23 15:50:39'),(6841,'2023-01-23 15:50:40','2023-01-23 15:50:40'),(6842,'2023-01-23 15:50:40','2023-01-23 15:50:40'),(6843,'2023-01-23 15:52:53','2023-01-23 15:52:53'),(6844,'2023-01-23 15:52:54','2023-01-23 15:52:54'),(6845,'2023-01-23 15:52:55','2023-01-23 15:52:55'),(6846,'2023-01-23 16:16:40','2023-01-23 16:16:40'),(6847,'2023-01-23 16:16:40','2023-01-23 16:16:40'),(6848,'2023-01-23 16:16:41','2023-01-23 16:16:41'),(6849,'2023-01-23 16:18:10','2023-01-23 16:18:10'),(6850,'2023-01-23 16:18:10','2023-01-23 16:18:10'),(6851,'2023-01-23 16:18:11','2023-01-23 16:18:11'),(6852,'2023-01-23 16:18:27','2023-01-23 16:18:27'),(6853,'2023-01-23 16:18:28','2023-01-23 16:18:28'),(6854,'2023-01-23 16:18:29','2023-01-23 16:18:29'),(6855,'2023-01-23 16:18:37','2023-01-23 16:18:37'),(6856,'2023-01-23 16:18:38','2023-01-23 16:18:38'),(6857,'2023-01-23 16:18:39','2023-01-23 16:18:39'),(6858,'2023-01-23 16:43:38','2023-01-23 16:43:38'),(6859,'2023-01-23 16:43:39','2023-01-23 16:43:39'),(6860,'2023-01-23 16:43:40','2023-01-23 16:43:40'),(6861,'2023-01-23 16:43:45','2023-01-23 16:43:45'),(6862,'2023-01-23 16:43:45','2023-01-23 16:43:45'),(6863,'2023-01-23 16:43:46','2023-01-23 16:43:46'),(6864,'2023-01-23 16:46:45','2023-01-23 16:46:45'),(6865,'2023-01-23 16:46:46','2023-01-23 16:46:46'),(6866,'2023-01-23 16:46:47','2023-01-23 16:46:47'),(6867,'2023-01-23 16:52:00','2023-01-23 16:52:00'),(6868,'2023-01-23 16:52:01','2023-01-23 16:52:01'),(6869,'2023-01-23 16:52:01','2023-01-23 16:52:01'),(6870,'2023-01-23 16:52:49','2023-01-23 16:52:49'),(6871,'2023-01-23 16:52:50','2023-01-23 16:52:50'),(6872,'2023-01-23 16:52:50','2023-01-23 16:52:50'),(6873,'2023-01-23 17:05:23','2023-01-23 17:05:23'),(6874,'2023-01-23 17:05:24','2023-01-23 17:05:24'),(6875,'2023-01-23 17:05:24','2023-01-23 17:05:24'),(6876,'2023-01-23 17:06:40','2023-01-23 17:06:40'),(6877,'2023-01-23 17:06:40','2023-01-23 17:06:40'),(6878,'2023-01-23 17:06:41','2023-01-23 17:06:41'),(6879,'2023-01-23 17:07:16','2023-01-23 17:07:16'),(6880,'2023-01-23 17:07:16','2023-01-23 17:07:16'),(6881,'2023-01-23 17:07:17','2023-01-23 17:07:17'),(6882,'2023-01-23 17:10:07','2023-01-23 17:10:07'),(6883,'2023-01-23 17:10:08','2023-01-23 17:10:08'),(6884,'2023-01-23 17:10:08','2023-01-23 17:10:08'),(6885,'2023-01-23 17:38:21','2023-01-23 17:38:21'),(6886,'2023-01-23 17:38:32','2023-01-23 17:38:32'),(6887,'2023-01-23 17:38:33','2023-01-23 17:38:33'),(6888,'2023-01-23 17:38:33','2023-01-23 17:38:33'),(6889,'2023-01-23 18:01:05','2023-01-23 18:01:05'),(6890,'2023-01-23 18:01:06','2023-01-23 18:01:06'),(6891,'2023-01-23 18:01:06','2023-01-23 18:01:06'),(6892,'2023-01-23 18:50:59','2023-01-23 18:50:59'),(6893,'2023-01-23 18:50:59','2023-01-23 18:50:59'),(6894,'2023-01-23 18:51:00','2023-01-23 18:51:00'),(6895,'2023-01-23 18:51:08','2023-01-23 18:51:08'),(6896,'2023-01-23 18:51:09','2023-01-23 18:51:09'),(6897,'2023-01-23 18:55:15','2023-01-23 18:55:15'),(6898,'2023-01-23 18:55:16','2023-01-23 18:55:16'),(6899,'2023-01-23 19:36:21','2023-01-23 19:36:21'),(6900,'2023-01-23 19:36:21','2023-01-23 19:36:21'),(6901,'2023-01-23 19:36:22','2023-01-23 19:36:22'),(6902,'2023-01-23 20:22:43','2023-01-23 20:22:43'),(6903,'2023-01-23 20:25:59','2023-01-23 20:25:59'),(6904,'2023-01-23 20:25:59','2023-01-23 20:25:59'),(6905,'2023-01-23 20:27:00','2023-01-23 20:27:00'),(6906,'2023-01-23 20:27:01','2023-01-23 20:27:01'),(6907,'2023-01-23 20:27:25','2023-01-23 20:27:25'),(6908,'2023-01-23 20:27:26','2023-01-23 20:27:26'),(6909,'2023-01-23 20:27:27','2023-01-23 20:27:27'),(6910,'2023-01-23 20:28:18','2023-01-23 20:28:18'),(6911,'2023-01-23 20:28:18','2023-01-23 20:28:18'),(6912,'2023-01-23 20:28:19','2023-01-23 20:28:19'),(6913,'2023-01-23 22:18:01','2023-01-23 22:18:01'),(6914,'2023-01-23 22:18:02','2023-01-23 22:18:02'),(6915,'2023-01-23 22:18:02','2023-01-23 22:18:02'),(6916,'2023-01-23 23:02:06','2023-01-23 23:02:06'),(6917,'2023-01-23 23:02:06','2023-01-23 23:02:06'),(6918,'2023-01-23 23:02:07','2023-01-23 23:02:07'),(6919,'2023-01-23 23:34:12','2023-01-23 23:34:12'),(6920,'2023-01-23 23:34:13','2023-01-23 23:34:13'),(6921,'2023-01-24 00:03:18','2023-01-24 00:03:18'),(6922,'2023-01-24 00:03:18','2023-01-24 00:03:18'),(6923,'2023-01-24 00:11:11','2023-01-24 00:11:11'),(6924,'2023-01-24 00:11:12','2023-01-24 00:11:12'),(6925,'2023-01-24 00:11:12','2023-01-24 00:11:12'),(6926,'2023-01-24 00:23:14','2023-01-24 00:23:14'),(6927,'2023-01-24 00:26:06','2023-01-24 00:26:06'),(6928,'2023-01-24 00:29:00','2023-01-24 00:29:00'),(6929,'2023-01-24 00:31:57','2023-01-24 00:31:57'),(6930,'2023-01-24 00:35:07','2023-01-24 00:35:07'),(6931,'2023-01-24 00:36:25','2023-01-24 00:36:25'),(6932,'2023-01-24 00:39:29','2023-01-24 00:39:29'),(6933,'2023-01-24 00:42:12','2023-01-24 00:42:12'),(6934,'2023-01-24 00:44:36','2023-01-24 00:44:36'),(6935,'2023-01-24 01:00:46','2023-01-24 01:00:46'),(6936,'2023-01-24 01:00:47','2023-01-24 01:00:47'),(6937,'2023-01-24 01:00:48','2023-01-24 01:00:48'),(6938,'2023-01-24 01:05:10','2023-01-24 01:05:10'),(6939,'2023-01-24 01:05:11','2023-01-24 01:05:11'),(6940,'2023-01-24 01:05:25','2023-01-24 01:05:25'),(6941,'2023-01-24 01:05:25','2023-01-24 01:05:25'),(6942,'2023-01-24 01:05:26','2023-01-24 01:05:26'),(6943,'2023-01-24 01:06:54','2023-01-24 01:06:54'),(6944,'2023-01-24 01:06:54','2023-01-24 01:06:54'),(6945,'2023-01-24 10:50:11','2023-01-24 10:50:11'),(6946,'2023-01-24 10:50:11','2023-01-24 10:50:11'),(6947,'2023-01-24 10:50:12','2023-01-24 10:50:12'),(6948,'2023-01-24 12:05:25','2023-01-24 12:05:25'),(6949,'2023-01-24 12:05:26','2023-01-24 12:05:26'),(6950,'2023-01-24 12:05:27','2023-01-24 12:05:27'),(6951,'2023-01-24 12:06:44','2023-01-24 12:06:44'),(6952,'2023-01-24 12:06:45','2023-01-24 12:06:45'),(6953,'2023-01-24 12:06:45','2023-01-24 12:06:45'),(6954,'2023-01-24 12:07:06','2023-01-24 12:07:06'),(6955,'2023-01-24 12:07:06','2023-01-24 12:07:06'),(6956,'2023-01-24 12:07:07','2023-01-24 12:07:07'),(6957,'2023-01-24 12:07:13','2023-01-24 12:07:13'),(6958,'2023-01-24 12:07:14','2023-01-24 12:07:14'),(6959,'2023-01-24 12:07:15','2023-01-24 12:07:15'),(6960,'2023-01-24 12:07:20','2023-01-24 12:07:20'),(6961,'2023-01-24 12:07:20','2023-01-24 12:07:20'),(6962,'2023-01-24 12:08:41','2023-01-24 12:08:41'),(6963,'2023-01-24 12:08:42','2023-01-24 12:08:42'),(6964,'2023-01-24 12:08:42','2023-01-24 12:08:42'),(6965,'2023-01-24 12:09:47','2023-01-24 12:09:47'),(6966,'2023-01-24 12:09:48','2023-01-24 12:09:48'),(6967,'2023-01-24 12:09:48','2023-01-24 12:09:48'),(6968,'2023-01-24 12:10:22','2023-01-24 12:10:22'),(6969,'2023-01-24 12:10:23','2023-01-24 12:10:23'),(6970,'2023-01-24 12:10:23','2023-01-24 12:10:23'),(6971,'2023-01-24 12:11:28','2023-01-24 12:11:28'),(6972,'2023-01-24 12:11:28','2023-01-24 12:11:28'),(6973,'2023-01-24 12:11:29','2023-01-24 12:11:29'),(6974,'2023-01-24 12:52:52','2023-01-24 12:52:52'),(6975,'2023-01-24 12:52:53','2023-01-24 12:52:53'),(6976,'2023-01-24 12:52:54','2023-01-24 12:52:54'),(6977,'2023-01-24 12:59:44','2023-01-24 12:59:44'),(6978,'2023-01-24 12:59:45','2023-01-24 12:59:45'),(6979,'2023-01-24 12:59:48','2023-01-24 12:59:48'),(6980,'2023-01-24 12:59:49','2023-01-24 12:59:49'),(6981,'2023-01-24 12:59:50','2023-01-24 12:59:50'),(6982,'2023-01-24 15:29:57','2023-01-24 15:29:57'),(6983,'2023-01-24 15:29:57','2023-01-24 15:29:57'),(6984,'2023-01-24 16:31:37','2023-01-24 16:31:37'),(6985,'2023-01-24 16:35:38','2023-01-24 16:35:38'),(6986,'2023-01-24 16:35:39','2023-01-24 16:35:39'),(6987,'2023-01-24 16:37:39','2023-01-24 16:37:39'),(6988,'2023-01-24 16:37:40','2023-01-24 16:37:40'),(6989,'2023-01-24 16:37:45','2023-01-24 16:37:45'),(6990,'2023-01-24 16:37:45','2023-01-24 16:37:45'),(6991,'2023-01-24 16:40:46','2023-01-24 16:40:46'),(6992,'2023-01-24 16:40:47','2023-01-24 16:40:47'),(6993,'2023-01-24 16:42:23','2023-01-24 16:42:23'),(6994,'2023-01-24 16:42:23','2023-01-24 16:42:23'),(6995,'2023-01-24 16:42:24','2023-01-24 16:42:24'),(6996,'2023-01-24 16:42:38','2023-01-24 16:42:38'),(6997,'2023-01-24 16:42:38','2023-01-24 16:42:38'),(6998,'2023-01-24 16:42:52','2023-01-24 16:42:52'),(6999,'2023-01-24 16:42:53','2023-01-24 16:42:53'),(7000,'2023-01-24 16:42:53','2023-01-24 16:42:53'),(7001,'2023-01-24 16:45:04','2023-01-24 16:45:04'),(7002,'2023-01-24 16:45:05','2023-01-24 16:45:05'),(7003,'2023-01-24 17:32:10','2023-01-24 17:32:10'),(7004,'2023-01-24 17:32:11','2023-01-24 17:32:11'),(7005,'2023-01-24 17:36:02','2023-01-24 17:36:02'),(7006,'2023-01-24 17:36:03','2023-01-24 17:36:03'),(7007,'2023-01-24 17:36:04','2023-01-24 17:36:04'),(7008,'2023-01-24 17:37:48','2023-01-24 17:37:48'),(7009,'2023-01-24 17:37:49','2023-01-24 17:37:49'),(7010,'2023-01-24 17:37:49','2023-01-24 17:37:49'),(7011,'2023-01-24 17:37:56','2023-01-24 17:37:56'),(7012,'2023-01-24 17:37:57','2023-01-24 17:37:57'),(7013,'2023-01-24 17:38:07','2023-01-24 17:38:07'),(7014,'2023-01-24 17:38:08','2023-01-24 17:38:08'),(7015,'2023-01-24 17:38:22','2023-01-24 17:38:22'),(7016,'2023-01-24 17:38:23','2023-01-24 17:38:23'),(7017,'2023-01-24 17:38:23','2023-01-24 17:38:23'),(7018,'2023-01-24 17:50:53','2023-01-24 17:50:53'),(7019,'2023-01-24 17:50:54','2023-01-24 17:50:54'),(7020,'2023-01-24 17:55:14','2023-01-24 17:55:14'),(7021,'2023-01-24 17:55:14','2023-01-24 17:55:14'),(7022,'2023-01-24 17:55:15','2023-01-24 17:55:15'),(7023,'2023-01-24 17:55:54','2023-01-24 17:55:54'),(7024,'2023-01-24 17:55:54','2023-01-24 17:55:54'),(7025,'2023-01-24 17:56:16','2023-01-24 17:56:16'),(7026,'2023-01-24 17:56:17','2023-01-24 17:56:17'),(7027,'2023-01-24 17:56:48','2023-01-24 17:56:48'),(7028,'2023-01-24 17:56:49','2023-01-24 17:56:49'),(7029,'2023-01-24 17:56:49','2023-01-24 17:56:49'),(7030,'2023-01-24 17:57:24','2023-01-24 17:57:24'),(7031,'2023-01-24 17:57:24','2023-01-24 17:57:24'),(7032,'2023-01-24 17:57:25','2023-01-24 17:57:25'),(7033,'2023-01-24 17:57:35','2023-01-24 17:57:35'),(7034,'2023-01-24 17:57:35','2023-01-24 17:57:35'),(7035,'2023-01-24 18:09:43','2023-01-24 18:09:43'),(7036,'2023-01-24 18:09:44','2023-01-24 18:09:44'),(7037,'2023-01-24 18:09:44','2023-01-24 18:09:44'),(7038,'2023-01-24 18:14:57','2023-01-24 18:14:57'),(7039,'2023-01-24 18:14:57','2023-01-24 18:14:57'),(7040,'2023-01-24 18:14:58','2023-01-24 18:14:58'),(7041,'2023-01-24 18:14:59','2023-01-24 18:14:59'),(7042,'2023-01-24 18:15:00','2023-01-24 18:15:00'),(7043,'2023-01-24 18:16:46','2023-01-24 18:16:46'),(7044,'2023-01-24 18:16:47','2023-01-24 18:16:47'),(7045,'2023-01-24 18:16:48','2023-01-24 18:16:48'),(7046,'2023-01-24 18:16:49','2023-01-24 18:16:49'),(7047,'2023-01-24 18:16:49','2023-01-24 18:16:49'),(7048,'2023-01-24 18:24:15','2023-01-24 18:24:15'),(7049,'2023-01-24 18:24:15','2023-01-24 18:24:15'),(7050,'2023-01-24 18:24:16','2023-01-24 18:24:16'),(7051,'2023-01-24 18:24:23','2023-01-24 18:24:23'),(7052,'2023-01-24 18:24:24','2023-01-24 18:24:24'),(7053,'2023-01-24 18:24:24','2023-01-24 18:24:24'),(7054,'2023-01-24 18:24:28','2023-01-24 18:24:28'),(7055,'2023-01-24 18:24:28','2023-01-24 18:24:28'),(7056,'2023-01-24 18:25:36','2023-01-24 18:25:36'),(7057,'2023-01-24 18:25:37','2023-01-24 18:25:37'),(7058,'2023-01-24 18:25:38','2023-01-24 18:25:38'),(7059,'2023-01-24 18:26:03','2023-01-24 18:26:03'),(7060,'2023-01-24 18:26:03','2023-01-24 18:26:03'),(7061,'2023-01-24 18:26:04','2023-01-24 18:26:04'),(7062,'2023-01-24 18:26:22','2023-01-24 18:26:22'),(7063,'2023-01-24 18:26:23','2023-01-24 18:26:23'),(7064,'2023-01-24 18:27:26','2023-01-24 18:27:26'),(7065,'2023-01-24 18:27:27','2023-01-24 18:27:27'),(7066,'2023-01-24 18:27:27','2023-01-24 18:27:27'),(7067,'2023-01-24 18:28:50','2023-01-24 18:28:50'),(7068,'2023-01-24 18:28:51','2023-01-24 18:28:51'),(7069,'2023-01-24 18:31:00','2023-01-24 18:31:00'),(7070,'2023-01-24 18:31:01','2023-01-24 18:31:01'),(7071,'2023-01-24 18:32:10','2023-01-24 18:32:10'),(7072,'2023-01-24 18:32:11','2023-01-24 18:32:11'),(7073,'2023-01-24 18:32:12','2023-01-24 18:32:12'),(7074,'2023-01-24 18:33:18','2023-01-24 18:33:18'),(7075,'2023-01-24 18:33:19','2023-01-24 18:33:19'),(7076,'2023-01-24 18:33:19','2023-01-24 18:33:19'),(7077,'2023-01-24 18:33:25','2023-01-24 18:33:25'),(7078,'2023-01-24 18:33:26','2023-01-24 18:33:26'),(7079,'2023-01-24 18:33:27','2023-01-24 18:33:27'),(7080,'2023-01-24 18:45:01','2023-01-24 18:45:01'),(7081,'2023-01-24 19:35:39','2023-01-24 19:35:39'),(7082,'2023-01-24 19:35:39','2023-01-24 19:35:39'),(7083,'2023-01-24 19:35:40','2023-01-24 19:35:40'),(7084,'2023-01-24 19:36:09','2023-01-24 19:36:09'),(7085,'2023-01-24 19:36:10','2023-01-24 19:36:10'),(7086,'2023-01-24 19:40:50','2023-01-24 19:40:50'),(7087,'2023-01-24 19:40:50','2023-01-24 19:40:50'),(7088,'2023-01-24 19:40:51','2023-01-24 19:40:51'),(7089,'2023-01-24 19:40:59','2023-01-24 19:40:59'),(7090,'2023-01-24 19:41:00','2023-01-24 19:41:00'),(7091,'2023-01-24 19:41:01','2023-01-24 19:41:01'),(7092,'2023-01-24 19:41:54','2023-01-24 19:41:54'),(7093,'2023-01-24 19:41:55','2023-01-24 19:41:55'),(7094,'2023-01-24 19:41:56','2023-01-24 19:41:56'),(7095,'2023-01-24 19:51:56','2023-01-24 19:51:56'),(7096,'2023-01-24 19:51:56','2023-01-24 19:51:56'),(7097,'2023-01-24 19:51:57','2023-01-24 19:51:57'),(7098,'2023-01-24 19:53:52','2023-01-24 19:53:52'),(7099,'2023-01-24 19:53:53','2023-01-24 19:53:53'),(7100,'2023-01-24 19:53:54','2023-01-24 19:53:54'),(7101,'2023-01-24 19:55:02','2023-01-24 19:55:02'),(7102,'2023-01-24 19:55:03','2023-01-24 19:55:03'),(7103,'2023-01-24 19:55:03','2023-01-24 19:55:03'),(7104,'2023-01-24 19:57:00','2023-01-24 19:57:00'),(7105,'2023-01-24 19:57:01','2023-01-24 19:57:01'),(7106,'2023-01-24 19:57:01','2023-01-24 19:57:01'),(7107,'2023-01-24 19:57:26','2023-01-24 19:57:26'),(7108,'2023-01-24 19:57:26','2023-01-24 19:57:26'),(7109,'2023-01-24 19:59:12','2023-01-24 19:59:12'),(7110,'2023-01-24 19:59:12','2023-01-24 19:59:12'),(7111,'2023-01-24 19:59:13','2023-01-24 19:59:13'),(7112,'2023-01-24 19:59:41','2023-01-24 19:59:41'),(7113,'2023-01-24 19:59:42','2023-01-24 19:59:42'),(7114,'2023-01-24 19:59:42','2023-01-24 19:59:42'),(7115,'2023-01-24 19:59:47','2023-01-24 19:59:47'),(7116,'2023-01-24 19:59:47','2023-01-24 19:59:47'),(7117,'2023-01-24 19:59:48','2023-01-24 19:59:48'),(7118,'2023-01-24 20:00:47','2023-01-24 20:00:47'),(7119,'2023-01-24 20:00:48','2023-01-24 20:00:48'),(7120,'2023-01-24 20:00:48','2023-01-24 20:00:48'),(7121,'2023-01-24 20:05:10','2023-01-24 20:05:10'),(7122,'2023-01-24 20:05:11','2023-01-24 20:05:11'),(7123,'2023-01-24 20:05:12','2023-01-24 20:05:12'),(7124,'2023-01-24 20:09:52','2023-01-24 20:09:52'),(7125,'2023-01-24 20:09:52','2023-01-24 20:09:52'),(7126,'2023-01-24 20:09:53','2023-01-24 20:09:53'),(7127,'2023-01-24 20:10:20','2023-01-24 20:10:20'),(7128,'2023-01-24 20:10:20','2023-01-24 20:10:20'),(7129,'2023-01-24 20:13:06','2023-01-24 20:13:06'),(7130,'2023-01-24 20:13:07','2023-01-24 20:13:07'),(7131,'2023-01-24 20:13:45','2023-01-24 20:13:45'),(7132,'2023-01-24 20:13:45','2023-01-24 20:13:45'),(7133,'2023-01-24 20:14:04','2023-01-24 20:14:04'),(7134,'2023-01-24 20:14:05','2023-01-24 20:14:05'),(7135,'2023-01-24 20:14:06','2023-01-24 20:14:06'),(7136,'2023-01-24 20:16:06','2023-01-24 20:16:06'),(7137,'2023-01-24 20:16:07','2023-01-24 20:16:07'),(7138,'2023-01-24 20:16:07','2023-01-24 20:16:07'),(7139,'2023-01-24 20:17:39','2023-01-24 20:17:39'),(7140,'2023-01-24 20:17:40','2023-01-24 20:17:40'),(7141,'2023-01-24 20:17:40','2023-01-24 20:17:40'),(7142,'2023-01-24 20:17:43','2023-01-24 20:17:43'),(7143,'2023-01-24 20:17:44','2023-01-24 20:17:44'),(7144,'2023-01-24 20:17:45','2023-01-24 20:17:45'),(7145,'2023-01-24 20:20:25','2023-01-24 20:20:25'),(7146,'2023-01-24 20:20:25','2023-01-24 20:20:25'),(7147,'2023-01-24 20:20:26','2023-01-24 20:20:26'),(7148,'2023-01-24 20:20:27','2023-01-24 20:20:27'),(7149,'2023-01-24 20:20:27','2023-01-24 20:20:27'),(7150,'2023-01-24 20:22:03','2023-01-24 20:22:03'),(7151,'2023-01-24 20:22:04','2023-01-24 20:22:04'),(7152,'2023-01-24 20:22:05','2023-01-24 20:22:05'),(7153,'2023-01-24 20:22:06','2023-01-24 20:22:06'),(7154,'2023-01-24 20:22:06','2023-01-24 20:22:06'),(7155,'2023-01-24 20:22:32','2023-01-24 20:22:32'),(7156,'2023-01-24 20:22:33','2023-01-24 20:22:33'),(7157,'2023-01-24 20:22:33','2023-01-24 20:22:33'),(7158,'2023-01-24 20:23:27','2023-01-24 20:23:27'),(7159,'2023-01-24 20:23:28','2023-01-24 20:23:28'),(7160,'2023-01-24 20:23:28','2023-01-24 20:23:28'),(7161,'2023-01-24 20:24:20','2023-01-24 20:24:20'),(7162,'2023-01-24 20:24:21','2023-01-24 20:24:21'),(7163,'2023-01-24 20:24:21','2023-01-24 20:24:21'),(7164,'2023-01-24 20:45:53','2023-01-24 20:45:53'),(7165,'2023-01-24 20:45:54','2023-01-24 20:45:54'),(7166,'2023-01-24 20:45:55','2023-01-24 20:45:55'),(7167,'2023-01-24 20:46:13','2023-01-24 20:46:13'),(7168,'2023-01-24 20:46:13','2023-01-24 20:46:13'),(7169,'2023-01-24 21:02:37','2023-01-24 21:02:37'),(7170,'2023-01-24 21:02:37','2023-01-24 21:02:37'),(7171,'2023-01-24 21:02:38','2023-01-24 21:02:38'),(7172,'2023-01-24 21:02:57','2023-01-24 21:02:57'),(7173,'2023-01-24 21:02:58','2023-01-24 21:02:58'),(7174,'2023-01-24 21:02:58','2023-01-24 21:02:58'),(7175,'2023-01-24 21:03:05','2023-01-24 21:03:05'),(7176,'2023-01-24 21:03:06','2023-01-24 21:03:06'),(7177,'2023-01-24 21:03:32','2023-01-24 21:03:32'),(7178,'2023-01-24 21:03:33','2023-01-24 21:03:33'),(7179,'2023-01-24 21:03:36','2023-01-24 21:03:36'),(7180,'2023-01-24 21:03:37','2023-01-24 21:03:37'),(7181,'2023-01-24 21:03:38','2023-01-24 21:03:38'),(7182,'2023-01-24 21:03:40','2023-01-24 21:03:40'),(7183,'2023-01-24 21:03:41','2023-01-24 21:03:41'),(7184,'2023-01-24 21:03:42','2023-01-24 21:03:42'),(7185,'2023-01-24 21:03:48','2023-01-24 21:03:48'),(7186,'2023-01-24 21:03:48','2023-01-24 21:03:48'),(7187,'2023-01-24 21:03:49','2023-01-24 21:03:49'),(7188,'2023-01-24 21:14:46','2023-01-24 21:14:46'),(7189,'2023-01-24 21:14:46','2023-01-24 21:14:46'),(7190,'2023-01-24 21:14:47','2023-01-24 21:14:47'),(7191,'2023-01-24 21:15:21','2023-01-24 21:15:21'),(7192,'2023-01-24 21:15:22','2023-01-24 21:15:22'),(7193,'2023-01-25 07:09:37','2023-01-25 07:09:37'),(7194,'2023-01-25 07:09:38','2023-01-25 07:09:38'),(7195,'2023-01-25 07:09:49','2023-01-25 07:09:49'),(7196,'2023-01-25 07:09:54','2023-01-25 07:09:54'),(7197,'2023-01-25 07:43:46','2023-01-25 07:43:46'),(7198,'2023-01-25 07:43:46','2023-01-25 07:43:46'),(7199,'2023-01-25 07:43:47','2023-01-25 07:43:47'),(7200,'2023-01-25 07:44:01','2023-01-25 07:44:01'),(7201,'2023-01-25 07:44:02','2023-01-25 07:44:02'),(7202,'2023-01-25 07:45:41','2023-01-25 07:45:41'),(7203,'2023-01-25 07:45:42','2023-01-25 07:45:42'),(7204,'2023-01-25 07:45:42','2023-01-25 07:45:42'),(7205,'2023-01-25 07:46:09','2023-01-25 07:46:09'),(7206,'2023-01-25 07:46:10','2023-01-25 07:46:10'),(7207,'2023-01-25 09:56:54','2023-01-25 09:56:54'),(7208,'2023-01-25 09:56:55','2023-01-25 09:56:55'),(7209,'2023-01-25 09:56:56','2023-01-25 09:56:56'),(7210,'2023-01-25 12:57:18','2023-01-25 12:57:18'),(7211,'2023-01-25 12:57:19','2023-01-25 12:57:19'),(7212,'2023-01-25 13:00:07','2023-01-25 13:00:07'),(7213,'2023-01-25 13:00:07','2023-01-25 13:00:07'),(7214,'2023-01-25 13:00:08','2023-01-25 13:00:08'),(7215,'2023-01-25 13:01:18','2023-01-25 13:01:18'),(7216,'2023-01-25 13:01:19','2023-01-25 13:01:19'),(7217,'2023-01-25 15:04:40','2023-01-25 15:04:40'),(7218,'2023-01-25 15:04:41','2023-01-25 15:04:41'),(7219,'2023-01-25 15:04:41','2023-01-25 15:04:41'),(7220,'2023-01-25 16:09:38','2023-01-25 16:09:38'),(7221,'2023-01-25 16:09:38','2023-01-25 16:09:38'),(7222,'2023-01-25 16:09:39','2023-01-25 16:09:39'),(7223,'2023-01-25 16:16:26','2023-01-25 16:16:26'),(7224,'2023-01-25 16:16:27','2023-01-25 16:16:27'),(7225,'2023-01-25 16:16:27','2023-01-25 16:16:27'),(7226,'2023-01-25 16:18:13','2023-01-25 16:18:13'),(7227,'2023-01-25 16:18:13','2023-01-25 16:18:13'),(7228,'2023-01-25 16:18:40','2023-01-25 16:18:40'),(7229,'2023-01-25 16:18:41','2023-01-25 16:18:41'),(7230,'2023-01-25 16:18:42','2023-01-25 16:18:42'),(7231,'2023-01-25 16:18:48','2023-01-25 16:18:48'),(7232,'2023-01-25 16:18:56','2023-01-25 16:18:56'),(7233,'2023-01-25 16:18:57','2023-01-25 16:18:57'),(7234,'2023-01-25 16:18:57','2023-01-25 16:18:57'),(7235,'2023-01-25 16:19:05','2023-01-25 16:19:05'),(7236,'2023-01-25 16:19:06','2023-01-25 16:19:06'),(7237,'2023-01-25 16:19:13','2023-01-25 16:19:13'),(7238,'2023-01-25 16:19:14','2023-01-25 16:19:14'),(7239,'2023-01-25 16:19:14','2023-01-25 16:19:14'),(7240,'2023-01-25 16:19:19','2023-01-25 16:19:19'),(7241,'2023-01-25 16:19:19','2023-01-25 16:19:19'),(7242,'2023-01-25 16:19:37','2023-01-25 16:19:37'),(7243,'2023-01-25 16:19:37','2023-01-25 16:19:37'),(7244,'2023-01-25 16:19:48','2023-01-25 16:19:48'),(7245,'2023-01-25 16:19:49','2023-01-25 16:19:49'),(7246,'2023-01-25 16:19:50','2023-01-25 16:19:50'),(7247,'2023-01-25 16:21:59','2023-01-25 16:21:59'),(7248,'2023-01-25 16:21:59','2023-01-25 16:21:59'),(7249,'2023-01-25 16:22:00','2023-01-25 16:22:00'),(7250,'2023-01-25 16:22:05','2023-01-25 16:22:05'),(7251,'2023-01-25 16:22:09','2023-01-25 16:22:09'),(7252,'2023-01-25 16:22:09','2023-01-25 16:22:09'),(7253,'2023-01-25 16:28:23','2023-01-25 16:28:23'),(7254,'2023-01-25 16:28:24','2023-01-25 16:28:24'),(7255,'2023-01-25 16:28:25','2023-01-25 16:28:25'),(7256,'2023-01-25 16:29:13','2023-01-25 16:29:13'),(7257,'2023-01-25 16:29:13','2023-01-25 16:29:13'),(7258,'2023-01-25 16:29:14','2023-01-25 16:29:14'),(7259,'2023-01-28 13:23:38','2023-01-28 13:23:38'),(7260,'2023-01-28 13:23:39','2023-01-28 13:23:39'),(7261,'2023-01-28 13:23:40','2023-01-28 13:23:40'),(7262,'2023-01-30 08:33:21','2023-01-30 08:33:21'),(7263,'2023-01-30 08:33:21','2023-01-30 08:33:21'),(7264,'2023-01-30 08:33:22','2023-01-30 08:33:22'),(7265,'2023-01-30 10:15:32','2023-01-30 10:15:32'),(7266,'2023-01-30 10:15:33','2023-01-30 10:15:33'),(7267,'2023-01-30 10:15:33','2023-01-30 10:15:33'),(7268,'2023-01-30 11:04:50','2023-01-30 11:04:50'),(7269,'2023-01-30 11:04:50','2023-01-30 11:04:50'),(7270,'2023-01-30 11:04:51','2023-01-30 11:04:51'),(7271,'2023-01-30 11:05:25','2023-01-30 11:05:25'),(7272,'2023-01-30 11:05:26','2023-01-30 11:05:26'),(7273,'2023-01-30 11:05:26','2023-01-30 11:05:26'),(7274,'2023-01-30 11:09:30','2023-01-30 11:09:30'),(7275,'2023-01-30 11:09:30','2023-01-30 11:09:30'),(7276,'2023-01-30 11:09:31','2023-01-30 11:09:31'),(7277,'2023-01-30 11:11:37','2023-01-30 11:11:37'),(7278,'2023-01-30 11:11:38','2023-01-30 11:11:38'),(7279,'2023-01-30 11:11:38','2023-01-30 11:11:38'),(7280,'2023-01-30 11:11:57','2023-01-30 11:11:57'),(7281,'2023-01-30 11:11:58','2023-01-30 11:11:58'),(7282,'2023-01-30 11:11:59','2023-01-30 11:11:59'),(7283,'2023-01-30 11:12:31','2023-01-30 11:12:31'),(7284,'2023-01-30 11:12:31','2023-01-30 11:12:31'),(7285,'2023-01-30 11:12:32','2023-01-30 11:12:32'),(7286,'2023-01-30 11:13:43','2023-01-30 11:13:43'),(7287,'2023-01-30 11:13:44','2023-01-30 11:13:44'),(7288,'2023-01-30 11:13:44','2023-01-30 11:13:44'),(7289,'2023-01-30 11:14:09','2023-01-30 11:14:09'),(7290,'2023-01-30 11:14:10','2023-01-30 11:14:10'),(7291,'2023-01-30 11:14:11','2023-01-30 11:14:11'),(7292,'2023-01-30 11:36:51','2023-01-30 11:36:51'),(7293,'2023-01-30 11:36:52','2023-01-30 11:36:52'),(7294,'2023-01-30 11:36:52','2023-01-30 11:36:52'),(7295,'2023-01-30 11:37:01','2023-01-30 11:37:01'),(7296,'2023-01-30 11:37:01','2023-01-30 11:37:01'),(7297,'2023-01-30 11:56:22','2023-01-30 11:56:22'),(7298,'2023-01-30 11:56:22','2023-01-30 11:56:22'),(7299,'2023-01-30 11:56:23','2023-01-30 11:56:23'),(7300,'2023-01-30 12:00:22','2023-01-30 12:00:22'),(7301,'2023-01-30 12:00:23','2023-01-30 12:00:23'),(7302,'2023-01-30 12:00:24','2023-01-30 12:00:24'),(7303,'2023-01-30 12:01:40','2023-01-30 12:01:40'),(7304,'2023-01-30 12:01:41','2023-01-30 12:01:41'),(7305,'2023-01-30 12:01:42','2023-01-30 12:01:42'),(7306,'2023-01-30 12:03:44','2023-01-30 12:03:44'),(7307,'2023-01-30 12:03:45','2023-01-30 12:03:45'),(7308,'2023-01-30 12:03:45','2023-01-30 12:03:45'),(7309,'2023-01-30 12:08:23','2023-01-30 12:08:23'),(7310,'2023-01-30 12:08:24','2023-01-30 12:08:24'),(7311,'2023-01-30 12:08:24','2023-01-30 12:08:24'),(7312,'2023-01-30 12:08:49','2023-01-30 12:08:49'),(7313,'2023-01-30 12:08:50','2023-01-30 12:08:50'),(7314,'2023-01-30 12:08:50','2023-01-30 12:08:50'),(7315,'2023-01-30 12:09:02','2023-01-30 12:09:02'),(7316,'2023-01-30 12:09:03','2023-01-30 12:09:03'),(7317,'2023-01-30 12:09:03','2023-01-30 12:09:03'),(7318,'2023-01-30 12:09:25','2023-01-30 12:09:25'),(7319,'2023-01-30 12:09:25','2023-01-30 12:09:25'),(7320,'2023-01-30 12:09:34','2023-01-30 12:09:34'),(7321,'2023-01-30 12:09:35','2023-01-30 12:09:35'),(7322,'2023-01-30 12:10:27','2023-01-30 12:10:27'),(7323,'2023-01-30 12:10:28','2023-01-30 12:10:28'),(7324,'2023-01-30 12:10:42','2023-01-30 12:10:42'),(7325,'2023-01-30 12:10:43','2023-01-30 12:10:43'),(7326,'2023-01-30 12:10:43','2023-01-30 12:10:43'),(7327,'2023-01-30 12:10:50','2023-01-30 12:10:50'),(7328,'2023-01-30 12:10:51','2023-01-30 12:10:51'),(7329,'2023-01-30 12:10:52','2023-01-30 12:10:52'),(7330,'2023-01-30 12:13:55','2023-01-30 12:13:55'),(7331,'2023-01-30 12:13:56','2023-01-30 12:13:56'),(7332,'2023-01-30 12:13:57','2023-01-30 12:13:57'),(7333,'2023-01-30 12:14:09','2023-01-30 12:14:09'),(7334,'2023-01-30 12:14:09','2023-01-30 12:14:09'),(7335,'2023-01-30 12:14:10','2023-01-30 12:14:10'),(7336,'2023-01-30 12:14:16','2023-01-30 12:14:16'),(7337,'2023-01-30 12:14:17','2023-01-30 12:14:17'),(7338,'2023-01-30 12:14:50','2023-01-30 12:14:50'),(7339,'2023-01-30 12:14:50','2023-01-30 12:14:50'),(7340,'2023-01-30 15:21:52','2023-01-30 15:21:52'),(7341,'2023-01-30 15:21:53','2023-01-30 15:21:53'),(7342,'2023-01-30 15:21:53','2023-01-30 15:21:53'),(7343,'2023-01-30 15:31:39','2023-01-30 15:31:39'),(7344,'2023-01-30 15:31:39','2023-01-30 15:31:39'),(7345,'2023-01-30 15:31:40','2023-01-30 15:31:40'),(7346,'2023-01-30 15:32:26','2023-01-30 15:32:26'),(7347,'2023-01-30 15:32:26','2023-01-30 15:32:26'),(7348,'2023-01-30 15:32:47','2023-01-30 15:32:47'),(7349,'2023-01-30 15:32:48','2023-01-30 15:32:48'),(7350,'2023-01-30 15:32:49','2023-01-30 15:32:49'),(7351,'2023-01-30 15:57:16','2023-01-30 15:57:16'),(7352,'2023-01-30 15:57:17','2023-01-30 15:57:17'),(7353,'2023-01-30 15:57:17','2023-01-30 15:57:17'),(7354,'2023-01-30 16:00:00','2023-01-30 16:00:00'),(7355,'2023-01-30 16:00:00','2023-01-30 16:00:00'),(7356,'2023-01-30 16:00:01','2023-01-30 16:00:01'),(7357,'2023-01-30 16:06:50','2023-01-30 16:06:50'),(7358,'2023-01-30 16:06:51','2023-01-30 16:06:51'),(7359,'2023-01-30 16:06:52','2023-01-30 16:06:52'),(7360,'2023-01-30 16:09:45','2023-01-30 16:09:45'),(7361,'2023-01-30 16:09:46','2023-01-30 16:09:46'),(7362,'2023-01-30 16:09:46','2023-01-30 16:09:46'),(7363,'2023-01-30 16:26:16','2023-01-30 16:26:16'),(7364,'2023-01-30 16:26:16','2023-01-30 16:26:16'),(7365,'2023-01-30 16:26:17','2023-01-30 16:26:17'),(7366,'2023-01-30 16:27:48','2023-01-30 16:27:48'),(7367,'2023-01-30 16:27:49','2023-01-30 16:27:49'),(7368,'2023-01-30 16:27:49','2023-01-30 16:27:49'),(7369,'2023-01-30 16:29:20','2023-01-30 16:29:20'),(7370,'2023-01-30 16:29:20','2023-01-30 16:29:20'),(7371,'2023-01-30 16:29:21','2023-01-30 16:29:21'),(7372,'2023-01-30 16:44:06','2023-01-30 16:44:06'),(7373,'2023-01-30 16:44:07','2023-01-30 16:44:07'),(7374,'2023-01-30 16:44:07','2023-01-30 16:44:07'),(7375,'2023-01-30 16:44:28','2023-01-30 16:44:28'),(7376,'2023-01-30 16:44:28','2023-01-30 16:44:28'),(7377,'2023-01-30 16:44:54','2023-01-30 16:44:54'),(7378,'2023-01-30 16:44:54','2023-01-30 16:44:54'),(7379,'2023-01-30 16:44:55','2023-01-30 16:44:55'),(7380,'2023-01-30 16:46:46','2023-01-30 16:46:46'),(7381,'2023-01-30 16:46:46','2023-01-30 16:46:46'),(7382,'2023-01-30 16:46:47','2023-01-30 16:46:47'),(7383,'2023-01-30 16:48:20','2023-01-30 16:48:20'),(7384,'2023-01-30 16:48:21','2023-01-30 16:48:21'),(7385,'2023-01-30 16:48:22','2023-01-30 16:48:22'),(7386,'2023-01-30 16:50:06','2023-01-30 16:50:06'),(7387,'2023-01-30 16:50:06','2023-01-30 16:50:06'),(7388,'2023-01-30 16:50:07','2023-01-30 16:50:07'),(7389,'2023-01-30 16:51:51','2023-01-30 16:51:51'),(7390,'2023-01-30 16:51:52','2023-01-30 16:51:52'),(7391,'2023-01-30 16:51:53','2023-01-30 16:51:53'),(7392,'2023-01-30 16:52:54','2023-01-30 16:52:54'),(7393,'2023-01-30 16:52:55','2023-01-30 16:52:55'),(7394,'2023-01-30 16:52:56','2023-01-30 16:52:56'),(7395,'2023-01-30 16:53:32','2023-01-30 16:53:32'),(7396,'2023-01-30 16:53:32','2023-01-30 16:53:32'),(7397,'2023-01-30 16:53:36','2023-01-30 16:53:36'),(7398,'2023-01-30 16:53:37','2023-01-30 16:53:37'),(7399,'2023-01-30 16:53:38','2023-01-30 16:53:38'),(7400,'2023-01-30 16:55:09','2023-01-30 16:55:09'),(7401,'2023-01-30 16:55:10','2023-01-30 16:55:10'),(7402,'2023-01-30 16:55:11','2023-01-30 16:55:11'),(7403,'2023-01-30 16:56:26','2023-01-30 16:56:26'),(7404,'2023-01-30 16:56:27','2023-01-30 16:56:27'),(7405,'2023-01-30 16:56:27','2023-01-30 16:56:27'),(7406,'2023-01-30 16:56:51','2023-01-30 16:56:51'),(7407,'2023-01-30 16:56:51','2023-01-30 16:56:51'),(7408,'2023-01-30 16:56:58','2023-01-30 16:56:58'),(7409,'2023-01-30 16:56:59','2023-01-30 16:56:59'),(7410,'2023-01-30 16:56:59','2023-01-30 16:56:59'),(7411,'2023-01-30 16:57:03','2023-01-30 16:57:03'),(7412,'2023-01-30 16:57:04','2023-01-30 16:57:04'),(7413,'2023-01-30 16:58:03','2023-01-30 16:58:03'),(7414,'2023-01-30 16:58:03','2023-01-30 16:58:03'),(7415,'2023-01-30 16:58:47','2023-01-30 16:58:47'),(7416,'2023-01-30 16:58:48','2023-01-30 16:58:48'),(7417,'2023-01-30 16:58:51','2023-01-30 16:58:51'),(7418,'2023-01-30 16:58:57','2023-01-30 16:58:57'),(7419,'2023-01-30 16:59:52','2023-01-30 16:59:52'),(7420,'2023-01-30 16:59:53','2023-01-30 16:59:53'),(7421,'2023-01-30 17:10:42','2023-01-30 17:10:42'),(7422,'2023-01-30 17:10:42','2023-01-30 17:10:42'),(7423,'2023-01-30 17:10:43','2023-01-30 17:10:43'),(7424,'2023-01-30 17:11:11','2023-01-30 17:11:11'),(7425,'2023-01-30 17:11:12','2023-01-30 17:11:12'),(7426,'2023-01-30 17:11:13','2023-01-30 17:11:13'),(7427,'2023-01-30 17:11:13','2023-01-30 17:11:13'),(7428,'2023-01-30 17:11:14','2023-01-30 17:11:14'),(7429,'2023-01-30 17:14:15','2023-01-30 17:14:15'),(7430,'2023-01-30 17:14:16','2023-01-30 17:14:16'),(7431,'2023-01-30 17:14:16','2023-01-30 17:14:16'),(7432,'2023-01-30 17:14:33','2023-01-30 17:14:33'),(7433,'2023-01-30 17:14:33','2023-01-30 17:14:33'),(7434,'2023-01-30 17:31:31','2023-01-30 17:31:31'),(7435,'2023-01-30 17:31:32','2023-01-30 17:31:32'),(7436,'2023-01-30 17:31:32','2023-01-30 17:31:32'),(7437,'2023-01-30 17:38:29','2023-01-30 17:38:29'),(7438,'2023-01-30 17:38:30','2023-01-30 17:38:30'),(7439,'2023-01-30 17:38:30','2023-01-30 17:38:30'),(7440,'2023-01-30 17:38:31','2023-01-30 17:38:31'),(7441,'2023-01-30 17:38:32','2023-01-30 17:38:32'),(7442,'2023-01-30 17:48:26','2023-01-30 17:48:26'),(7443,'2023-01-30 17:48:26','2023-01-30 17:48:26'),(7444,'2023-01-30 17:48:27','2023-01-30 17:48:27'),(7445,'2023-01-30 17:48:28','2023-01-30 17:48:28'),(7446,'2023-01-30 17:48:28','2023-01-30 17:48:28'),(7447,'2023-01-30 17:50:25','2023-01-30 17:50:25'),(7448,'2023-01-30 17:50:26','2023-01-30 17:50:26'),(7449,'2023-01-30 17:50:26','2023-01-30 17:50:26'),(7450,'2023-01-30 17:50:27','2023-01-30 17:50:27'),(7451,'2023-01-30 17:50:28','2023-01-30 17:50:28'),(7452,'2023-01-30 18:02:44','2023-01-30 18:02:44'),(7453,'2023-01-30 18:02:45','2023-01-30 18:02:45'),(7454,'2023-01-30 18:02:45','2023-01-30 18:02:45'),(7455,'2023-01-30 18:05:41','2023-01-30 18:05:41'),(7456,'2023-01-30 18:05:42','2023-01-30 18:05:42'),(7457,'2023-01-30 18:05:44','2023-01-30 18:05:44'),(7458,'2023-01-30 20:28:25','2023-01-30 20:28:25'),(7459,'2023-01-30 20:28:25','2023-01-30 20:28:25'),(7460,'2023-01-30 20:28:26','2023-01-30 20:28:26'),(7461,'2023-01-30 20:36:37','2023-01-30 20:36:37'),(7462,'2023-01-30 20:36:38','2023-01-30 20:36:38'),(7463,'2023-01-30 20:36:39','2023-01-30 20:36:39'),(7464,'2023-01-30 20:46:10','2023-01-30 20:46:10'),(7465,'2023-01-30 20:46:11','2023-01-30 20:46:11'),(7466,'2023-01-30 20:46:12','2023-01-30 20:46:12'),(7467,'2023-01-30 20:55:35','2023-01-30 20:55:35'),(7468,'2023-01-30 20:55:36','2023-01-30 20:55:36'),(7469,'2023-01-30 20:55:37','2023-01-30 20:55:37'),(7470,'2023-01-30 20:56:39','2023-01-30 20:56:39'),(7471,'2023-01-30 20:56:39','2023-01-30 20:56:39'),(7472,'2023-01-30 20:56:40','2023-01-30 20:56:40'),(7473,'2023-01-30 21:14:37','2023-01-30 21:14:37'),(7474,'2023-01-30 21:14:37','2023-01-30 21:14:37'),(7475,'2023-01-30 21:14:38','2023-01-30 21:14:38'),(7476,'2023-01-30 21:42:44','2023-01-30 21:42:44'),(7477,'2023-01-30 21:42:44','2023-01-30 21:42:44'),(7478,'2023-01-30 21:42:45','2023-01-30 21:42:45'),(7479,'2023-01-30 21:44:52','2023-01-30 21:44:52'),(7480,'2023-01-30 21:44:53','2023-01-30 21:44:53'),(7481,'2023-01-30 21:44:53','2023-01-30 21:44:53'),(7482,'2023-01-30 23:41:29','2023-01-30 23:41:29'),(7483,'2023-01-30 23:41:29','2023-01-30 23:41:29'),(7484,'2023-01-30 23:41:30','2023-01-30 23:41:30'),(7485,'2023-01-30 23:46:57','2023-01-30 23:46:57'),(7486,'2023-01-30 23:46:57','2023-01-30 23:46:57'),(7487,'2023-01-30 23:46:58','2023-01-30 23:46:58'),(7488,'2023-01-30 23:50:20','2023-01-30 23:50:20'),(7489,'2023-01-30 23:50:20','2023-01-30 23:50:20'),(7490,'2023-01-30 23:50:21','2023-01-30 23:50:21'),(7491,'2023-01-30 23:50:28','2023-01-30 23:50:28'),(7492,'2023-01-30 23:50:29','2023-01-30 23:50:29'),(7493,'2023-01-31 00:25:32','2023-01-31 00:25:32'),(7494,'2023-01-31 00:30:27','2023-01-31 00:30:27'),(7495,'2023-01-31 00:35:51','2023-01-31 00:35:51'),(7496,'2023-01-31 00:35:51','2023-01-31 00:35:51'),(7497,'2023-01-31 00:35:52','2023-01-31 00:35:52'),(7498,'2023-01-31 00:42:08','2023-01-31 00:42:08'),(7499,'2023-01-31 00:42:08','2023-01-31 00:42:08'),(7500,'2023-01-31 00:42:57','2023-01-31 00:42:57'),(7501,'2023-01-31 00:42:58','2023-01-31 00:42:58'),(7502,'2023-01-31 00:43:33','2023-01-31 00:43:33'),(7503,'2023-01-31 00:43:33','2023-01-31 00:43:33'),(7504,'2023-01-31 00:43:34','2023-01-31 00:43:34'),(7505,'2023-01-31 00:43:39','2023-01-31 00:43:39'),(7506,'2023-01-31 00:43:40','2023-01-31 00:43:40'),(7507,'2023-01-31 00:43:40','2023-01-31 00:43:40'),(7508,'2023-01-31 00:44:20','2023-01-31 00:44:20'),(7509,'2023-01-31 00:44:21','2023-01-31 00:44:21'),(7510,'2023-01-31 00:44:22','2023-01-31 00:44:22'),(7511,'2023-01-31 00:46:14','2023-01-31 00:46:14'),(7512,'2023-01-31 00:46:14','2023-01-31 00:46:14'),(7513,'2023-01-31 00:46:15','2023-01-31 00:46:15'),(7514,'2023-01-31 00:47:03','2023-01-31 00:47:03'),(7515,'2023-01-31 00:47:04','2023-01-31 00:47:04'),(7516,'2023-01-31 00:47:05','2023-01-31 00:47:05'),(7517,'2023-01-31 00:50:22','2023-01-31 00:50:22'),(7518,'2023-01-31 00:50:22','2023-01-31 00:50:22'),(7519,'2023-01-31 00:50:23','2023-01-31 00:50:23'),(7520,'2023-01-31 00:51:22','2023-01-31 00:51:22'),(7521,'2023-01-31 00:51:22','2023-01-31 00:51:22'),(7522,'2023-01-31 00:51:26','2023-01-31 00:51:26'),(7523,'2023-01-31 00:51:27','2023-01-31 00:51:27'),(7524,'2023-01-31 00:51:27','2023-01-31 00:51:27'),(7525,'2023-01-31 00:53:19','2023-01-31 00:53:19'),(7526,'2023-01-31 00:53:19','2023-01-31 00:53:19'),(7527,'2023-01-31 00:53:20','2023-01-31 00:53:20'),(7528,'2023-01-31 00:54:48','2023-01-31 00:54:48'),(7529,'2023-01-31 00:54:49','2023-01-31 00:54:49'),(7530,'2023-01-31 00:54:50','2023-01-31 00:54:50'),(7531,'2023-01-31 00:54:51','2023-01-31 00:54:51'),(7532,'2023-01-31 00:54:51','2023-01-31 00:54:51'),(7533,'2023-01-31 00:55:38','2023-01-31 00:55:38'),(7534,'2023-01-31 00:55:39','2023-01-31 00:55:39'),(7535,'2023-01-31 00:55:39','2023-01-31 00:55:39'),(7536,'2023-01-31 00:56:01','2023-01-31 00:56:01'),(7537,'2023-01-31 00:56:02','2023-01-31 00:56:02'),(7538,'2023-01-31 00:56:02','2023-01-31 00:56:02'),(7539,'2023-01-31 00:56:51','2023-01-31 00:56:51'),(7540,'2023-01-31 00:56:52','2023-01-31 00:56:52'),(7541,'2023-01-31 01:38:33','2023-01-31 01:38:33'),(7542,'2023-01-31 01:38:34','2023-01-31 01:38:34'),(7543,'2023-01-31 01:38:35','2023-01-31 01:38:35'),(7544,'2023-01-31 01:42:34','2023-01-31 01:42:34'),(7545,'2023-01-31 01:42:34','2023-01-31 01:42:34'),(7546,'2023-01-31 01:42:41','2023-01-31 01:42:41'),(7547,'2023-01-31 01:42:42','2023-01-31 01:42:42'),(7548,'2023-01-31 01:42:43','2023-01-31 01:42:43'),(7549,'2023-01-31 09:25:21','2023-01-31 09:25:21'),(7550,'2023-01-31 09:25:22','2023-01-31 09:25:22'),(7551,'2023-01-31 09:25:23','2023-01-31 09:25:23'),(7552,'2023-01-31 09:36:35','2023-01-31 09:36:35'),(7553,'2023-01-31 09:36:36','2023-01-31 09:36:36'),(7554,'2023-01-31 09:36:36','2023-01-31 09:36:36'),(7555,'2023-01-31 13:57:35','2023-01-31 13:57:35'),(7556,'2023-01-31 13:57:36','2023-01-31 13:57:36'),(7557,'2023-01-31 13:57:36','2023-01-31 13:57:36'),(7558,'2023-01-31 14:13:29','2023-01-31 14:13:29'),(7559,'2023-01-31 14:13:29','2023-01-31 14:13:29'),(7560,'2023-01-31 14:13:30','2023-01-31 14:13:30'),(7561,'2023-01-31 14:29:31','2023-01-31 14:29:31'),(7562,'2023-01-31 14:29:32','2023-01-31 14:29:32'),(7563,'2023-01-31 14:29:32','2023-01-31 14:29:32'),(7564,'2023-01-31 17:46:35','2023-01-31 17:46:35'),(7565,'2023-01-31 17:46:36','2023-01-31 17:46:36'),(7566,'2023-01-31 17:46:36','2023-01-31 17:46:36'),(7567,'2023-01-31 17:46:45','2023-01-31 17:46:45'),(7568,'2023-01-31 17:46:46','2023-01-31 17:46:46'),(7569,'2023-01-31 17:46:46','2023-01-31 17:46:46'),(7570,'2023-01-31 17:46:53','2023-01-31 17:46:53'),(7571,'2023-01-31 17:46:53','2023-01-31 17:46:53'),(7572,'2023-01-31 17:47:05','2023-01-31 17:47:05'),(7573,'2023-01-31 17:47:06','2023-01-31 17:47:06'),(7574,'2023-01-31 17:47:07','2023-01-31 17:47:07'),(7575,'2023-01-31 18:24:08','2023-01-31 18:24:08'),(7576,'2023-01-31 18:24:08','2023-01-31 18:24:08'),(7577,'2023-01-31 18:24:09','2023-01-31 18:24:09'),(7578,'2023-01-31 18:25:10','2023-01-31 18:25:10'),(7579,'2023-01-31 18:25:10','2023-01-31 18:25:10'),(7580,'2023-01-31 18:25:11','2023-01-31 18:25:11'),(7581,'2023-01-31 18:25:30','2023-01-31 18:25:30'),(7582,'2023-01-31 18:25:31','2023-01-31 18:25:31'),(7583,'2023-01-31 18:25:31','2023-01-31 18:25:31'),(7584,'2023-01-31 18:25:54','2023-01-31 18:25:54'),(7585,'2023-01-31 18:25:54','2023-01-31 18:25:54'),(7586,'2023-01-31 18:25:55','2023-01-31 18:25:55'),(7587,'2023-01-31 18:26:57','2023-01-31 18:26:57'),(7588,'2023-01-31 18:26:58','2023-01-31 18:26:58'),(7589,'2023-01-31 18:26:58','2023-01-31 18:26:58'),(7590,'2023-01-31 18:26:59','2023-01-31 18:26:59'),(7591,'2023-01-31 18:27:00','2023-01-31 18:27:00'),(7592,'2023-01-31 18:27:16','2023-01-31 18:27:16'),(7593,'2023-01-31 18:27:16','2023-01-31 18:27:16'),(7594,'2023-01-31 18:27:17','2023-01-31 18:27:17'),(7595,'2023-02-02 13:32:48','2023-02-02 13:32:48'),(7596,'2023-02-02 13:32:49','2023-02-02 13:32:49'),(7597,'2023-02-02 13:32:49','2023-02-02 13:32:49'),(7598,'2023-02-02 13:33:06','2023-02-02 13:33:06'),(7599,'2023-02-02 13:33:07','2023-02-02 13:33:07'),(7600,'2023-02-02 13:33:08','2023-02-02 13:33:08'),(7601,'2023-02-03 14:16:27','2023-02-03 14:16:27'),(7602,'2023-02-03 14:16:41','2023-02-03 14:16:41'),(7603,'2023-02-03 14:20:54','2023-02-03 14:20:54'),(7604,'2023-02-03 14:25:29','2023-02-03 14:25:29'),(7605,'2023-02-03 14:26:26','2023-02-03 14:26:26'),(7606,'2023-02-03 14:30:42','2023-02-03 14:30:42'),(7607,'2023-02-03 14:35:28','2023-02-03 14:35:28'),(7608,'2023-02-03 14:37:12','2023-02-03 14:37:12'),(7609,'2023-02-03 14:39:05','2023-02-03 14:39:05'),(7610,'2023-02-03 15:00:29','2023-02-03 15:00:29'),(7611,'2023-02-03 15:00:29','2023-02-03 15:00:29'),(7612,'2023-02-03 15:01:55','2023-02-03 15:01:55'),(7613,'2023-02-03 15:01:56','2023-02-03 15:01:56'),(7614,'2023-02-03 15:10:48','2023-02-03 15:10:48'),(7615,'2023-02-03 15:10:49','2023-02-03 15:10:49'),(7616,'2023-02-03 15:20:07','2023-02-03 15:20:07'),(7617,'2023-02-03 15:20:07','2023-02-03 15:20:07'),(7618,'2023-02-03 15:20:08','2023-02-03 15:20:08'),(7619,'2023-02-05 10:09:49','2023-02-05 10:09:49'),(7620,'2023-02-05 10:13:19','2023-02-05 10:13:19'),(7621,'2023-02-05 10:49:42','2023-02-05 10:49:42'),(7622,'2023-02-05 10:58:08','2023-02-05 10:58:08'),(7623,'2023-02-05 12:31:54','2023-02-05 12:31:54'),(7624,'2023-02-05 12:39:19','2023-02-05 12:39:19'),(7625,'2023-02-05 12:40:28','2023-02-05 12:40:28'),(7626,'2023-02-05 19:33:45','2023-02-05 19:33:45'),(7627,'2023-02-05 19:34:10','2023-02-05 19:34:10'),(7628,'2023-02-05 19:34:11','2023-02-05 19:34:11'),(7629,'2023-02-05 19:35:16','2023-02-05 19:35:16'),(7630,'2023-02-05 19:35:17','2023-02-05 19:35:17'),(7631,'2023-02-05 19:35:18','2023-02-05 19:35:18'),(7632,'2023-02-05 19:35:22','2023-02-05 19:35:22'),(7633,'2023-02-05 19:35:23','2023-02-05 19:35:23'),(7634,'2023-02-05 19:35:56','2023-02-05 19:35:56'),(7635,'2023-02-05 19:35:56','2023-02-05 19:35:56'),(7636,'2023-02-05 19:35:57','2023-02-05 19:35:57'),(7637,'2023-02-05 19:38:21','2023-02-05 19:38:21'),(7638,'2023-02-05 19:38:21','2023-02-05 19:38:21'),(7639,'2023-02-05 19:38:22','2023-02-05 19:38:22'),(7640,'2023-02-05 19:38:36','2023-02-05 19:38:36'),(7641,'2023-02-05 19:38:37','2023-02-05 19:38:37'),(7642,'2023-02-05 19:38:37','2023-02-05 19:38:37'),(7643,'2023-02-05 19:38:53','2023-02-05 19:38:53'),(7644,'2023-02-05 19:38:54','2023-02-05 19:38:54'),(7645,'2023-02-05 19:38:54','2023-02-05 19:38:54'),(7646,'2023-02-05 19:39:39','2023-02-05 19:39:39'),(7647,'2023-02-05 19:39:40','2023-02-05 19:39:40'),(7648,'2023-02-05 19:40:01','2023-02-05 19:40:01'),(7649,'2023-02-05 19:40:02','2023-02-05 19:40:02'),(7650,'2023-02-05 19:40:03','2023-02-05 19:40:03'),(7651,'2023-02-05 19:42:26','2023-02-05 19:42:26'),(7652,'2023-02-05 20:05:26','2023-02-05 20:05:26'),(7653,'2023-02-05 20:05:27','2023-02-05 20:05:27'),(7654,'2023-02-05 20:05:28','2023-02-05 20:05:28'),(7655,'2023-02-05 20:05:41','2023-02-05 20:05:41'),(7656,'2023-02-05 20:05:42','2023-02-05 20:05:42'),(7657,'2023-02-05 20:05:42','2023-02-05 20:05:42'),(7658,'2023-02-05 20:06:03','2023-02-05 20:06:03'),(7659,'2023-02-05 20:06:40','2023-02-05 20:06:40'),(7660,'2023-02-05 20:06:41','2023-02-05 20:06:41'),(7661,'2023-02-05 20:07:35','2023-02-05 20:07:35'),(7662,'2023-02-05 20:07:36','2023-02-05 20:07:36'),(7663,'2023-02-05 20:07:36','2023-02-05 20:07:36'),(7664,'2023-02-05 20:08:40','2023-02-05 20:08:40'),(7665,'2023-02-05 20:08:40','2023-02-05 20:08:40'),(7666,'2023-02-05 20:08:51','2023-02-05 20:08:51'),(7667,'2023-02-05 20:08:52','2023-02-05 20:08:52'),(7668,'2023-02-05 20:08:53','2023-02-05 20:08:53'),(7669,'2023-02-05 20:11:21','2023-02-05 20:11:21'),(7670,'2023-02-05 20:11:21','2023-02-05 20:11:21'),(7671,'2023-02-05 20:11:22','2023-02-05 20:11:22'),(7672,'2023-02-05 20:11:58','2023-02-05 20:11:58'),(7673,'2023-02-05 20:11:58','2023-02-05 20:11:58'),(7674,'2023-02-05 20:11:59','2023-02-05 20:11:59'),(7675,'2023-02-05 20:12:36','2023-02-05 20:12:36'),(7676,'2023-02-05 20:12:36','2023-02-05 20:12:36'),(7677,'2023-02-06 10:45:39','2023-02-06 10:45:39'),(7678,'2023-02-07 16:27:43','2023-02-07 16:27:43'),(7679,'2023-02-07 16:27:44','2023-02-07 16:27:44'),(7680,'2023-02-07 16:27:45','2023-02-07 16:27:45'),(7681,'2023-02-09 08:52:44','2023-02-09 08:52:44'),(7682,'2023-02-09 08:52:52','2023-02-09 08:52:52'),(7683,'2023-02-09 08:52:57','2023-02-09 08:52:57'),(7684,'2023-02-09 15:57:22','2023-02-09 15:57:22'),(7685,'2023-02-09 15:57:22','2023-02-09 15:57:22'),(7686,'2023-02-09 15:57:23','2023-02-09 15:57:23'),(7687,'2023-02-09 17:24:06','2023-02-09 17:24:06'),(7688,'2023-02-09 17:24:06','2023-02-09 17:24:06'),(7689,'2023-02-09 17:24:07','2023-02-09 17:24:07'),(7690,'2023-02-09 17:24:37','2023-02-09 17:24:37'),(7691,'2023-02-09 17:24:38','2023-02-09 17:24:38'),(7692,'2023-02-09 17:25:06','2023-02-09 17:25:06'),(7693,'2023-02-09 17:25:06','2023-02-09 17:25:06'),(7694,'2023-02-09 17:25:07','2023-02-09 17:25:07'),(7695,'2023-02-12 19:15:07','2023-02-12 19:15:07'),(7696,'2023-02-12 19:15:08','2023-02-12 19:15:08'),(7697,'2023-02-12 19:15:08','2023-02-12 19:15:08'),(7698,'2023-02-12 19:15:46','2023-02-12 19:15:46'),(7699,'2023-02-12 19:15:47','2023-02-12 19:15:47'),(7700,'2023-02-12 19:15:47','2023-02-12 19:15:47'),(7701,'2023-02-12 19:16:18','2023-02-12 19:16:18'),(7702,'2023-02-12 19:16:19','2023-02-12 19:16:19'),(7703,'2023-02-12 19:16:19','2023-02-12 19:16:19'),(7704,'2023-02-12 19:16:28','2023-02-12 19:16:28'),(7705,'2023-02-12 19:16:29','2023-02-12 19:16:29'),(7706,'2023-02-12 19:16:30','2023-02-12 19:16:30'),(7707,'2023-02-12 19:16:41','2023-02-12 19:16:41'),(7708,'2023-02-12 19:16:41','2023-02-12 19:16:41'),(7709,'2023-02-12 19:16:42','2023-02-12 19:16:42'),(7710,'2023-02-12 19:17:04','2023-02-12 19:17:04'),(7711,'2023-02-12 19:17:04','2023-02-12 19:17:04'),(7712,'2023-02-12 19:17:05','2023-02-12 19:17:05'),(7713,'2023-02-12 19:17:42','2023-02-12 19:17:42'),(7714,'2023-02-12 19:17:43','2023-02-12 19:17:43'),(7715,'2023-02-12 19:17:44','2023-02-12 19:17:44'),(7716,'2023-02-12 19:17:55','2023-02-12 19:17:55'),(7717,'2023-02-12 19:17:56','2023-02-12 19:17:56'),(7718,'2023-02-12 19:17:56','2023-02-12 19:17:56'),(7719,'2023-02-12 19:18:05','2023-02-12 19:18:05'),(7720,'2023-02-12 19:18:05','2023-02-12 19:18:05'),(7721,'2023-02-12 19:18:06','2023-02-12 19:18:06'),(7722,'2023-02-12 19:18:35','2023-02-12 19:18:35'),(7723,'2023-02-12 19:18:36','2023-02-12 19:18:36'),(7724,'2023-02-12 19:18:36','2023-02-12 19:18:36'),(7725,'2023-02-12 19:18:59','2023-02-12 19:18:59'),(7726,'2023-02-12 19:18:59','2023-02-12 19:18:59'),(7727,'2023-02-12 19:19:00','2023-02-12 19:19:00'),(7728,'2023-02-12 19:19:19','2023-02-12 19:19:19'),(7729,'2023-02-12 19:19:20','2023-02-12 19:19:20'),(7730,'2023-02-12 19:19:20','2023-02-12 19:19:20'),(7731,'2023-02-12 19:56:37','2023-02-12 19:56:37'),(7732,'2023-02-12 19:56:38','2023-02-12 19:56:38'),(7733,'2023-02-12 19:56:39','2023-02-12 19:56:39'),(7734,'2023-02-12 19:59:54','2023-02-12 19:59:54'),(7735,'2023-02-12 19:59:55','2023-02-12 19:59:55'),(7736,'2023-02-12 20:19:39','2023-02-12 20:19:39'),(7737,'2023-02-12 20:19:40','2023-02-12 20:19:40'),(7738,'2023-02-12 20:19:40','2023-02-12 20:19:40'),(7739,'2023-02-12 20:20:20','2023-02-12 20:20:20'),(7740,'2023-02-12 20:20:21','2023-02-12 20:20:21'),(7741,'2023-02-12 20:21:46','2023-02-12 20:21:46'),(7742,'2023-02-12 20:21:53','2023-02-12 20:21:53'),(7743,'2023-02-12 20:22:31','2023-02-12 20:22:31'),(7744,'2023-02-12 20:22:32','2023-02-12 20:22:32'),(7745,'2023-02-12 20:23:49','2023-02-12 20:23:49'),(7746,'2023-02-12 20:23:50','2023-02-12 20:23:50'),(7747,'2023-02-12 20:48:43','2023-02-12 20:48:43'),(7748,'2023-02-12 20:48:44','2023-02-12 20:48:44'),(7749,'2023-02-12 20:48:45','2023-02-12 20:48:45'),(7750,'2023-02-12 20:49:19','2023-02-12 20:49:19'),(7751,'2023-02-12 20:49:20','2023-02-12 20:49:20'),(7752,'2023-02-12 20:51:48','2023-02-12 20:51:48'),(7753,'2023-02-12 20:51:49','2023-02-12 20:51:49'),(7754,'2023-02-12 20:52:33','2023-02-12 20:52:33'),(7755,'2023-02-12 20:52:33','2023-02-12 20:52:33'),(7756,'2023-02-12 20:52:40','2023-02-12 20:52:40'),(7757,'2023-02-12 20:52:40','2023-02-12 20:52:40'),(7758,'2023-02-12 20:52:41','2023-02-12 20:52:41'),(7759,'2023-02-12 21:09:26','2023-02-12 21:09:26'),(7760,'2023-02-12 21:09:26','2023-02-12 21:09:26'),(7761,'2023-02-12 21:13:29','2023-02-12 21:13:29'),(7762,'2023-02-12 21:13:30','2023-02-12 21:13:30'),(7763,'2023-02-12 21:16:10','2023-02-12 21:16:10'),(7764,'2023-02-12 21:16:11','2023-02-12 21:16:11'),(7765,'2023-02-12 21:16:12','2023-02-12 21:16:12'),(7766,'2023-02-14 14:55:12','2023-02-14 14:55:12'),(7767,'2023-02-14 14:55:13','2023-02-14 14:55:13'),(7768,'2023-02-14 14:55:13','2023-02-14 14:55:13'),(7769,'2023-02-14 19:40:48','2023-02-14 19:40:48'),(7770,'2023-02-14 19:40:49','2023-02-14 19:40:49'),(7771,'2023-02-14 19:40:50','2023-02-14 19:40:50'),(7772,'2023-02-14 19:53:09','2023-02-14 19:53:09'),(7773,'2023-02-14 19:53:09','2023-02-14 19:53:09'),(7774,'2023-02-14 19:53:10','2023-02-14 19:53:10'),(7775,'2023-02-14 20:00:45','2023-02-14 20:00:45'),(7776,'2023-02-14 20:01:43','2023-02-14 20:01:43'),(7777,'2023-02-14 20:03:19','2023-02-14 20:03:19'),(7778,'2023-02-14 20:03:26','2023-02-14 20:03:26'),(7779,'2023-02-14 20:03:58','2023-02-14 20:03:58'),(7780,'2023-02-14 20:04:04','2023-02-14 20:04:04'),(7781,'2023-02-14 20:04:07','2023-02-14 20:04:07'),(7782,'2023-02-14 20:04:22','2023-02-14 20:04:22'),(7783,'2023-02-14 20:04:35','2023-02-14 20:04:35'),(7784,'2023-02-15 12:32:46','2023-02-15 12:32:46'),(7785,'2023-02-15 12:32:47','2023-02-15 12:32:47'),(7786,'2023-02-15 12:32:47','2023-02-15 12:32:47'),(7787,'2023-02-15 13:20:39','2023-02-15 13:20:39'),(7788,'2023-02-15 13:20:39','2023-02-15 13:20:39'),(7789,'2023-02-15 13:20:40','2023-02-15 13:20:40'),(7790,'2023-02-15 13:20:57','2023-02-15 13:20:57'),(7791,'2023-02-15 13:20:57','2023-02-15 13:20:57'),(7792,'2023-02-15 13:20:58','2023-02-15 13:20:58'),(7793,'2023-02-15 15:06:59','2023-02-15 15:06:59'),(7794,'2023-02-15 15:11:25','2023-02-15 15:11:25'),(7795,'2023-02-15 15:16:37','2023-02-15 15:16:37'),(7796,'2023-02-15 15:18:58','2023-02-15 15:18:58'),(7797,'2023-02-15 15:19:02','2023-02-15 15:19:02'),(7798,'2023-02-15 15:19:03','2023-02-15 15:19:03'),(7799,'2023-02-15 15:19:03','2023-02-15 15:19:03'),(7800,'2023-02-15 15:19:42','2023-02-15 15:19:42'),(7801,'2023-02-15 15:19:43','2023-02-15 15:19:43'),(7802,'2023-02-15 15:20:02','2023-02-15 15:20:02'),(7803,'2023-02-15 15:20:02','2023-02-15 15:20:02'),(7804,'2023-02-15 15:20:03','2023-02-15 15:20:03'),(7805,'2023-02-15 15:21:32','2023-02-15 15:21:32'),(7806,'2023-02-15 15:21:32','2023-02-15 15:21:32'),(7807,'2023-02-15 15:21:33','2023-02-15 15:21:33'),(7808,'2023-02-15 15:22:02','2023-02-15 15:22:02'),(7809,'2023-02-15 15:22:03','2023-02-15 15:22:03'),(7810,'2023-02-15 15:22:04','2023-02-15 15:22:04'),(7811,'2023-02-15 15:22:41','2023-02-15 15:22:41'),(7812,'2023-02-15 15:22:42','2023-02-15 15:22:42'),(7813,'2023-02-15 15:22:43','2023-02-15 15:22:43'),(7814,'2023-02-15 15:23:14','2023-02-15 15:23:14'),(7815,'2023-02-15 15:23:15','2023-02-15 15:23:15'),(7816,'2023-02-15 15:23:15','2023-02-15 15:23:15'),(7817,'2023-02-15 15:23:26','2023-02-15 15:23:26'),(7818,'2023-02-15 15:23:26','2023-02-15 15:23:26'),(7819,'2023-02-15 15:23:27','2023-02-15 15:23:27'),(7820,'2023-02-15 15:25:51','2023-02-15 15:25:51'),(7821,'2023-02-15 15:25:51','2023-02-15 15:25:51'),(7822,'2023-02-15 15:27:33','2023-02-15 15:27:33'),(7823,'2023-02-15 15:27:34','2023-02-15 15:27:34'),(7824,'2023-02-15 15:27:35','2023-02-15 15:27:35'),(7825,'2023-02-15 16:24:21','2023-02-15 16:24:21'),(7826,'2023-02-15 16:24:22','2023-02-15 16:24:22'),(7827,'2023-02-15 16:24:22','2023-02-15 16:24:22'),(7828,'2023-02-15 17:21:43','2023-02-15 17:21:43'),(7829,'2023-02-15 17:21:51','2023-02-15 17:21:51'),(7830,'2023-02-15 17:58:57','2023-02-15 17:58:57'),(7831,'2023-02-15 17:58:57','2023-02-15 17:58:57'),(7832,'2023-02-15 18:47:12','2023-02-15 18:47:12'),(7833,'2023-02-15 18:47:13','2023-02-15 18:47:13'),(7834,'2023-02-15 18:47:14','2023-02-15 18:47:14'),(7835,'2023-02-15 18:47:28','2023-02-15 18:47:28'),(7836,'2023-02-15 18:47:29','2023-02-15 18:47:29'),(7837,'2023-02-15 18:47:37','2023-02-15 18:47:37'),(7838,'2023-02-15 18:47:37','2023-02-15 18:47:37'),(7839,'2023-02-15 18:47:38','2023-02-15 18:47:38'),(7840,'2023-02-15 18:55:44','2023-02-15 18:55:44'),(7841,'2023-02-15 18:55:47','2023-02-15 18:55:47'),(7842,'2023-02-15 18:55:48','2023-02-15 18:55:48'),(7843,'2023-02-15 18:55:49','2023-02-15 18:55:49'),(7844,'2023-02-15 18:55:59','2023-02-15 18:55:59'),(7845,'2023-02-15 18:56:00','2023-02-15 18:56:00'),(7846,'2023-02-15 18:56:07','2023-02-15 18:56:07'),(7847,'2023-02-15 18:56:08','2023-02-15 18:56:08'),(7848,'2023-02-15 18:56:09','2023-02-15 18:56:09'),(7849,'2023-02-15 18:56:18','2023-02-15 18:56:18'),(7850,'2023-02-15 18:56:19','2023-02-15 18:56:19'),(7851,'2023-02-15 18:56:20','2023-02-15 18:56:20'),(7852,'2023-02-15 18:56:59','2023-02-15 18:56:59'),(7853,'2023-02-15 18:57:00','2023-02-15 18:57:00'),(7854,'2023-02-15 18:57:00','2023-02-15 18:57:00'),(7855,'2023-02-15 18:57:30','2023-02-15 18:57:30'),(7856,'2023-02-15 18:57:31','2023-02-15 18:57:31'),(7857,'2023-02-15 18:57:32','2023-02-15 18:57:32'),(7858,'2023-02-15 18:57:33','2023-02-15 18:57:33'),(7859,'2023-02-15 18:57:33','2023-02-15 18:57:33'),(7860,'2023-02-15 18:57:48','2023-02-15 18:57:48'),(7861,'2023-02-15 18:57:49','2023-02-15 18:57:49'),(7862,'2023-02-15 18:57:50','2023-02-15 18:57:50'),(7863,'2023-02-15 18:58:21','2023-02-15 18:58:21'),(7864,'2023-02-15 18:58:21','2023-02-15 18:58:21'),(7865,'2023-02-15 18:58:22','2023-02-15 18:58:22'),(7866,'2023-02-15 20:22:50','2023-02-15 20:22:50'),(7867,'2023-02-15 20:23:34','2023-02-15 20:23:34'),(7868,'2023-02-15 20:23:34','2023-02-15 20:23:34'),(7869,'2023-02-15 20:24:00','2023-02-15 20:24:00'),(7870,'2023-02-15 20:24:01','2023-02-15 20:24:01'),(7871,'2023-02-15 20:24:01','2023-02-15 20:24:01'),(7872,'2023-02-15 20:25:10','2023-02-15 20:25:10'),(7873,'2023-02-15 20:25:11','2023-02-15 20:25:11'),(7874,'2023-02-15 20:26:00','2023-02-15 20:26:00'),(7875,'2023-02-15 20:26:01','2023-02-15 20:26:01'),(7876,'2023-02-15 20:26:01','2023-02-15 20:26:01'),(7877,'2023-02-15 20:27:00','2023-02-15 20:27:00'),(7878,'2023-02-15 20:27:10','2023-02-15 20:27:10'),(7879,'2023-02-15 20:27:16','2023-02-15 20:27:16'),(7880,'2023-02-15 20:27:36','2023-02-15 20:27:36'),(7881,'2023-02-15 20:40:22','2023-02-15 20:40:22'),(7882,'2023-02-15 20:43:23','2023-02-15 20:43:23'),(7883,'2023-02-15 20:43:49','2023-02-15 20:43:49'),(7884,'2023-02-15 20:43:49','2023-02-15 20:43:49'),(7885,'2023-02-15 20:43:50','2023-02-15 20:43:50'),(7886,'2023-02-15 20:45:59','2023-02-15 20:45:59'),(7887,'2023-02-15 20:45:59','2023-02-15 20:45:59'),(7888,'2023-02-15 20:48:15','2023-02-15 20:48:15'),(7889,'2023-02-15 20:49:10','2023-02-15 20:49:10'),(7890,'2023-02-15 20:49:11','2023-02-15 20:49:11'),(7891,'2023-02-15 20:49:12','2023-02-15 20:49:12'),(7892,'2023-02-15 20:49:47','2023-02-15 20:49:47'),(7893,'2023-02-15 20:49:47','2023-02-15 20:49:47'),(7894,'2023-02-15 20:50:23','2023-02-15 20:50:23'),(7895,'2023-02-15 20:50:23','2023-02-15 20:50:23'),(7896,'2023-02-15 20:50:24','2023-02-15 20:50:24'),(7897,'2023-02-18 09:44:59','2023-02-18 09:44:59'),(7898,'2023-02-18 09:45:12','2023-02-18 09:45:12'),(7899,'2023-02-18 09:46:30','2023-02-18 09:46:30'),(7900,'2023-02-18 09:47:49','2023-02-18 09:47:49'),(7901,'2023-02-18 09:49:17','2023-02-18 09:49:17'),(7902,'2023-02-18 10:24:36','2023-02-18 10:24:36'),(7903,'2023-02-18 10:28:45','2023-02-18 10:28:45'),(7904,'2023-02-18 10:37:36','2023-02-18 10:37:36'),(7905,'2023-02-18 10:42:40','2023-02-18 10:42:40'),(7906,'2023-02-18 10:54:43','2023-02-18 10:54:43'),(7907,'2023-02-18 10:54:46','2023-02-18 10:54:46'),(7908,'2023-02-18 10:54:47','2023-02-18 10:54:47'),(7909,'2023-02-18 10:54:47','2023-02-18 10:54:47'),(7910,'2023-02-18 10:54:55','2023-02-18 10:54:55'),(7911,'2023-02-18 10:54:56','2023-02-18 10:54:56'),(7912,'2023-02-19 06:26:53','2023-02-19 06:26:53'),(7913,'2023-02-19 06:27:40','2023-02-19 06:27:40'),(7914,'2023-02-19 06:28:39','2023-02-19 06:28:39'),(7915,'2023-02-19 06:28:51','2023-02-19 06:28:51'),(7916,'2023-02-19 06:32:06','2023-02-19 06:32:06'),(7917,'2023-02-19 06:33:46','2023-02-19 06:33:46'),(7918,'2023-02-19 06:36:52','2023-02-19 06:36:52'),(7919,'2023-02-19 06:38:53','2023-02-19 06:38:53'),(7920,'2023-02-19 09:57:37','2023-02-19 09:57:37'),(7921,'2023-02-19 09:57:37','2023-02-19 09:57:37'),(7922,'2023-02-19 09:57:38','2023-02-19 09:57:38'),(7923,'2023-02-19 09:57:52','2023-02-19 09:57:52'),(7924,'2023-02-19 09:57:53','2023-02-19 09:57:53'),(7925,'2023-02-19 09:57:53','2023-02-19 09:57:53'),(7926,'2023-02-19 09:58:01','2023-02-19 09:58:01'),(7927,'2023-02-19 09:58:02','2023-02-19 09:58:02'),(7928,'2023-02-19 10:16:07','2023-02-19 10:16:07'),(7929,'2023-02-19 10:30:40','2023-02-19 10:30:40'),(7930,'2023-02-19 10:34:23','2023-02-19 10:34:23'),(7931,'2023-02-19 10:37:43','2023-02-19 10:37:43'),(7932,'2023-02-19 10:44:38','2023-02-19 10:44:38'),(7933,'2023-02-19 10:45:07','2023-02-19 10:45:07'),(7934,'2023-02-19 11:05:32','2023-02-19 11:05:32'),(7935,'2023-02-19 11:05:33','2023-02-19 11:05:33'),(7936,'2023-02-19 11:05:34','2023-02-19 11:05:34'),(7937,'2023-02-19 11:05:38','2023-02-19 11:05:38'),(7938,'2023-02-19 11:05:39','2023-02-19 11:05:39'),(7939,'2023-02-19 12:11:28','2023-02-19 12:11:28'),(7940,'2023-02-19 12:11:29','2023-02-19 12:11:29'),(7941,'2023-02-19 12:11:29','2023-02-19 12:11:29'),(7942,'2023-02-19 12:13:54','2023-02-19 12:13:54'),(7943,'2023-02-19 12:13:55','2023-02-19 12:13:55'),(7944,'2023-02-19 12:13:56','2023-02-19 12:13:56'),(7945,'2023-02-19 12:14:25','2023-02-19 12:14:25'),(7946,'2023-02-19 12:14:26','2023-02-19 12:14:26'),(7947,'2023-02-19 12:14:27','2023-02-19 12:14:27'),(7948,'2023-02-19 12:18:52','2023-02-19 12:18:52'),(7949,'2023-02-19 12:18:53','2023-02-19 12:18:53'),(7950,'2023-02-19 12:18:53','2023-02-19 12:18:53'),(7951,'2023-02-19 12:19:00','2023-02-19 12:19:00'),(7952,'2023-02-19 12:19:00','2023-02-19 12:19:00'),(7953,'2023-02-19 12:19:01','2023-02-19 12:19:01'),(7954,'2023-02-19 12:21:18','2023-02-19 12:21:18'),(7955,'2023-02-19 12:21:18','2023-02-19 12:21:18'),(7956,'2023-02-19 12:21:34','2023-02-19 12:21:34'),(7957,'2023-02-19 12:21:35','2023-02-19 12:21:35'),(7958,'2023-02-19 12:21:35','2023-02-19 12:21:35'),(7959,'2023-02-19 14:12:07','2023-02-19 14:12:07'),(7960,'2023-02-19 14:12:08','2023-02-19 14:12:08'),(7961,'2023-02-19 14:12:09','2023-02-19 14:12:09'),(7962,'2023-02-19 14:13:56','2023-02-19 14:13:56'),(7963,'2023-02-19 14:13:56','2023-02-19 14:13:56'),(7964,'2023-02-19 14:13:57','2023-02-19 14:13:57'),(7965,'2023-02-19 14:14:43','2023-02-19 14:14:43'),(7966,'2023-02-19 14:14:43','2023-02-19 14:14:43'),(7967,'2023-02-19 14:14:44','2023-02-19 14:14:44'),(7968,'2023-02-19 14:15:11','2023-02-19 14:15:11'),(7969,'2023-02-19 14:15:11','2023-02-19 14:15:11'),(7970,'2023-02-19 14:15:12','2023-02-19 14:15:12'),(7971,'2023-02-19 14:15:43','2023-02-19 14:15:43'),(7972,'2023-02-19 14:15:44','2023-02-19 14:15:44'),(7973,'2023-02-19 14:15:52','2023-02-19 14:15:52'),(7974,'2023-02-19 14:15:52','2023-02-19 14:15:52'),(7975,'2023-02-19 14:15:53','2023-02-19 14:15:53'),(7976,'2023-02-19 14:16:09','2023-02-19 14:16:09'),(7977,'2023-02-19 14:16:10','2023-02-19 14:16:10'),(7978,'2023-02-19 14:16:10','2023-02-19 14:16:10'),(7979,'2023-02-19 14:22:13','2023-02-19 14:22:13'),(7980,'2023-02-19 14:22:13','2023-02-19 14:22:13'),(7981,'2023-02-19 14:22:14','2023-02-19 14:22:14'),(7982,'2023-02-19 14:22:51','2023-02-19 14:22:51'),(7983,'2023-02-19 14:22:51','2023-02-19 14:22:51'),(7984,'2023-02-19 14:24:10','2023-02-19 14:24:10'),(7985,'2023-02-19 14:24:11','2023-02-19 14:24:11'),(7986,'2023-02-19 14:24:11','2023-02-19 14:24:11'),(7987,'2023-02-19 14:25:32','2023-02-19 14:25:32'),(7988,'2023-02-19 14:25:33','2023-02-19 14:25:33'),(7989,'2023-02-19 14:25:34','2023-02-19 14:25:34'),(7990,'2023-02-19 14:28:33','2023-02-19 14:28:33'),(7991,'2023-02-19 14:28:33','2023-02-19 14:28:33'),(7992,'2023-02-19 14:28:34','2023-02-19 14:28:34'),(7993,'2023-02-19 14:28:45','2023-02-19 14:28:45'),(7994,'2023-02-19 14:28:46','2023-02-19 14:28:46'),(7995,'2023-02-19 14:31:28','2023-02-19 14:31:28'),(7996,'2023-02-19 14:31:29','2023-02-19 14:31:29'),(7997,'2023-02-19 14:33:06','2023-02-19 14:33:06'),(7998,'2023-02-19 14:33:06','2023-02-19 14:33:06'),(7999,'2023-02-19 14:33:07','2023-02-19 14:33:07'),(8000,'2023-02-19 14:33:14','2023-02-19 14:33:14'),(8001,'2023-02-19 14:33:15','2023-02-19 14:33:15'),(8002,'2023-02-19 14:33:55','2023-02-19 14:33:55'),(8003,'2023-02-19 14:33:56','2023-02-19 14:33:56'),(8004,'2023-02-19 14:34:33','2023-02-19 14:34:33'),(8005,'2023-02-19 14:34:33','2023-02-19 14:34:33'),(8006,'2023-02-19 14:35:04','2023-02-19 14:35:04'),(8007,'2023-02-19 14:35:05','2023-02-19 14:35:05'),(8008,'2023-02-19 14:39:20','2023-02-19 14:39:20'),(8009,'2023-02-19 14:39:21','2023-02-19 14:39:21'),(8010,'2023-02-19 14:40:24','2023-02-19 14:40:24'),(8011,'2023-02-19 14:40:25','2023-02-19 14:40:25'),(8012,'2023-02-19 14:40:25','2023-02-19 14:40:25'),(8013,'2023-02-19 14:44:10','2023-02-19 14:44:10'),(8014,'2023-02-19 14:44:11','2023-02-19 14:44:11'),(8015,'2023-02-19 14:44:40','2023-02-19 14:44:40'),(8016,'2023-02-19 14:44:41','2023-02-19 14:44:41'),(8017,'2023-02-19 14:53:03','2023-02-19 14:53:03'),(8018,'2023-02-19 14:53:04','2023-02-19 14:53:04'),(8019,'2023-02-19 14:53:04','2023-02-19 14:53:04'),(8020,'2023-02-19 14:53:15','2023-02-19 14:53:15'),(8021,'2023-02-19 14:53:16','2023-02-19 14:53:16'),(8022,'2023-02-19 14:55:58','2023-02-19 14:55:58'),(8023,'2023-02-19 14:55:59','2023-02-19 14:55:59'),(8024,'2023-02-19 14:57:52','2023-02-19 14:57:52'),(8025,'2023-02-19 14:57:52','2023-02-19 14:57:52'),(8026,'2023-02-19 15:04:43','2023-02-19 15:04:43'),(8027,'2023-02-19 15:04:43','2023-02-19 15:04:43'),(8028,'2023-02-19 15:04:44','2023-02-19 15:04:44'),(8029,'2023-02-19 15:05:19','2023-02-19 15:05:19'),(8030,'2023-02-19 15:05:20','2023-02-19 15:05:20'),(8031,'2023-02-19 15:13:44','2023-02-19 15:13:44'),(8032,'2023-02-19 15:13:45','2023-02-19 15:13:45'),(8033,'2023-02-19 15:13:45','2023-02-19 15:13:45'),(8034,'2023-02-19 15:14:11','2023-02-19 15:14:11'),(8035,'2023-02-19 15:14:11','2023-02-19 15:14:11'),(8036,'2023-02-19 15:15:31','2023-02-19 15:15:31'),(8037,'2023-02-19 15:15:32','2023-02-19 15:15:32'),(8038,'2023-02-19 15:15:32','2023-02-19 15:15:32'),(8039,'2023-02-19 15:19:31','2023-02-19 15:19:31'),(8040,'2023-02-19 15:19:32','2023-02-19 15:19:32'),(8041,'2023-02-19 15:19:33','2023-02-19 15:19:33'),(8042,'2023-02-19 15:19:39','2023-02-19 15:19:39'),(8043,'2023-02-19 15:19:39','2023-02-19 15:19:39'),(8044,'2023-02-19 15:19:40','2023-02-19 15:19:40'),(8045,'2023-02-19 15:20:23','2023-02-19 15:20:23'),(8046,'2023-02-19 15:20:24','2023-02-19 15:20:24'),(8047,'2023-02-19 15:20:31','2023-02-19 15:20:31'),(8048,'2023-02-19 15:20:32','2023-02-19 15:20:32'),(8049,'2023-02-19 15:20:33','2023-02-19 15:20:33'),(8050,'2023-02-19 16:11:45','2023-02-19 16:11:45'),(8051,'2023-02-19 16:11:45','2023-02-19 16:11:45'),(8052,'2023-02-19 16:11:46','2023-02-19 16:11:46'),(8053,'2023-02-19 16:12:28','2023-02-19 16:12:28'),(8054,'2023-02-19 16:12:29','2023-02-19 16:12:29'),(8055,'2023-02-19 16:12:30','2023-02-19 16:12:30'),(8056,'2023-02-19 16:13:26','2023-02-19 16:13:26'),(8057,'2023-02-19 16:13:26','2023-02-19 16:13:26'),(8058,'2023-02-19 16:13:40','2023-02-19 16:13:40'),(8059,'2023-02-19 16:13:40','2023-02-19 16:13:40'),(8060,'2023-02-19 16:13:41','2023-02-19 16:13:41'),(8061,'2023-02-19 16:15:04','2023-02-19 16:15:04'),(8062,'2023-02-19 16:15:05','2023-02-19 16:15:05'),(8063,'2023-02-19 16:16:30','2023-02-19 16:16:30'),(8064,'2023-02-19 16:16:35','2023-02-19 16:16:35'),(8065,'2023-02-19 16:17:39','2023-02-19 16:17:39'),(8066,'2023-02-19 16:17:40','2023-02-19 16:17:40'),(8067,'2023-02-19 16:17:56','2023-02-19 16:17:56'),(8068,'2023-02-19 16:17:57','2023-02-19 16:17:57'),(8069,'2023-02-19 16:19:49','2023-02-19 16:19:49'),(8070,'2023-02-19 16:20:16','2023-02-19 16:20:16'),(8071,'2023-02-19 16:20:17','2023-02-19 16:20:17'),(8072,'2023-02-19 16:20:17','2023-02-19 16:20:17'),(8073,'2023-02-19 16:20:54','2023-02-19 16:20:54'),(8074,'2023-02-19 16:20:54','2023-02-19 16:20:54'),(8075,'2023-02-19 16:47:18','2023-02-19 16:47:18'),(8076,'2023-02-19 16:47:19','2023-02-19 16:47:19'),(8077,'2023-02-19 16:47:20','2023-02-19 16:47:20'),(8078,'2023-02-19 16:49:03','2023-02-19 16:49:03'),(8079,'2023-02-19 16:49:04','2023-02-19 16:49:04'),(8080,'2023-02-19 16:49:04','2023-02-19 16:49:04'),(8081,'2023-02-19 16:49:05','2023-02-19 16:49:05'),(8082,'2023-02-19 16:49:06','2023-02-19 16:49:06'),(8083,'2023-02-19 16:51:40','2023-02-19 16:51:40'),(8084,'2023-02-19 16:51:40','2023-02-19 16:51:40'),(8085,'2023-02-19 16:51:41','2023-02-19 16:51:41'),(8086,'2023-02-19 17:51:21','2023-02-19 17:51:21'),(8087,'2023-02-19 17:51:22','2023-02-19 17:51:22'),(8088,'2023-02-19 17:51:22','2023-02-19 17:51:22'),(8089,'2023-02-19 17:51:46','2023-02-19 17:51:46'),(8090,'2023-02-19 17:51:46','2023-02-19 17:51:46'),(8091,'2023-02-19 17:51:46','2023-02-19 17:51:46'),(8092,'2023-02-19 17:51:46','2023-02-19 17:51:46'),(8093,'2023-02-19 17:51:47','2023-02-19 17:51:47'),(8094,'2023-02-19 17:51:57','2023-02-19 17:51:57'),(8095,'2023-02-19 17:51:57','2023-02-19 17:51:57'),(8096,'2023-02-19 17:51:58','2023-02-19 17:51:58'),(8097,'2023-02-20 08:07:40','2023-02-20 08:07:40'),(8098,'2023-02-20 08:07:41','2023-02-20 08:07:41'),(8099,'2023-02-20 08:07:41','2023-02-20 08:07:41'),(8100,'2023-02-20 10:31:12','2023-02-20 10:31:12'),(8101,'2023-02-20 10:31:13','2023-02-20 10:31:13'),(8102,'2023-02-20 10:31:14','2023-02-20 10:31:14'),(8103,'2023-02-20 10:59:50','2023-02-20 10:59:50'),(8104,'2023-02-20 10:59:51','2023-02-20 10:59:51'),(8105,'2023-02-20 10:59:52','2023-02-20 10:59:52'),(8106,'2023-02-20 11:00:03','2023-02-20 11:00:03'),(8107,'2023-02-20 11:00:04','2023-02-20 11:00:04'),(8108,'2023-02-20 11:00:04','2023-02-20 11:00:04'),(8109,'2023-02-20 11:19:20','2023-02-20 11:19:20'),(8110,'2023-02-20 11:19:21','2023-02-20 11:19:21'),(8111,'2023-02-20 11:19:21','2023-02-20 11:19:21'),(8112,'2023-02-20 11:22:36','2023-02-20 11:22:36'),(8113,'2023-02-20 11:22:36','2023-02-20 11:22:36'),(8114,'2023-02-20 11:22:37','2023-02-20 11:22:37'),(8115,'2023-02-20 12:18:06','2023-02-20 12:18:06'),(8116,'2023-02-20 12:18:07','2023-02-20 12:18:07'),(8117,'2023-02-20 12:18:07','2023-02-20 12:18:07'),(8118,'2023-02-20 13:40:11','2023-02-20 13:40:11'),(8119,'2023-02-20 13:48:59','2023-02-20 13:48:59'),(8120,'2023-02-20 13:49:00','2023-02-20 13:49:00'),(8121,'2023-02-20 13:49:00','2023-02-20 13:49:00'),(8122,'2023-02-20 13:49:27','2023-02-20 13:49:27'),(8123,'2023-02-20 13:49:28','2023-02-20 13:49:28'),(8124,'2023-02-20 13:49:28','2023-02-20 13:49:28'),(8125,'2023-02-20 13:49:32','2023-02-20 13:49:32'),(8126,'2023-02-20 13:49:32','2023-02-20 13:49:32'),(8127,'2023-02-20 13:51:18','2023-02-20 13:51:18'),(8128,'2023-02-20 13:51:18','2023-02-20 13:51:18'),(8129,'2023-02-20 13:52:35','2023-02-20 13:52:35'),(8130,'2023-02-20 13:53:05','2023-02-20 13:53:05'),(8131,'2023-02-20 13:53:06','2023-02-20 13:53:06'),(8132,'2023-02-20 13:53:43','2023-02-20 13:53:43'),(8133,'2023-02-20 13:58:50','2023-02-20 13:58:50'),(8134,'2023-02-20 13:58:50','2023-02-20 13:58:50'),(8135,'2023-02-20 13:58:54','2023-02-20 13:58:54'),(8136,'2023-02-20 14:03:53','2023-02-20 14:03:53'),(8137,'2023-02-20 14:03:54','2023-02-20 14:03:54'),(8138,'2023-02-20 14:04:01','2023-02-20 14:04:01'),(8139,'2023-02-20 14:04:02','2023-02-20 14:04:02'),(8140,'2023-02-20 14:04:12','2023-02-20 14:04:12'),(8141,'2023-02-20 14:04:13','2023-02-20 14:04:13'),(8142,'2023-02-20 14:04:36','2023-02-20 14:04:36'),(8143,'2023-02-20 14:04:37','2023-02-20 14:04:37'),(8144,'2023-02-20 14:05:34','2023-02-20 14:05:34'),(8145,'2023-02-20 14:05:34','2023-02-20 14:05:34'),(8146,'2023-02-20 14:06:08','2023-02-20 14:06:08'),(8147,'2023-02-20 14:06:09','2023-02-20 14:06:09'),(8148,'2023-02-20 14:06:25','2023-02-20 14:06:25'),(8149,'2023-02-20 14:06:25','2023-02-20 14:06:25'),(8150,'2023-02-20 14:07:04','2023-02-20 14:07:04'),(8151,'2023-02-20 14:09:55','2023-02-20 14:09:55'),(8152,'2023-02-20 14:09:56','2023-02-20 14:09:56'),(8153,'2023-02-20 14:11:38','2023-02-20 14:11:38'),(8154,'2023-02-20 14:11:39','2023-02-20 14:11:39'),(8155,'2023-02-20 14:12:52','2023-02-20 14:12:52'),(8156,'2023-02-20 14:12:53','2023-02-20 14:12:53'),(8157,'2023-02-20 14:13:09','2023-02-20 14:13:09'),(8158,'2023-02-20 14:13:09','2023-02-20 14:13:09'),(8159,'2023-02-20 14:17:08','2023-02-20 14:17:08'),(8160,'2023-02-20 14:17:08','2023-02-20 14:17:08'),(8161,'2023-02-20 14:17:14','2023-02-20 14:17:14'),(8162,'2023-02-20 14:19:08','2023-02-20 14:19:08'),(8163,'2023-02-20 14:20:48','2023-02-20 14:20:48'),(8164,'2023-02-20 14:22:01','2023-02-20 14:22:01'),(8165,'2023-02-20 14:25:47','2023-02-20 14:25:47'),(8166,'2023-02-20 14:29:14','2023-02-20 14:29:14'),(8167,'2023-02-20 14:29:15','2023-02-20 14:29:15'),(8168,'2023-02-20 14:32:49','2023-02-20 14:32:49'),(8169,'2023-02-20 14:32:50','2023-02-20 14:32:50'),(8170,'2023-02-20 14:32:53','2023-02-20 14:32:53'),(8171,'2023-02-20 14:36:54','2023-02-20 14:36:54'),(8172,'2023-02-20 14:38:37','2023-02-20 14:38:37'),(8173,'2023-02-20 14:38:38','2023-02-20 14:38:38'),(8174,'2023-02-20 14:38:42','2023-02-20 14:38:42'),(8175,'2023-02-20 14:40:42','2023-02-20 14:40:42'),(8176,'2023-02-20 14:40:43','2023-02-20 14:40:43'),(8177,'2023-02-20 14:40:46','2023-02-20 14:40:46'),(8178,'2023-02-20 14:43:46','2023-02-20 14:43:46'),(8179,'2023-02-20 14:43:47','2023-02-20 14:43:47'),(8180,'2023-02-20 14:43:50','2023-02-20 14:43:50'),(8181,'2023-02-20 14:44:23','2023-02-20 14:44:23'),(8182,'2023-02-20 14:44:23','2023-02-20 14:44:23'),(8183,'2023-02-20 14:44:50','2023-02-20 14:44:50'),(8184,'2023-02-20 14:45:28','2023-02-20 14:45:28'),(8185,'2023-02-20 14:46:44','2023-02-20 14:46:44'),(8186,'2023-02-20 14:46:44','2023-02-20 14:46:44'),(8187,'2023-02-20 14:46:48','2023-02-20 14:46:48'),(8188,'2023-02-20 14:51:57','2023-02-20 14:51:57'),(8189,'2023-02-20 14:51:58','2023-02-20 14:51:58'),(8190,'2023-02-20 14:52:00','2023-02-20 14:52:00'),(8191,'2023-02-20 14:53:46','2023-02-20 14:53:46'),(8192,'2023-02-20 14:54:43','2023-02-20 14:54:43'),(8193,'2023-02-20 14:55:26','2023-02-20 14:55:26'),(8194,'2023-02-20 15:00:06','2023-02-20 15:00:06'),(8195,'2023-02-20 15:00:07','2023-02-20 15:00:07'),(8196,'2023-02-20 15:00:07','2023-02-20 15:00:07'),(8197,'2023-02-20 15:04:29','2023-02-20 15:04:29'),(8198,'2023-02-20 15:04:30','2023-02-20 15:04:30'),(8199,'2023-02-20 15:04:30','2023-02-20 15:04:30'),(8200,'2023-02-21 14:32:44','2023-02-21 14:32:44'),(8201,'2023-02-21 14:32:45','2023-02-21 14:32:45'),(8202,'2023-02-21 14:32:46','2023-02-21 14:32:46'),(8203,'2023-02-21 14:50:13','2023-02-21 14:50:13'),(8204,'2023-02-21 14:50:13','2023-02-21 14:50:13'),(8205,'2023-02-21 14:50:14','2023-02-21 14:50:14'),(8206,'2023-02-21 14:50:50','2023-02-21 14:50:50'),(8207,'2023-02-21 14:50:51','2023-02-21 14:50:51'),(8208,'2023-02-21 14:50:52','2023-02-21 14:50:52'),(8209,'2023-02-21 15:43:45','2023-02-21 15:43:45'),(8210,'2023-02-21 15:43:45','2023-02-21 15:43:45'),(8211,'2023-02-21 15:43:46','2023-02-21 15:43:46'),(8212,'2023-02-21 15:43:46','2023-02-21 15:43:46'),(8213,'2023-02-21 15:43:59','2023-02-21 15:43:59'),(8214,'2023-02-21 15:44:00','2023-02-21 15:44:00'),(8215,'2023-02-21 15:44:00','2023-02-21 15:44:00'),(8216,'2023-02-21 15:44:03','2023-02-21 15:44:03'),(8217,'2023-02-21 15:44:03','2023-02-21 15:44:03'),(8218,'2023-02-21 15:44:03','2023-02-21 15:44:03'),(8219,'2023-02-21 15:44:04','2023-02-21 15:44:04'),(8220,'2023-02-21 15:44:06','2023-02-21 15:44:06'),(8221,'2023-02-21 15:44:07','2023-02-21 15:44:07'),(8222,'2023-02-21 15:44:10','2023-02-21 15:44:10'),(8223,'2023-02-21 15:44:11','2023-02-21 15:44:11'),(8224,'2023-02-21 15:44:32','2023-02-21 15:44:32'),(8225,'2023-02-21 15:44:33','2023-02-21 15:44:33'),(8226,'2023-02-21 15:44:33','2023-02-21 15:44:33'),(8227,'2023-02-21 15:44:42','2023-02-21 15:44:42'),(8228,'2023-02-21 15:44:42','2023-02-21 15:44:42'),(8229,'2023-02-21 15:44:43','2023-02-21 15:44:43'),(8230,'2023-02-21 15:44:44','2023-02-21 15:44:44'),(8231,'2023-02-21 15:44:45','2023-02-21 15:44:45'),(8232,'2023-02-21 15:44:45','2023-02-21 15:44:45'),(8233,'2023-02-21 15:44:49','2023-02-21 15:44:49'),(8234,'2023-02-21 15:44:50','2023-02-21 15:44:50'),(8235,'2023-02-21 15:44:50','2023-02-21 15:44:50'),(8236,'2023-02-21 15:49:46','2023-02-21 15:49:46'),(8237,'2023-02-21 15:49:46','2023-02-21 15:49:46'),(8238,'2023-02-21 15:49:50','2023-02-21 15:49:50'),(8239,'2023-02-21 15:49:50','2023-02-21 15:49:50'),(8240,'2023-02-21 15:49:51','2023-02-21 15:49:51'),(8241,'2023-02-21 15:49:51','2023-02-21 15:49:51'),(8242,'2023-02-21 15:49:58','2023-02-21 15:49:58'),(8243,'2023-02-21 15:49:59','2023-02-21 15:49:59'),(8244,'2023-02-21 15:50:19','2023-02-21 15:50:19'),(8245,'2023-02-21 15:50:19','2023-02-21 15:50:19'),(8246,'2023-02-21 15:50:20','2023-02-21 15:50:20'),(8247,'2023-02-21 15:50:20','2023-02-21 15:50:20'),(8248,'2023-02-21 15:50:20','2023-02-21 15:50:20'),(8249,'2023-02-21 15:50:21','2023-02-21 15:50:21'),(8250,'2023-02-21 15:51:03','2023-02-21 15:51:03'),(8251,'2023-02-21 15:51:03','2023-02-21 15:51:03'),(8252,'2023-02-21 15:51:04','2023-02-21 15:51:04'),(8253,'2023-02-21 15:51:32','2023-02-21 15:51:32'),(8254,'2023-02-21 15:51:33','2023-02-21 15:51:33'),(8255,'2023-02-21 15:51:34','2023-02-21 15:51:34'),(8256,'2023-02-21 15:51:50','2023-02-21 15:51:50'),(8257,'2023-02-21 15:53:00','2023-02-21 15:53:00'),(8258,'2023-02-21 15:53:00','2023-02-21 15:53:00'),(8259,'2023-02-21 15:53:01','2023-02-21 15:53:01'),(8260,'2023-02-21 15:53:26','2023-02-21 15:53:26'),(8261,'2023-02-21 15:53:27','2023-02-21 15:53:27'),(8262,'2023-02-21 15:54:18','2023-02-21 15:54:18'),(8263,'2023-02-21 15:54:19','2023-02-21 15:54:19'),(8264,'2023-02-21 15:54:19','2023-02-21 15:54:19'),(8265,'2023-02-21 15:54:20','2023-02-21 15:54:20'),(8266,'2023-02-21 21:53:01','2023-02-21 21:53:01'),(8267,'2023-02-21 21:53:01','2023-02-21 21:53:01'),(8268,'2023-02-21 21:53:02','2023-02-21 21:53:02'),(8269,'2023-02-21 21:59:26','2023-02-21 21:59:26'),(8270,'2023-02-21 21:59:26','2023-02-21 21:59:26'),(8271,'2023-02-21 21:59:27','2023-02-21 21:59:27'),(8272,'2023-02-22 12:43:56','2023-02-22 12:43:56'),(8273,'2023-02-22 12:43:57','2023-02-22 12:43:57'),(8274,'2023-02-22 12:43:58','2023-02-22 12:43:58'),(8275,'2023-02-22 12:44:14','2023-02-22 12:44:14'),(8276,'2023-02-22 12:44:15','2023-02-22 12:44:15'),(8277,'2023-02-22 17:01:26','2023-02-22 17:01:26'),(8278,'2023-02-22 17:01:27','2023-02-22 17:01:27'),(8279,'2023-02-22 17:01:28','2023-02-22 17:01:28'),(8280,'2023-02-22 17:17:18','2023-02-22 17:17:18'),(8281,'2023-02-22 17:17:19','2023-02-22 17:17:19'),(8282,'2023-02-22 17:17:20','2023-02-22 17:17:20'),(8283,'2023-02-22 17:31:37','2023-02-22 17:31:37'),(8284,'2023-02-22 17:31:38','2023-02-22 17:31:38'),(8285,'2023-02-22 17:31:39','2023-02-22 17:31:39'),(8286,'2023-02-22 17:31:45','2023-02-22 17:31:45'),(8287,'2023-02-22 17:31:46','2023-02-22 17:31:46'),(8288,'2023-02-22 17:31:54','2023-02-22 17:31:54'),(8289,'2023-02-22 17:31:55','2023-02-22 17:31:55'),(8290,'2023-02-22 17:31:56','2023-02-22 17:31:56'),(8291,'2023-02-22 17:33:31','2023-02-22 17:33:31'),(8292,'2023-02-22 17:33:32','2023-02-22 17:33:32'),(8293,'2023-02-22 17:33:32','2023-02-22 17:33:32'),(8294,'2023-02-23 17:11:08','2023-02-23 17:11:08'),(8295,'2023-02-23 17:14:11','2023-02-23 17:14:11'),(8296,'2023-02-23 17:14:11','2023-02-23 17:14:11'),(8297,'2023-02-23 17:17:09','2023-02-23 17:17:09'),(8298,'2023-02-24 17:19:00','2023-02-24 17:19:00'),(8299,'2023-02-24 17:19:01','2023-02-24 17:19:01'),(8300,'2023-02-24 17:19:02','2023-02-24 17:19:02'),(8301,'2023-02-24 17:21:58','2023-02-24 17:21:58'),(8302,'2023-02-24 17:21:59','2023-02-24 17:21:59'),(8303,'2023-02-24 17:22:00','2023-02-24 17:22:00'),(8304,'2023-02-24 17:26:38','2023-02-24 17:26:38'),(8305,'2023-02-24 17:26:39','2023-02-24 17:26:39'),(8306,'2023-02-24 17:26:39','2023-02-24 17:26:39'),(8307,'2023-02-24 17:27:28','2023-02-24 17:27:28'),(8308,'2023-02-24 17:27:28','2023-02-24 17:27:28'),(8309,'2023-02-24 17:27:29','2023-02-24 17:27:29'),(8310,'2023-02-24 17:27:37','2023-02-24 17:27:37'),(8311,'2023-02-24 17:27:37','2023-02-24 17:27:37'),(8312,'2023-02-24 17:27:38','2023-02-24 17:27:38'),(8313,'2023-02-24 17:27:51','2023-02-24 17:27:51'),(8314,'2023-02-24 17:27:51','2023-02-24 17:27:51'),(8315,'2023-02-24 17:27:52','2023-02-24 17:27:52'),(8316,'2023-02-24 17:28:05','2023-02-24 17:28:05'),(8317,'2023-02-24 17:28:05','2023-02-24 17:28:05'),(8318,'2023-02-24 17:28:06','2023-02-24 17:28:06'),(8319,'2023-02-24 17:28:44','2023-02-24 17:28:44'),(8320,'2023-02-24 17:28:44','2023-02-24 17:28:44'),(8321,'2023-02-24 17:28:45','2023-02-24 17:28:45'),(8322,'2023-02-24 17:28:55','2023-02-24 17:28:55'),(8323,'2023-02-24 17:28:56','2023-02-24 17:28:56'),(8324,'2023-02-24 17:28:57','2023-02-24 17:28:57'),(8325,'2023-02-24 17:28:59','2023-02-24 17:28:59'),(8326,'2023-02-24 17:29:00','2023-02-24 17:29:00'),(8327,'2023-02-24 17:29:01','2023-02-24 17:29:01'),(8328,'2023-02-24 17:29:07','2023-02-24 17:29:07'),(8329,'2023-02-24 17:29:07','2023-02-24 17:29:07'),(8330,'2023-02-24 17:29:08','2023-02-24 17:29:08'),(8331,'2023-02-24 17:32:22','2023-02-24 17:32:22'),(8332,'2023-02-24 17:32:23','2023-02-24 17:32:23'),(8333,'2023-02-24 17:32:23','2023-02-24 17:32:23'),(8334,'2023-02-24 17:32:31','2023-02-24 17:32:31'),(8335,'2023-02-24 17:32:31','2023-02-24 17:32:31'),(8336,'2023-02-24 17:32:32','2023-02-24 17:32:32'),(8337,'2023-02-24 17:33:02','2023-02-24 17:33:02'),(8338,'2023-02-24 17:33:03','2023-02-24 17:33:03'),(8339,'2023-02-24 17:33:04','2023-02-24 17:33:04'),(8340,'2023-02-24 17:33:37','2023-02-24 17:33:37'),(8341,'2023-02-24 17:33:37','2023-02-24 17:33:37'),(8342,'2023-02-24 17:33:37','2023-02-24 17:33:37'),(8343,'2023-02-24 17:33:37','2023-02-24 17:33:37'),(8344,'2023-02-24 17:33:44','2023-02-24 17:33:44'),(8345,'2023-02-24 17:33:44','2023-02-24 17:33:44'),(8346,'2023-02-24 17:33:45','2023-02-24 17:33:45'),(8347,'2023-02-24 17:33:49','2023-02-24 17:33:49'),(8348,'2023-02-24 17:33:50','2023-02-24 17:33:50'),(8349,'2023-02-24 17:33:51','2023-02-24 17:33:51'),(8350,'2023-02-24 17:34:02','2023-02-24 17:34:02'),(8351,'2023-02-24 17:34:03','2023-02-24 17:34:03'),(8352,'2023-02-24 17:34:03','2023-02-24 17:34:03'),(8353,'2023-02-24 17:35:48','2023-02-24 17:35:48'),(8354,'2023-02-24 17:35:49','2023-02-24 17:35:49'),(8355,'2023-02-24 17:35:50','2023-02-24 17:35:50'),(8356,'2023-02-24 17:35:56','2023-02-24 17:35:56'),(8357,'2023-02-24 17:35:57','2023-02-24 17:35:57'),(8358,'2023-02-24 17:36:31','2023-02-24 17:36:31'),(8359,'2023-02-24 17:36:31','2023-02-24 17:36:31'),(8360,'2023-02-24 17:36:42','2023-02-24 17:36:42'),(8361,'2023-02-24 17:36:42','2023-02-24 17:36:42'),(8362,'2023-02-24 17:36:43','2023-02-24 17:36:43'),(8363,'2023-02-24 17:36:52','2023-02-24 17:36:52'),(8364,'2023-02-24 17:36:53','2023-02-24 17:36:53'),(8365,'2023-02-24 17:36:53','2023-02-24 17:36:53'),(8366,'2023-02-24 17:38:52','2023-02-24 17:38:52'),(8367,'2023-02-24 17:38:53','2023-02-24 17:38:53'),(8368,'2023-02-24 17:38:54','2023-02-24 17:38:54'),(8369,'2023-02-24 17:39:32','2023-02-24 17:39:32'),(8370,'2023-02-24 17:39:33','2023-02-24 17:39:33'),(8371,'2023-02-24 17:39:33','2023-02-24 17:39:33'),(8372,'2023-02-24 17:39:34','2023-02-24 17:39:34'),(8373,'2023-02-24 17:39:35','2023-02-24 17:39:35'),(8374,'2023-02-24 17:39:43','2023-02-24 17:39:43'),(8375,'2023-02-24 17:39:43','2023-02-24 17:39:43'),(8376,'2023-02-24 17:39:44','2023-02-24 17:39:44'),(8377,'2023-02-24 17:39:44','2023-02-24 17:39:44'),(8378,'2023-02-24 17:39:45','2023-02-24 17:39:45'),(8379,'2023-02-24 17:39:45','2023-02-24 17:39:45'),(8380,'2023-02-24 17:39:46','2023-02-24 17:39:46'),(8381,'2023-02-24 17:39:47','2023-02-24 17:39:47'),(8382,'2023-02-24 17:39:59','2023-02-24 17:39:59'),(8383,'2023-02-24 17:39:59','2023-02-24 17:39:59'),(8384,'2023-02-24 17:40:00','2023-02-24 17:40:00'),(8385,'2023-02-24 17:40:43','2023-02-24 17:40:43'),(8386,'2023-02-24 17:40:43','2023-02-24 17:40:43'),(8387,'2023-02-24 17:40:44','2023-02-24 17:40:44'),(8388,'2023-02-24 17:40:45','2023-02-24 17:40:45'),(8389,'2023-02-24 17:40:45','2023-02-24 17:40:45'),(8390,'2023-02-24 17:42:23','2023-02-24 17:42:23'),(8391,'2023-02-24 17:42:23','2023-02-24 17:42:23'),(8392,'2023-02-24 17:42:24','2023-02-24 17:42:24'),(8393,'2023-02-24 17:42:25','2023-02-24 17:42:25'),(8394,'2023-02-24 17:42:25','2023-02-24 17:42:25'),(8395,'2023-02-24 17:42:54','2023-02-24 17:42:54'),(8396,'2023-02-24 17:42:54','2023-02-24 17:42:54'),(8397,'2023-02-24 17:42:55','2023-02-24 17:42:55'),(8398,'2023-02-24 17:44:25','2023-02-24 17:44:25'),(8399,'2023-02-24 17:44:26','2023-02-24 17:44:26'),(8400,'2023-02-24 17:44:26','2023-02-24 17:44:26'),(8401,'2023-02-24 17:45:12','2023-02-24 17:45:12'),(8402,'2023-02-24 17:45:12','2023-02-24 17:45:12'),(8403,'2023-02-24 17:45:13','2023-02-24 17:45:13'),(8404,'2023-02-24 17:45:13','2023-02-24 17:45:13'),(8405,'2023-02-24 17:45:22','2023-02-24 17:45:22'),(8406,'2023-02-24 17:45:23','2023-02-24 17:45:23'),(8407,'2023-02-24 17:45:24','2023-02-24 17:45:24'),(8408,'2023-02-24 17:45:24','2023-02-24 17:45:24'),(8409,'2023-02-24 17:46:23','2023-02-24 17:46:23'),(8410,'2023-02-24 17:46:23','2023-02-24 17:46:23'),(8411,'2023-02-24 17:46:24','2023-02-24 17:46:24'),(8412,'2023-02-24 17:47:36','2023-02-24 17:47:36'),(8413,'2023-02-24 17:47:37','2023-02-24 17:47:37'),(8414,'2023-02-24 17:47:38','2023-02-24 17:47:38'),(8415,'2023-02-24 18:20:45','2023-02-24 18:20:45'),(8416,'2023-02-24 18:20:46','2023-02-24 18:20:46'),(8417,'2023-02-24 18:20:47','2023-02-24 18:20:47'),(8418,'2023-02-24 18:22:18','2023-02-24 18:22:18'),(8419,'2023-02-24 18:22:18','2023-02-24 18:22:18'),(8420,'2023-02-24 18:22:19','2023-02-24 18:22:19'),(8421,'2023-02-24 18:23:08','2023-02-24 18:23:08'),(8422,'2023-02-24 18:23:09','2023-02-24 18:23:09'),(8423,'2023-02-24 18:23:09','2023-02-24 18:23:09'),(8424,'2023-02-26 18:56:46','2023-02-26 18:56:46'),(8425,'2023-02-26 18:56:46','2023-02-26 18:56:46'),(8426,'2023-02-26 18:56:47','2023-02-26 18:56:47'),(8427,'2023-02-26 19:19:44','2023-02-26 19:19:44'),(8428,'2023-02-26 19:19:45','2023-02-26 19:19:45'),(8429,'2023-02-26 19:19:45','2023-02-26 19:19:45'),(8430,'2023-02-26 19:31:47','2023-02-26 19:31:47'),(8431,'2023-02-26 19:31:48','2023-02-26 19:31:48'),(8432,'2023-02-26 19:31:48','2023-02-26 19:31:48'),(8433,'2023-02-26 19:34:06','2023-02-26 19:34:06'),(8434,'2023-02-26 19:34:07','2023-02-26 19:34:07'),(8435,'2023-02-26 19:34:07','2023-02-26 19:34:07'),(8436,'2023-02-26 19:34:51','2023-02-26 19:34:51'),(8437,'2023-02-26 19:34:51','2023-02-26 19:34:51'),(8438,'2023-02-26 19:34:52','2023-02-26 19:34:52'),(8439,'2023-02-26 19:37:08','2023-02-26 19:37:08'),(8440,'2023-02-26 19:37:09','2023-02-26 19:37:09'),(8441,'2023-02-26 19:37:09','2023-02-26 19:37:09'),(8442,'2023-02-26 19:37:14','2023-02-26 19:37:14'),(8443,'2023-02-26 19:37:14','2023-02-26 19:37:14'),(8444,'2023-02-26 19:37:15','2023-02-26 19:37:15'),(8445,'2023-02-26 19:37:57','2023-02-26 19:37:57'),(8446,'2023-02-26 19:37:58','2023-02-26 19:37:58'),(8447,'2023-02-26 19:37:58','2023-02-26 19:37:58'),(8448,'2023-02-26 19:40:35','2023-02-26 19:40:35'),(8449,'2023-02-26 19:40:35','2023-02-26 19:40:35'),(8450,'2023-02-26 19:40:40','2023-02-26 19:40:40'),(8451,'2023-02-26 19:40:41','2023-02-26 19:40:41'),(8452,'2023-02-26 19:40:41','2023-02-26 19:40:41'),(8453,'2023-02-26 19:43:02','2023-02-26 19:43:02'),(8454,'2023-02-26 19:43:03','2023-02-26 19:43:03'),(8455,'2023-02-26 19:43:03','2023-02-26 19:43:03'),(8456,'2023-02-26 19:45:18','2023-02-26 19:45:18'),(8457,'2023-02-26 19:45:18','2023-02-26 19:45:18'),(8458,'2023-02-26 19:45:19','2023-02-26 19:45:19'),(8459,'2023-02-26 19:50:43','2023-02-26 19:50:43'),(8460,'2023-02-26 19:50:44','2023-02-26 19:50:44'),(8461,'2023-02-26 19:50:44','2023-02-26 19:50:44'),(8462,'2023-02-26 19:51:26','2023-02-26 19:51:26'),(8463,'2023-02-26 19:51:27','2023-02-26 19:51:27'),(8464,'2023-02-26 19:51:27','2023-02-26 19:51:27'),(8465,'2023-02-26 20:37:38','2023-02-26 20:37:38'),(8466,'2023-02-26 20:37:39','2023-02-26 20:37:39'),(8467,'2023-02-26 20:37:40','2023-02-26 20:37:40'),(8468,'2023-02-26 20:40:20','2023-02-26 20:40:20'),(8469,'2023-02-26 20:40:21','2023-02-26 20:40:21'),(8470,'2023-02-26 20:40:22','2023-02-26 20:40:22'),(8471,'2023-02-26 20:47:59','2023-02-26 20:47:59'),(8472,'2023-02-26 20:47:59','2023-02-26 20:47:59'),(8473,'2023-02-26 20:48:00','2023-02-26 20:48:00'),(8474,'2023-02-26 20:48:16','2023-02-26 20:48:16'),(8475,'2023-02-26 20:48:17','2023-02-26 20:48:17'),(8476,'2023-02-26 20:48:18','2023-02-26 20:48:18'),(8477,'2023-02-26 20:48:38','2023-02-26 20:48:38'),(8478,'2023-02-26 20:48:38','2023-02-26 20:48:38'),(8479,'2023-02-26 20:48:39','2023-02-26 20:48:39'),(8480,'2023-02-26 20:48:46','2023-02-26 20:48:46'),(8481,'2023-02-26 20:48:47','2023-02-26 20:48:47'),(8482,'2023-02-26 20:48:57','2023-02-26 20:48:57'),(8483,'2023-02-26 20:48:58','2023-02-26 20:48:58'),(8484,'2023-02-26 20:48:58','2023-02-26 20:48:58'),(8485,'2023-02-26 20:49:25','2023-02-26 20:49:25'),(8486,'2023-02-26 20:49:25','2023-02-26 20:49:25'),(8487,'2023-02-26 20:49:26','2023-02-26 20:49:26'),(8488,'2023-02-26 20:49:44','2023-02-26 20:49:44'),(8489,'2023-02-26 20:49:44','2023-02-26 20:49:44'),(8490,'2023-02-26 20:49:45','2023-02-26 20:49:45'),(8491,'2023-02-26 20:50:16','2023-02-26 20:50:16'),(8492,'2023-02-26 20:50:16','2023-02-26 20:50:16'),(8493,'2023-02-26 20:50:17','2023-02-26 20:50:17'),(8494,'2023-02-27 12:06:55','2023-02-27 12:06:55'),(8495,'2023-02-27 12:06:56','2023-02-27 12:06:56'),(8496,'2023-02-27 12:06:56','2023-02-27 12:06:56'),(8497,'2023-02-27 12:25:32','2023-02-27 12:25:32'),(8498,'2023-02-27 12:25:32','2023-02-27 12:25:32'),(8499,'2023-02-27 12:25:33','2023-02-27 12:25:33'),(8500,'2023-02-27 12:36:08','2023-02-27 12:36:08'),(8501,'2023-02-27 12:36:08','2023-02-27 12:36:08'),(8502,'2023-02-27 12:36:09','2023-02-27 12:36:09'),(8503,'2023-02-27 13:12:46','2023-02-27 13:12:46'),(8504,'2023-02-27 13:12:47','2023-02-27 13:12:47'),(8505,'2023-02-27 13:12:47','2023-02-27 13:12:47'),(8506,'2023-02-27 13:16:22','2023-02-27 13:16:22'),(8507,'2023-02-27 13:16:23','2023-02-27 13:16:23'),(8508,'2023-02-27 13:16:24','2023-02-27 13:16:24'),(8509,'2023-02-27 13:16:33','2023-02-27 13:16:33'),(8510,'2023-02-27 13:16:34','2023-02-27 13:16:34'),(8511,'2023-02-27 13:16:39','2023-02-27 13:16:39'),(8512,'2023-02-27 13:16:39','2023-02-27 13:16:39'),(8513,'2023-02-27 13:16:40','2023-02-27 13:16:40'),(8514,'2023-02-27 13:18:25','2023-02-27 13:18:25'),(8515,'2023-02-27 13:18:26','2023-02-27 13:18:26'),(8516,'2023-02-27 13:18:27','2023-02-27 13:18:27'),(8517,'2023-02-27 13:18:48','2023-02-27 13:18:48'),(8518,'2023-02-27 13:18:49','2023-02-27 13:18:49'),(8519,'2023-02-27 13:18:49','2023-02-27 13:18:49'),(8520,'2023-02-27 14:00:11','2023-02-27 14:00:11'),(8521,'2023-02-27 14:00:11','2023-02-27 14:00:11'),(8522,'2023-02-27 14:00:12','2023-02-27 14:00:12'),(8523,'2023-02-27 14:17:56','2023-02-27 14:17:56'),(8524,'2023-02-27 14:17:57','2023-02-27 14:17:57'),(8525,'2023-02-27 14:17:57','2023-02-27 14:17:57'),(8526,'2023-02-27 14:18:39','2023-02-27 14:18:39'),(8527,'2023-02-27 14:18:40','2023-02-27 14:18:40'),(8528,'2023-02-27 14:38:27','2023-02-27 14:38:27'),(8529,'2023-02-27 14:38:27','2023-02-27 14:38:27'),(8530,'2023-02-27 14:42:53','2023-02-27 14:42:53'),(8531,'2023-02-27 14:42:54','2023-02-27 14:42:54'),(8532,'2023-02-27 14:45:45','2023-02-27 14:45:45'),(8533,'2023-02-27 14:45:46','2023-02-27 14:45:46'),(8534,'2023-02-27 14:48:03','2023-02-27 14:48:03'),(8535,'2023-02-27 14:48:03','2023-02-27 14:48:03'),(8536,'2023-02-27 14:48:04','2023-02-27 14:48:04'),(8537,'2023-02-27 14:48:46','2023-02-27 14:48:46'),(8538,'2023-02-27 14:48:46','2023-02-27 14:48:46'),(8539,'2023-02-27 14:48:47','2023-02-27 14:48:47'),(8540,'2023-02-27 14:49:55','2023-02-27 14:49:55'),(8541,'2023-02-27 14:49:56','2023-02-27 14:49:56'),(8542,'2023-02-27 14:49:57','2023-02-27 14:49:57'),(8543,'2023-02-27 14:52:48','2023-02-27 14:52:48'),(8544,'2023-02-27 14:52:48','2023-02-27 14:52:48'),(8545,'2023-02-27 14:52:49','2023-02-27 14:52:49'),(8546,'2023-02-27 14:53:16','2023-02-27 14:53:16'),(8547,'2023-02-27 14:53:17','2023-02-27 14:53:17'),(8548,'2023-02-27 14:53:24','2023-02-27 14:53:24'),(8549,'2023-02-27 14:53:25','2023-02-27 14:53:25'),(8550,'2023-02-27 14:53:26','2023-02-27 14:53:26'),(8551,'2023-02-27 14:53:53','2023-02-27 14:53:53'),(8552,'2023-02-27 14:53:54','2023-02-27 14:53:54'),(8553,'2023-02-27 14:53:55','2023-02-27 14:53:55'),(8554,'2023-02-27 14:54:26','2023-02-27 14:54:26'),(8555,'2023-02-27 14:54:26','2023-02-27 14:54:26'),(8556,'2023-02-27 14:54:27','2023-02-27 14:54:27'),(8557,'2023-02-27 14:54:57','2023-02-27 14:54:57'),(8558,'2023-02-27 14:54:58','2023-02-27 14:54:58'),(8559,'2023-02-27 14:58:46','2023-02-27 14:58:46'),(8560,'2023-02-27 14:58:46','2023-02-27 14:58:46'),(8561,'2023-02-27 14:59:47','2023-02-27 14:59:47'),(8562,'2023-02-27 14:59:47','2023-02-27 14:59:47'),(8563,'2023-02-27 14:59:48','2023-02-27 14:59:48'),(8564,'2023-02-27 15:00:38','2023-02-27 15:00:38'),(8565,'2023-02-27 15:00:39','2023-02-27 15:00:39'),(8566,'2023-02-27 15:00:47','2023-02-27 15:00:47'),(8567,'2023-02-27 15:00:48','2023-02-27 15:00:48'),(8568,'2023-02-27 15:00:49','2023-02-27 15:00:49'),(8569,'2023-02-27 15:01:47','2023-02-27 15:01:47'),(8570,'2023-02-27 15:01:48','2023-02-27 15:01:48'),(8571,'2023-02-27 15:01:48','2023-02-27 15:01:48'),(8572,'2023-02-27 15:01:56','2023-02-27 15:01:56'),(8573,'2023-02-27 15:01:57','2023-02-27 15:01:57'),(8574,'2023-02-27 15:01:58','2023-02-27 15:01:58'),(8575,'2023-02-27 15:02:19','2023-02-27 15:02:19'),(8576,'2023-02-27 15:02:20','2023-02-27 15:02:20'),(8577,'2023-02-27 15:02:20','2023-02-27 15:02:20'),(8578,'2023-02-27 15:02:27','2023-02-27 15:02:27'),(8579,'2023-02-27 15:02:28','2023-02-27 15:02:28'),(8580,'2023-02-27 15:02:28','2023-02-27 15:02:28'),(8581,'2023-02-27 15:03:27','2023-02-27 15:03:27'),(8582,'2023-02-27 15:03:27','2023-02-27 15:03:27'),(8583,'2023-02-27 15:03:28','2023-02-27 15:03:28'),(8584,'2023-02-27 15:05:31','2023-02-27 15:05:31'),(8585,'2023-02-27 15:05:31','2023-02-27 15:05:31'),(8586,'2023-02-27 15:05:32','2023-02-27 15:05:32'),(8587,'2023-02-27 15:05:33','2023-02-27 15:05:33'),(8588,'2023-02-27 15:05:34','2023-02-27 15:05:34'),(8589,'2023-02-27 15:05:46','2023-02-27 15:05:46'),(8590,'2023-02-27 15:05:47','2023-02-27 15:05:47'),(8591,'2023-02-27 15:05:47','2023-02-27 15:05:47'),(8592,'2023-02-27 15:07:20','2023-02-27 15:07:20'),(8593,'2023-02-27 15:07:21','2023-02-27 15:07:21'),(8594,'2023-02-27 15:13:13','2023-02-27 15:13:13'),(8595,'2023-02-27 15:13:14','2023-02-27 15:13:14'),(8596,'2023-02-27 15:17:25','2023-02-27 15:17:25'),(8597,'2023-02-27 15:17:26','2023-02-27 15:17:26'),(8598,'2023-02-27 15:17:26','2023-02-27 15:17:26'),(8599,'2023-02-27 15:17:44','2023-02-27 15:17:44'),(8600,'2023-02-27 15:17:44','2023-02-27 15:17:44'),(8601,'2023-02-27 15:17:45','2023-02-27 15:17:45'),(8602,'2023-02-27 15:20:55','2023-02-27 15:20:55'),(8603,'2023-02-27 15:20:55','2023-02-27 15:20:55'),(8604,'2023-02-27 15:20:56','2023-02-27 15:20:56'),(8605,'2023-02-27 15:21:33','2023-02-27 15:21:33'),(8606,'2023-02-27 15:21:34','2023-02-27 15:21:34'),(8607,'2023-02-27 15:21:53','2023-02-27 15:21:53'),(8608,'2023-02-27 15:21:54','2023-02-27 15:21:54'),(8609,'2023-02-27 15:21:54','2023-02-27 15:21:54'),(8610,'2023-02-27 15:22:11','2023-02-27 15:22:11'),(8611,'2023-02-27 15:22:11','2023-02-27 15:22:11'),(8612,'2023-02-27 15:30:27','2023-02-27 15:30:27'),(8613,'2023-02-27 15:30:28','2023-02-27 15:30:28'),(8614,'2023-02-27 15:33:55','2023-02-27 15:33:55'),(8615,'2023-02-27 15:33:56','2023-02-27 15:33:56'),(8616,'2023-02-27 15:51:07','2023-02-27 15:51:07'),(8617,'2023-02-27 15:51:08','2023-02-27 15:51:08'),(8618,'2023-02-27 15:51:38','2023-02-27 15:51:38'),(8619,'2023-02-27 15:51:38','2023-02-27 15:51:38'),(8620,'2023-02-27 16:01:21','2023-02-27 16:01:21'),(8621,'2023-02-27 16:01:22','2023-02-27 16:01:22'),(8622,'2023-02-27 16:01:52','2023-02-27 16:01:52'),(8623,'2023-02-27 16:01:52','2023-02-27 16:01:52'),(8624,'2023-02-27 16:01:53','2023-02-27 16:01:53'),(8625,'2023-02-27 16:02:42','2023-02-27 16:02:42'),(8626,'2023-02-27 16:02:42','2023-02-27 16:02:42'),(8627,'2023-02-27 16:04:08','2023-02-27 16:04:08'),(8628,'2023-02-27 16:04:09','2023-02-27 16:04:09'),(8629,'2023-02-27 16:07:17','2023-02-27 16:07:17'),(8630,'2023-02-27 16:07:19','2023-02-27 16:07:19'),(8631,'2023-02-27 16:07:28','2023-02-27 16:07:28'),(8632,'2023-02-27 16:07:28','2023-02-27 16:07:28'),(8633,'2023-02-27 16:08:33','2023-02-27 16:08:33'),(8634,'2023-02-27 16:08:33','2023-02-27 16:08:33'),(8635,'2023-02-27 16:08:38','2023-02-27 16:08:38'),(8636,'2023-02-27 16:08:39','2023-02-27 16:08:39'),(8637,'2023-02-27 16:08:40','2023-02-27 16:08:40'),(8638,'2023-02-27 16:08:51','2023-02-27 16:08:51'),(8639,'2023-02-27 16:08:52','2023-02-27 16:08:52'),(8640,'2023-02-27 16:08:53','2023-02-27 16:08:53'),(8641,'2023-02-27 16:09:04','2023-02-27 16:09:04'),(8642,'2023-02-27 16:09:04','2023-02-27 16:09:04'),(8643,'2023-02-27 16:09:05','2023-02-27 16:09:05'),(8644,'2023-02-27 16:19:54','2023-02-27 16:19:54'),(8645,'2023-02-27 16:19:55','2023-02-27 16:19:55'),(8646,'2023-02-27 16:19:56','2023-02-27 16:19:56'),(8647,'2023-02-27 16:20:01','2023-02-27 16:20:01'),(8648,'2023-02-27 16:20:02','2023-02-27 16:20:02'),(8649,'2023-02-27 16:20:03','2023-02-27 16:20:03'),(8650,'2023-02-27 16:20:24','2023-02-27 16:20:24'),(8651,'2023-02-27 16:20:25','2023-02-27 16:20:25'),(8652,'2023-02-27 16:20:25','2023-02-27 16:20:25'),(8653,'2023-02-27 16:31:43','2023-02-27 16:31:43'),(8654,'2023-02-27 16:31:44','2023-02-27 16:31:44'),(8655,'2023-02-27 16:31:45','2023-02-27 16:31:45'),(8656,'2023-02-27 16:31:55','2023-02-27 16:31:55'),(8657,'2023-02-27 16:31:55','2023-02-27 16:31:55'),(8658,'2023-02-27 16:31:56','2023-02-27 16:31:56'),(8659,'2023-02-27 16:37:03','2023-02-27 16:37:03'),(8660,'2023-02-27 16:37:04','2023-02-27 16:37:04'),(8661,'2023-02-27 16:37:04','2023-02-27 16:37:04'),(8662,'2023-02-27 17:00:11','2023-02-27 17:00:11'),(8663,'2023-02-27 17:00:11','2023-02-27 17:00:11'),(8664,'2023-02-27 17:00:12','2023-02-27 17:00:12'),(8665,'2023-02-27 17:17:46','2023-02-27 17:17:46'),(8666,'2023-02-27 17:17:47','2023-02-27 17:17:47'),(8667,'2023-02-27 17:17:48','2023-02-27 17:17:48'),(8668,'2023-02-27 17:39:15','2023-02-27 17:39:15'),(8669,'2023-02-27 17:39:15','2023-02-27 17:39:15'),(8670,'2023-02-27 17:39:16','2023-02-27 17:39:16'),(8671,'2023-02-27 17:39:26','2023-02-27 17:39:26'),(8672,'2023-02-27 17:39:27','2023-02-27 17:39:27'),(8673,'2023-02-27 17:39:27','2023-02-27 17:39:27'),(8674,'2023-02-27 17:56:58','2023-02-27 17:56:58'),(8675,'2023-02-27 17:56:59','2023-02-27 17:56:59'),(8676,'2023-02-27 17:56:59','2023-02-27 17:56:59'),(8677,'2023-02-27 18:02:08','2023-02-27 18:02:08'),(8678,'2023-02-27 18:02:09','2023-02-27 18:02:09'),(8679,'2023-02-27 18:02:10','2023-02-27 18:02:10'),(8680,'2023-02-27 18:03:28','2023-02-27 18:03:28'),(8681,'2023-02-27 18:03:29','2023-02-27 18:03:29'),(8682,'2023-02-27 18:03:30','2023-02-27 18:03:30'),(8683,'2023-02-27 18:06:30','2023-02-27 18:06:30'),(8684,'2023-02-27 18:06:31','2023-02-27 18:06:31'),(8685,'2023-02-27 18:06:32','2023-02-27 18:06:32'),(8686,'2023-02-27 18:23:47','2023-02-27 18:23:47'),(8687,'2023-02-27 18:23:48','2023-02-27 18:23:48'),(8688,'2023-02-27 18:23:48','2023-02-27 18:23:48'),(8689,'2023-02-27 18:24:03','2023-02-27 18:24:03'),(8690,'2023-02-27 18:24:04','2023-02-27 18:24:04'),(8691,'2023-02-27 18:24:05','2023-02-27 18:24:05'),(8692,'2023-02-27 19:18:49','2023-02-27 19:18:49'),(8693,'2023-02-27 19:18:50','2023-02-27 19:18:50'),(8694,'2023-02-27 19:18:50','2023-02-27 19:18:50'),(8695,'2023-02-27 19:22:35','2023-02-27 19:22:35'),(8696,'2023-02-27 19:22:35','2023-02-27 19:22:35'),(8697,'2023-02-27 19:22:36','2023-02-27 19:22:36'),(8698,'2023-02-27 19:23:04','2023-02-27 19:23:04'),(8699,'2023-02-27 19:23:04','2023-02-27 19:23:04'),(8700,'2023-02-27 19:23:05','2023-02-27 19:23:05'),(8701,'2023-02-27 19:55:42','2023-02-27 19:55:42'),(8702,'2023-02-27 19:55:42','2023-02-27 19:55:42'),(8703,'2023-02-27 19:55:43','2023-02-27 19:55:43'),(8704,'2023-02-27 20:02:42','2023-02-27 20:02:42'),(8705,'2023-02-27 20:02:43','2023-02-27 20:02:43'),(8706,'2023-02-27 20:02:43','2023-02-27 20:02:43'),(8707,'2023-02-27 20:03:51','2023-02-27 20:03:51'),(8708,'2023-02-27 20:03:52','2023-02-27 20:03:52'),(8709,'2023-02-27 20:03:53','2023-02-27 20:03:53'),(8710,'2023-02-27 20:04:09','2023-02-27 20:04:09'),(8711,'2023-02-27 20:04:09','2023-02-27 20:04:09'),(8712,'2023-02-27 20:04:10','2023-02-27 20:04:10'),(8713,'2023-02-27 20:04:23','2023-02-27 20:04:23'),(8714,'2023-02-27 20:04:23','2023-02-27 20:04:23'),(8715,'2023-02-27 20:04:24','2023-02-27 20:04:24'),(8716,'2023-02-27 20:05:23','2023-02-27 20:05:23'),(8717,'2023-02-27 20:05:24','2023-02-27 20:05:24'),(8718,'2023-02-27 20:05:24','2023-02-27 20:05:24'),(8719,'2023-02-27 20:05:49','2023-02-27 20:05:49'),(8720,'2023-02-27 20:05:49','2023-02-27 20:05:49'),(8721,'2023-02-27 20:05:50','2023-02-27 20:05:50'),(8722,'2023-02-27 20:07:31','2023-02-27 20:07:31'),(8723,'2023-02-27 20:07:32','2023-02-27 20:07:32'),(8724,'2023-02-27 20:07:32','2023-02-27 20:07:32'),(8725,'2023-02-27 20:13:09','2023-02-27 20:13:09'),(8726,'2023-02-27 20:13:09','2023-02-27 20:13:09'),(8727,'2023-02-27 20:13:10','2023-02-27 20:13:10'),(8728,'2023-02-27 20:14:40','2023-02-27 20:14:40'),(8729,'2023-02-27 20:14:41','2023-02-27 20:14:41'),(8730,'2023-02-27 20:14:42','2023-02-27 20:14:42'),(8731,'2023-02-27 20:18:06','2023-02-27 20:18:06'),(8732,'2023-02-27 20:18:07','2023-02-27 20:18:07'),(8733,'2023-02-27 20:18:08','2023-02-27 20:18:08'),(8734,'2023-02-27 20:18:23','2023-02-27 20:18:23'),(8735,'2023-02-27 20:18:24','2023-02-27 20:18:24'),(8736,'2023-02-27 20:18:24','2023-02-27 20:18:24'),(8737,'2023-02-27 20:20:30','2023-02-27 20:20:30'),(8738,'2023-02-27 20:20:31','2023-02-27 20:20:31'),(8739,'2023-02-27 20:20:32','2023-02-27 20:20:32'),(8740,'2023-02-27 20:25:04','2023-02-27 20:25:04'),(8741,'2023-02-27 20:25:04','2023-02-27 20:25:04'),(8742,'2023-02-27 20:25:05','2023-02-27 20:25:05'),(8743,'2023-02-27 20:25:52','2023-02-27 20:25:52'),(8744,'2023-02-27 20:25:52','2023-02-27 20:25:52'),(8745,'2023-02-27 20:25:53','2023-02-27 20:25:53'),(8746,'2023-02-27 20:27:38','2023-02-27 20:27:38'),(8747,'2023-02-27 20:27:39','2023-02-27 20:27:39'),(8748,'2023-02-27 20:27:39','2023-02-27 20:27:39'),(8749,'2023-02-27 20:27:55','2023-02-27 20:27:55'),(8750,'2023-02-27 20:27:56','2023-02-27 20:27:56'),(8751,'2023-02-27 20:27:56','2023-02-27 20:27:56'),(8752,'2023-02-27 20:32:39','2023-02-27 20:32:39'),(8753,'2023-02-27 20:32:41','2023-02-27 20:32:41'),(8754,'2023-02-27 20:32:41','2023-02-27 20:32:41'),(8755,'2023-02-27 20:36:50','2023-02-27 20:36:50'),(8756,'2023-02-27 20:36:50','2023-02-27 20:36:50'),(8757,'2023-02-27 20:37:26','2023-02-27 20:37:26'),(8758,'2023-02-27 20:37:26','2023-02-27 20:37:26'),(8759,'2023-02-27 20:37:27','2023-02-27 20:37:27'),(8760,'2023-02-27 21:12:56','2023-02-27 21:12:56'),(8761,'2023-02-27 21:12:57','2023-02-27 21:12:57'),(8762,'2023-02-27 21:12:58','2023-02-27 21:12:58'),(8763,'2023-02-27 21:15:02','2023-02-27 21:15:02'),(8764,'2023-02-27 21:15:03','2023-02-27 21:15:03'),(8765,'2023-02-27 21:16:27','2023-02-27 21:16:27'),(8766,'2023-02-27 21:16:27','2023-02-27 21:16:27'),(8767,'2023-02-27 21:17:13','2023-02-27 21:17:13'),(8768,'2023-02-27 21:17:14','2023-02-27 21:17:14'),(8769,'2023-02-27 21:17:33','2023-02-27 21:17:33'),(8770,'2023-02-27 21:17:34','2023-02-27 21:17:34'),(8771,'2023-02-27 21:19:50','2023-02-27 21:19:50'),(8772,'2023-02-27 21:19:51','2023-02-27 21:19:51'),(8773,'2023-02-27 21:21:25','2023-02-27 21:21:25'),(8774,'2023-02-27 21:21:25','2023-02-27 21:21:25'),(8775,'2023-02-27 21:22:24','2023-02-27 21:22:24'),(8776,'2023-02-27 21:22:25','2023-02-27 21:22:25'),(8777,'2023-02-27 21:23:04','2023-02-27 21:23:04'),(8778,'2023-02-27 21:23:05','2023-02-27 21:23:05'),(8779,'2023-02-28 07:56:27','2023-02-28 07:56:27'),(8780,'2023-02-28 07:56:28','2023-02-28 07:56:28'),(8781,'2023-02-28 07:56:29','2023-02-28 07:56:29'),(8782,'2023-02-28 07:56:41','2023-02-28 07:56:41'),(8783,'2023-02-28 07:56:41','2023-02-28 07:56:41'),(8784,'2023-02-28 08:02:23','2023-02-28 08:02:23'),(8785,'2023-02-28 08:02:24','2023-02-28 08:02:24'),(8786,'2023-02-28 08:02:25','2023-02-28 08:02:25'),(8787,'2023-02-28 08:49:18','2023-02-28 08:49:18'),(8788,'2023-02-28 08:49:19','2023-02-28 08:49:19'),(8789,'2023-02-28 08:49:20','2023-02-28 08:49:20'),(8790,'2023-02-28 10:17:25','2023-02-28 10:17:25'),(8791,'2023-02-28 10:17:26','2023-02-28 10:17:26'),(8792,'2023-02-28 10:17:27','2023-02-28 10:17:27'),(8793,'2023-02-28 10:24:23','2023-02-28 10:24:23'),(8794,'2023-02-28 10:24:24','2023-02-28 10:24:24'),(8795,'2023-02-28 10:24:24','2023-02-28 10:24:24'),(8796,'2023-02-28 10:26:28','2023-02-28 10:26:28'),(8797,'2023-02-28 10:26:28','2023-02-28 10:26:28'),(8798,'2023-02-28 10:26:29','2023-02-28 10:26:29'),(8799,'2023-02-28 10:30:57','2023-02-28 10:30:57'),(8800,'2023-02-28 10:30:57','2023-02-28 10:30:57'),(8801,'2023-02-28 10:32:42','2023-02-28 10:32:42'),(8802,'2023-02-28 10:32:43','2023-02-28 10:32:43'),(8803,'2023-02-28 10:33:16','2023-02-28 10:33:16'),(8804,'2023-02-28 10:33:17','2023-02-28 10:33:17'),(8805,'2023-02-28 10:34:15','2023-02-28 10:34:15'),(8806,'2023-02-28 10:34:16','2023-02-28 10:34:16'),(8807,'2023-02-28 10:34:47','2023-02-28 10:34:47'),(8808,'2023-02-28 10:34:47','2023-02-28 10:34:47'),(8809,'2023-02-28 10:36:04','2023-02-28 10:36:04'),(8810,'2023-02-28 10:36:05','2023-02-28 10:36:05'),(8811,'2023-02-28 10:36:47','2023-02-28 10:36:47'),(8812,'2023-02-28 10:36:47','2023-02-28 10:36:47'),(8813,'2023-02-28 10:37:33','2023-02-28 10:37:33'),(8814,'2023-02-28 10:37:33','2023-02-28 10:37:33'),(8815,'2023-02-28 10:37:49','2023-02-28 10:37:49'),(8816,'2023-02-28 10:37:50','2023-02-28 10:37:50'),(8817,'2023-02-28 10:39:13','2023-02-28 10:39:13'),(8818,'2023-02-28 10:39:14','2023-02-28 10:39:14'),(8819,'2023-02-28 10:39:57','2023-02-28 10:39:57'),(8820,'2023-02-28 10:39:57','2023-02-28 10:39:57'),(8821,'2023-02-28 10:40:54','2023-02-28 10:40:54'),(8822,'2023-02-28 10:40:54','2023-02-28 10:40:54'),(8823,'2023-02-28 10:49:49','2023-02-28 10:49:49'),(8824,'2023-02-28 10:49:49','2023-02-28 10:49:49'),(8825,'2023-02-28 10:56:50','2023-02-28 10:56:50'),(8826,'2023-02-28 10:56:50','2023-02-28 10:56:50'),(8827,'2023-02-28 10:56:51','2023-02-28 10:56:51'),(8828,'2023-02-28 10:56:59','2023-02-28 10:56:59'),(8829,'2023-02-28 10:57:00','2023-02-28 10:57:00'),(8830,'2023-02-28 10:57:01','2023-02-28 10:57:01'),(8831,'2023-02-28 11:20:16','2023-02-28 11:20:16'),(8832,'2023-02-28 11:20:17','2023-02-28 11:20:17'),(8833,'2023-02-28 11:20:17','2023-02-28 11:20:17'),(8834,'2023-02-28 11:32:10','2023-02-28 11:32:10'),(8835,'2023-02-28 11:32:11','2023-02-28 11:32:11'),(8836,'2023-02-28 11:32:12','2023-02-28 11:32:12'),(8837,'2023-02-28 11:36:34','2023-02-28 11:36:34'),(8838,'2023-02-28 11:36:34','2023-02-28 11:36:34'),(8839,'2023-02-28 11:36:35','2023-02-28 11:36:35'),(8840,'2023-02-28 11:39:41','2023-02-28 11:39:41'),(8841,'2023-02-28 11:39:42','2023-02-28 11:39:42'),(8842,'2023-02-28 11:39:46','2023-02-28 11:39:46'),(8843,'2023-02-28 11:39:47','2023-02-28 11:39:47'),(8844,'2023-02-28 11:39:47','2023-02-28 11:39:47'),(8845,'2023-02-28 11:40:19','2023-02-28 11:40:19'),(8846,'2023-02-28 11:40:20','2023-02-28 11:40:20'),(8847,'2023-02-28 11:40:20','2023-02-28 11:40:20'),(8848,'2023-02-28 11:41:12','2023-02-28 11:41:12'),(8849,'2023-02-28 11:41:13','2023-02-28 11:41:13'),(8850,'2023-02-28 11:41:14','2023-02-28 11:41:14'),(8851,'2023-02-28 11:49:29','2023-02-28 11:49:29'),(8852,'2023-02-28 11:49:30','2023-02-28 11:49:30'),(8853,'2023-02-28 11:49:31','2023-02-28 11:49:31'),(8854,'2023-02-28 11:49:52','2023-02-28 11:49:52'),(8855,'2023-02-28 11:49:52','2023-02-28 11:49:52'),(8856,'2023-02-28 11:52:20','2023-02-28 11:52:20'),(8857,'2023-02-28 11:52:21','2023-02-28 11:52:21'),(8858,'2023-02-28 11:52:21','2023-02-28 11:52:21'),(8859,'2023-02-28 12:25:24','2023-02-28 12:25:24'),(8860,'2023-02-28 12:25:24','2023-02-28 12:25:24'),(8861,'2023-02-28 12:25:25','2023-02-28 12:25:25'),(8862,'2023-02-28 12:26:45','2023-02-28 12:26:45'),(8863,'2023-02-28 12:26:46','2023-02-28 12:26:46'),(8864,'2023-02-28 12:27:30','2023-02-28 12:27:30'),(8865,'2023-02-28 12:27:31','2023-02-28 12:27:31'),(8866,'2023-02-28 12:27:31','2023-02-28 12:27:31'),(8867,'2023-02-28 13:00:12','2023-02-28 13:00:12'),(8868,'2023-02-28 13:00:13','2023-02-28 13:00:13'),(8869,'2023-02-28 13:00:14','2023-02-28 13:00:14'),(8870,'2023-02-28 13:19:38','2023-02-28 13:19:38'),(8871,'2023-02-28 13:19:39','2023-02-28 13:19:39'),(8872,'2023-02-28 13:19:40','2023-02-28 13:19:40'),(8873,'2023-02-28 13:30:00','2023-02-28 13:30:00'),(8874,'2023-02-28 13:30:01','2023-02-28 13:30:01'),(8875,'2023-02-28 13:30:02','2023-02-28 13:30:02'),(8876,'2023-02-28 13:31:44','2023-02-28 13:31:44'),(8877,'2023-02-28 13:31:45','2023-02-28 13:31:45'),(8878,'2023-02-28 13:31:45','2023-02-28 13:31:45'),(8879,'2023-02-28 13:32:31','2023-02-28 13:32:31'),(8880,'2023-02-28 13:32:32','2023-02-28 13:32:32'),(8881,'2023-02-28 13:32:33','2023-02-28 13:32:33'),(8882,'2023-02-28 13:32:38','2023-02-28 13:32:38'),(8883,'2023-02-28 13:32:39','2023-02-28 13:32:39'),(8884,'2023-02-28 13:32:39','2023-02-28 13:32:39'),(8885,'2023-02-28 13:32:56','2023-02-28 13:32:56'),(8886,'2023-02-28 13:32:57','2023-02-28 13:32:57'),(8887,'2023-02-28 13:32:57','2023-02-28 13:32:57'),(8888,'2023-02-28 13:33:19','2023-02-28 13:33:19'),(8889,'2023-02-28 13:33:20','2023-02-28 13:33:20'),(8890,'2023-02-28 13:33:20','2023-02-28 13:33:20'),(8891,'2023-02-28 13:33:39','2023-02-28 13:33:39'),(8892,'2023-02-28 13:33:39','2023-02-28 13:33:39'),(8893,'2023-02-28 13:33:40','2023-02-28 13:33:40'),(8894,'2023-02-28 13:33:50','2023-02-28 13:33:50'),(8895,'2023-02-28 13:33:50','2023-02-28 13:33:50'),(8896,'2023-02-28 13:33:51','2023-02-28 13:33:51'),(8897,'2023-02-28 13:34:01','2023-02-28 13:34:01'),(8898,'2023-02-28 13:34:01','2023-02-28 13:34:01'),(8899,'2023-02-28 13:34:02','2023-02-28 13:34:02'),(8900,'2023-02-28 13:34:15','2023-02-28 13:34:15'),(8901,'2023-02-28 13:34:16','2023-02-28 13:34:16'),(8902,'2023-02-28 13:34:16','2023-02-28 13:34:16'),(8903,'2023-02-28 13:34:21','2023-02-28 13:34:21'),(8904,'2023-02-28 13:34:22','2023-02-28 13:34:22'),(8905,'2023-02-28 13:34:22','2023-02-28 13:34:22'),(8906,'2023-02-28 13:35:31','2023-02-28 13:35:31'),(8907,'2023-02-28 13:35:31','2023-02-28 13:35:31'),(8908,'2023-02-28 13:35:32','2023-02-28 13:35:32'),(8909,'2023-02-28 13:35:45','2023-02-28 13:35:45'),(8910,'2023-02-28 13:35:45','2023-02-28 13:35:45'),(8911,'2023-02-28 13:35:46','2023-02-28 13:35:46'),(8912,'2023-02-28 13:35:54','2023-02-28 13:35:54'),(8913,'2023-02-28 13:35:55','2023-02-28 13:35:55'),(8914,'2023-02-28 13:35:55','2023-02-28 13:35:55'),(8915,'2023-02-28 13:55:46','2023-02-28 13:55:46'),(8916,'2023-02-28 13:55:46','2023-02-28 13:55:46'),(8917,'2023-02-28 13:55:47','2023-02-28 13:55:47'),(8918,'2023-02-28 14:08:21','2023-02-28 14:08:21'),(8919,'2023-02-28 14:08:22','2023-02-28 14:08:22'),(8920,'2023-02-28 14:08:23','2023-02-28 14:08:23'),(8921,'2023-02-28 14:11:19','2023-02-28 14:11:19'),(8922,'2023-02-28 14:11:20','2023-02-28 14:11:20'),(8923,'2023-02-28 14:11:20','2023-02-28 14:11:20'),(8924,'2023-02-28 14:11:54','2023-02-28 14:11:54'),(8925,'2023-02-28 14:11:55','2023-02-28 14:11:55'),(8926,'2023-02-28 14:11:55','2023-02-28 14:11:55'),(8927,'2023-02-28 14:14:20','2023-02-28 14:14:20'),(8928,'2023-02-28 14:14:21','2023-02-28 14:14:21'),(8929,'2023-02-28 14:14:23','2023-02-28 14:14:23'),(8930,'2023-02-28 14:14:42','2023-02-28 14:14:42'),(8931,'2023-02-28 14:14:44','2023-02-28 14:14:44'),(8932,'2023-02-28 14:14:45','2023-02-28 14:14:45'),(8933,'2023-02-28 14:31:28','2023-02-28 14:31:28'),(8934,'2023-02-28 14:31:29','2023-02-28 14:31:29'),(8935,'2023-02-28 14:31:30','2023-02-28 14:31:30'),(8936,'2023-02-28 14:32:07','2023-02-28 14:32:07'),(8937,'2023-02-28 14:32:07','2023-02-28 14:32:07'),(8938,'2023-02-28 14:32:08','2023-02-28 14:32:08'),(8939,'2023-02-28 14:32:36','2023-02-28 14:32:36'),(8940,'2023-02-28 14:32:37','2023-02-28 14:32:37'),(8941,'2023-02-28 14:32:37','2023-02-28 14:32:37'),(8942,'2023-02-28 14:33:18','2023-02-28 14:33:18'),(8943,'2023-02-28 14:33:19','2023-02-28 14:33:19'),(8944,'2023-02-28 14:33:20','2023-02-28 14:33:20'),(8945,'2023-02-28 14:36:45','2023-02-28 14:36:45'),(8946,'2023-02-28 14:46:29','2023-02-28 14:46:29'),(8947,'2023-02-28 14:46:30','2023-02-28 14:46:30'),(8948,'2023-02-28 14:46:30','2023-02-28 14:46:30'),(8949,'2023-02-28 14:47:20','2023-02-28 14:47:20'),(8950,'2023-02-28 14:47:21','2023-02-28 14:47:21'),(8951,'2023-02-28 14:47:21','2023-02-28 14:47:21'),(8952,'2023-02-28 14:53:33','2023-02-28 14:53:33'),(8953,'2023-02-28 14:53:34','2023-02-28 14:53:34'),(8954,'2023-02-28 14:53:34','2023-02-28 14:53:34'),(8955,'2023-02-28 14:54:13','2023-02-28 14:54:13'),(8956,'2023-02-28 14:54:13','2023-02-28 14:54:13'),(8957,'2023-02-28 14:54:14','2023-02-28 14:54:14'),(8958,'2023-02-28 14:54:51','2023-02-28 14:54:51'),(8959,'2023-02-28 14:54:52','2023-02-28 14:54:52'),(8960,'2023-02-28 14:54:53','2023-02-28 14:54:53'),(8961,'2023-02-28 14:57:59','2023-02-28 14:57:59'),(8962,'2023-02-28 14:57:59','2023-02-28 14:57:59'),(8963,'2023-02-28 14:58:00','2023-02-28 14:58:00'),(8964,'2023-02-28 14:58:22','2023-02-28 14:58:22'),(8965,'2023-02-28 14:58:23','2023-02-28 14:58:23'),(8966,'2023-02-28 14:58:23','2023-02-28 14:58:23'),(8967,'2023-02-28 15:09:06','2023-02-28 15:09:06'),(8968,'2023-02-28 15:09:07','2023-02-28 15:09:07'),(8969,'2023-02-28 15:09:07','2023-02-28 15:09:07'),(8970,'2023-02-28 15:09:20','2023-02-28 15:09:20'),(8971,'2023-02-28 15:09:20','2023-02-28 15:09:20'),(8972,'2023-02-28 15:09:21','2023-02-28 15:09:21'),(8973,'2023-02-28 15:11:56','2023-02-28 15:11:56'),(8974,'2023-02-28 15:11:57','2023-02-28 15:11:57'),(8975,'2023-02-28 15:11:58','2023-02-28 15:11:58'),(8976,'2023-02-28 15:13:50','2023-02-28 15:13:50'),(8977,'2023-02-28 15:13:51','2023-02-28 15:13:51'),(8978,'2023-02-28 15:13:52','2023-02-28 15:13:52'),(8979,'2023-02-28 15:16:12','2023-02-28 15:16:12'),(8980,'2023-02-28 15:16:13','2023-02-28 15:16:13'),(8981,'2023-02-28 15:16:13','2023-02-28 15:16:13'),(8982,'2023-02-28 15:16:32','2023-02-28 15:16:32'),(8983,'2023-02-28 15:16:33','2023-02-28 15:16:33'),(8984,'2023-02-28 15:16:33','2023-02-28 15:16:33'),(8985,'2023-02-28 15:18:20','2023-02-28 15:18:20'),(8986,'2023-02-28 15:18:21','2023-02-28 15:18:21'),(8987,'2023-02-28 15:18:21','2023-02-28 15:18:21'),(8988,'2023-02-28 15:22:07','2023-02-28 15:22:07'),(8989,'2023-02-28 15:22:08','2023-02-28 15:22:08'),(8990,'2023-02-28 15:22:08','2023-02-28 15:22:08'),(8991,'2023-02-28 15:22:31','2023-02-28 15:22:31'),(8992,'2023-02-28 15:22:32','2023-02-28 15:22:32'),(8993,'2023-02-28 15:22:33','2023-02-28 15:22:33'),(8994,'2023-02-28 15:22:52','2023-02-28 15:22:52'),(8995,'2023-02-28 15:22:53','2023-02-28 15:22:53'),(8996,'2023-02-28 15:22:54','2023-02-28 15:22:54'),(8997,'2023-02-28 15:25:52','2023-02-28 15:25:52'),(8998,'2023-02-28 15:25:53','2023-02-28 15:25:53'),(8999,'2023-02-28 15:25:53','2023-02-28 15:25:53'),(9000,'2023-02-28 15:26:05','2023-02-28 15:26:05'),(9001,'2023-02-28 15:26:05','2023-02-28 15:26:05'),(9002,'2023-02-28 15:26:06','2023-02-28 15:26:06'),(9003,'2023-02-28 15:31:23','2023-02-28 15:31:23'),(9004,'2023-02-28 15:31:23','2023-02-28 15:31:23'),(9005,'2023-02-28 15:31:24','2023-02-28 15:31:24'),(9006,'2023-02-28 15:31:50','2023-02-28 15:31:50'),(9007,'2023-02-28 15:31:51','2023-02-28 15:31:51'),(9008,'2023-02-28 15:31:52','2023-02-28 15:31:52'),(9009,'2023-02-28 15:40:29','2023-02-28 15:40:29'),(9010,'2023-02-28 15:40:30','2023-02-28 15:40:30'),(9011,'2023-02-28 15:40:31','2023-02-28 15:40:31'),(9012,'2023-02-28 15:46:12','2023-02-28 15:46:12'),(9013,'2023-02-28 15:46:13','2023-02-28 15:46:13'),(9014,'2023-02-28 15:46:13','2023-02-28 15:46:13'),(9015,'2023-02-28 15:58:22','2023-02-28 15:58:22'),(9016,'2023-02-28 15:59:11','2023-02-28 15:59:11'),(9017,'2023-02-28 16:00:03','2023-02-28 16:00:03'),(9018,'2023-02-28 16:00:30','2023-02-28 16:00:30'),(9019,'2023-02-28 16:01:26','2023-02-28 16:01:26'),(9020,'2023-02-28 16:01:27','2023-02-28 16:01:27'),(9021,'2023-02-28 16:01:27','2023-02-28 16:01:27'),(9022,'2023-02-28 16:01:31','2023-02-28 16:01:31'),(9023,'2023-02-28 16:12:45','2023-02-28 16:12:45'),(9024,'2023-02-28 16:12:46','2023-02-28 16:12:46'),(9025,'2023-02-28 16:12:46','2023-02-28 16:12:46'),(9026,'2023-02-28 16:13:12','2023-02-28 16:13:12'),(9027,'2023-02-28 16:15:16','2023-02-28 16:15:16'),(9028,'2023-02-28 16:15:17','2023-02-28 16:15:17'),(9029,'2023-02-28 16:15:18','2023-02-28 16:15:18'),(9030,'2023-02-28 16:17:43','2023-02-28 16:17:43'),(9031,'2023-02-28 16:17:44','2023-02-28 16:17:44'),(9032,'2023-02-28 16:17:45','2023-02-28 16:17:45'),(9033,'2023-02-28 16:18:08','2023-02-28 16:18:08'),(9034,'2023-02-28 16:20:03','2023-02-28 16:20:03'),(9035,'2023-02-28 16:20:04','2023-02-28 16:20:04'),(9036,'2023-02-28 16:20:05','2023-02-28 16:20:05'),(9037,'2023-02-28 16:20:21','2023-02-28 16:20:21'),(9038,'2023-02-28 16:20:21','2023-02-28 16:20:21'),(9039,'2023-02-28 16:20:22','2023-02-28 16:20:22'),(9040,'2023-02-28 16:20:32','2023-02-28 16:20:32'),(9041,'2023-02-28 16:20:35','2023-02-28 16:20:35'),(9042,'2023-02-28 16:20:36','2023-02-28 16:20:36'),(9043,'2023-02-28 16:20:36','2023-02-28 16:20:36'),(9044,'2023-02-28 16:20:59','2023-02-28 16:20:59'),(9045,'2023-02-28 16:20:59','2023-02-28 16:20:59'),(9046,'2023-02-28 16:21:00','2023-02-28 16:21:00'),(9047,'2023-02-28 16:33:40','2023-02-28 16:33:40'),(9048,'2023-02-28 16:33:41','2023-02-28 16:33:41'),(9049,'2023-02-28 16:33:41','2023-02-28 16:33:41'),(9050,'2023-02-28 17:26:58','2023-02-28 17:26:58'),(9051,'2023-02-28 17:26:59','2023-02-28 17:26:59'),(9052,'2023-02-28 17:26:59','2023-02-28 17:26:59'),(9053,'2023-02-28 17:54:20','2023-02-28 17:54:20'),(9054,'2023-02-28 17:54:21','2023-02-28 17:54:21'),(9055,'2023-02-28 17:54:22','2023-02-28 17:54:22'),(9056,'2023-02-28 17:57:47','2023-02-28 17:57:47'),(9057,'2023-02-28 17:57:48','2023-02-28 17:57:48'),(9058,'2023-02-28 17:57:48','2023-02-28 17:57:48'),(9059,'2023-02-28 19:10:55','2023-02-28 19:10:55'),(9060,'2023-02-28 19:10:55','2023-02-28 19:10:55'),(9061,'2023-02-28 19:10:56','2023-02-28 19:10:56'),(9062,'2023-02-28 19:16:28','2023-02-28 19:16:28'),(9063,'2023-02-28 19:16:29','2023-02-28 19:16:29'),(9064,'2023-02-28 19:16:29','2023-02-28 19:16:29'),(9065,'2023-02-28 19:33:24','2023-02-28 19:33:24'),(9066,'2023-02-28 19:33:24','2023-02-28 19:33:24'),(9067,'2023-02-28 19:33:25','2023-02-28 19:33:25'),(9068,'2023-02-28 19:35:58','2023-02-28 19:35:58'),(9069,'2023-02-28 19:35:59','2023-02-28 19:35:59'),(9070,'2023-02-28 19:36:00','2023-02-28 19:36:00'),(9071,'2023-02-28 19:42:18','2023-02-28 19:42:18'),(9072,'2023-02-28 19:42:19','2023-02-28 19:42:19'),(9073,'2023-02-28 19:42:19','2023-02-28 19:42:19'),(9074,'2023-02-28 19:45:30','2023-02-28 19:45:30'),(9075,'2023-02-28 19:45:30','2023-02-28 19:45:30'),(9076,'2023-02-28 19:45:31','2023-02-28 19:45:31'),(9077,'2023-02-28 19:53:03','2023-02-28 19:53:03'),(9078,'2023-02-28 19:53:04','2023-02-28 19:53:04'),(9079,'2023-02-28 19:53:04','2023-02-28 19:53:04'),(9080,'2023-02-28 19:58:05','2023-02-28 19:58:05'),(9081,'2023-02-28 19:58:05','2023-02-28 19:58:05'),(9082,'2023-02-28 19:58:06','2023-02-28 19:58:06'),(9083,'2023-02-28 21:18:42','2023-02-28 21:18:42'),(9084,'2023-02-28 21:18:42','2023-02-28 21:18:42'),(9085,'2023-02-28 21:18:43','2023-02-28 21:18:43'),(9086,'2023-02-28 21:18:59','2023-02-28 21:18:59'),(9087,'2023-02-28 21:19:00','2023-02-28 21:19:00'),(9088,'2023-02-28 21:19:00','2023-02-28 21:19:00'),(9089,'2023-02-28 22:41:16','2023-02-28 22:41:16'),(9090,'2023-02-28 22:41:17','2023-02-28 22:41:17'),(9091,'2023-02-28 22:41:17','2023-02-28 22:41:17'),(9092,'2023-02-28 22:41:35','2023-02-28 22:41:35'),(9093,'2023-02-28 22:47:08','2023-02-28 22:47:08'),(9094,'2023-02-28 22:47:09','2023-02-28 22:47:09'),(9095,'2023-02-28 22:47:09','2023-02-28 22:47:09'),(9096,'2023-03-01 08:37:42','2023-03-01 08:37:42'),(9097,'2023-03-01 08:37:43','2023-03-01 08:37:43'),(9098,'2023-03-01 08:37:43','2023-03-01 08:37:43'),(9099,'2023-03-01 08:37:50','2023-03-01 08:37:50'),(9100,'2023-03-01 08:42:36','2023-03-01 08:42:36'),(9101,'2023-03-01 08:46:56','2023-03-01 08:46:56'),(9102,'2023-03-01 08:52:25','2023-03-01 08:52:25'),(9103,'2023-03-01 08:52:32','2023-03-01 08:52:32'),(9104,'2023-03-01 08:52:32','2023-03-01 08:52:32'),(9105,'2023-03-01 08:52:33','2023-03-01 08:52:33'),(9106,'2023-03-01 08:55:56','2023-03-01 08:55:56'),(9107,'2023-03-01 08:55:56','2023-03-01 08:55:56'),(9108,'2023-03-01 08:55:57','2023-03-01 08:55:57'),(9109,'2023-03-01 09:05:48','2023-03-01 09:05:48'),(9110,'2023-03-01 09:05:48','2023-03-01 09:05:48'),(9111,'2023-03-01 09:05:49','2023-03-01 09:05:49'),(9112,'2023-03-01 09:11:30','2023-03-01 09:11:30'),(9113,'2023-03-01 09:12:28','2023-03-01 09:12:28'),(9114,'2023-03-01 09:16:42','2023-03-01 09:16:42'),(9115,'2023-03-01 09:20:02','2023-03-01 09:20:02'),(9116,'2023-03-01 09:22:28','2023-03-01 09:22:28'),(9117,'2023-03-01 09:27:58','2023-03-01 09:27:58'),(9118,'2023-03-01 09:27:59','2023-03-01 09:27:59'),(9119,'2023-03-01 09:28:00','2023-03-01 09:28:00'),(9120,'2023-03-01 09:28:00','2023-03-01 09:28:00'),(9121,'2023-03-01 09:34:48','2023-03-01 09:34:48'),(9122,'2023-03-01 09:34:48','2023-03-01 09:34:48'),(9123,'2023-03-01 09:34:49','2023-03-01 09:34:49'),(9124,'2023-03-01 09:34:50','2023-03-01 09:34:50'),(9125,'2023-03-01 09:42:17','2023-03-01 09:42:17'),(9126,'2023-03-01 09:42:18','2023-03-01 09:42:18'),(9127,'2023-03-01 09:42:18','2023-03-01 09:42:18'),(9128,'2023-03-01 09:42:19','2023-03-01 09:42:19'),(9129,'2023-03-01 09:43:12','2023-03-01 09:43:12'),(9130,'2023-03-01 09:43:41','2023-03-01 09:43:41'),(9131,'2023-03-01 09:43:41','2023-03-01 09:43:41'),(9132,'2023-03-01 09:44:34','2023-03-01 09:44:34'),(9133,'2023-03-01 09:44:35','2023-03-01 09:44:35'),(9134,'2023-03-01 09:44:36','2023-03-01 09:44:36'),(9135,'2023-03-01 09:44:36','2023-03-01 09:44:36'),(9136,'2023-03-01 09:48:23','2023-03-01 09:48:23'),(9137,'2023-03-01 09:48:24','2023-03-01 09:48:24'),(9138,'2023-03-01 09:48:25','2023-03-01 09:48:25'),(9139,'2023-03-01 09:48:26','2023-03-01 09:48:26'),(9140,'2023-03-01 09:55:04','2023-03-01 09:55:04'),(9141,'2023-03-01 09:55:04','2023-03-01 09:55:04'),(9142,'2023-03-01 09:55:05','2023-03-01 09:55:05'),(9143,'2023-03-01 09:55:06','2023-03-01 09:55:06'),(9144,'2023-03-01 10:03:33','2023-03-01 10:03:33'),(9145,'2023-03-01 10:03:34','2023-03-01 10:03:34'),(9146,'2023-03-01 10:03:35','2023-03-01 10:03:35'),(9147,'2023-03-01 10:04:05','2023-03-01 10:04:05'),(9148,'2023-03-01 10:04:06','2023-03-01 10:04:06'),(9149,'2023-03-01 10:04:07','2023-03-01 10:04:07'),(9150,'2023-03-01 10:04:07','2023-03-01 10:04:07'),(9151,'2023-03-01 10:12:42','2023-03-01 10:12:42'),(9152,'2023-03-01 10:12:43','2023-03-01 10:12:43'),(9153,'2023-03-01 10:12:44','2023-03-01 10:12:44'),(9154,'2023-03-01 10:12:44','2023-03-01 10:12:44'),(9155,'2023-03-01 10:13:53','2023-03-01 10:13:53'),(9156,'2023-03-01 10:13:54','2023-03-01 10:13:54'),(9157,'2023-03-01 10:13:55','2023-03-01 10:13:55'),(9158,'2023-03-01 10:15:34','2023-03-01 10:15:34'),(9159,'2023-03-01 10:17:48','2023-03-01 10:17:48'),(9160,'2023-03-01 10:17:48','2023-03-01 10:17:48'),(9161,'2023-03-01 10:21:09','2023-03-01 10:21:09'),(9162,'2023-03-01 10:21:10','2023-03-01 10:21:10'),(9163,'2023-03-01 10:21:10','2023-03-01 10:21:10'),(9164,'2023-03-01 10:29:45','2023-03-01 10:29:45'),(9165,'2023-03-01 10:29:46','2023-03-01 10:29:46'),(9166,'2023-03-01 10:29:47','2023-03-01 10:29:47'),(9167,'2023-03-01 10:30:18','2023-03-01 10:30:18'),(9168,'2023-03-01 10:30:19','2023-03-01 10:30:19'),(9169,'2023-03-01 10:30:19','2023-03-01 10:30:19'),(9170,'2023-03-01 10:30:20','2023-03-01 10:30:20'),(9171,'2023-03-01 10:46:40','2023-03-01 10:46:40'),(9172,'2023-03-01 10:46:41','2023-03-01 10:46:41'),(9173,'2023-03-01 10:46:41','2023-03-01 10:46:41'),(9174,'2023-03-01 10:54:42','2023-03-01 10:54:42'),(9175,'2023-03-01 10:54:42','2023-03-01 10:54:42'),(9176,'2023-03-01 10:54:43','2023-03-01 10:54:43'),(9177,'2023-03-01 10:54:57','2023-03-01 10:54:57'),(9178,'2023-03-01 10:54:57','2023-03-01 10:54:57'),(9179,'2023-03-01 10:54:58','2023-03-01 10:54:58'),(9180,'2023-03-01 10:54:59','2023-03-01 10:54:59'),(9181,'2023-03-01 10:59:47','2023-03-01 10:59:47'),(9182,'2023-03-01 10:59:47','2023-03-01 10:59:47'),(9183,'2023-03-01 10:59:48','2023-03-01 10:59:48'),(9184,'2023-03-01 10:59:49','2023-03-01 10:59:49'),(9185,'2023-03-01 11:00:25','2023-03-01 11:00:25'),(9186,'2023-03-01 11:00:25','2023-03-01 11:00:25'),(9187,'2023-03-01 11:00:26','2023-03-01 11:00:26'),(9188,'2023-03-01 11:01:24','2023-03-01 11:01:24'),(9189,'2023-03-01 11:01:25','2023-03-01 11:01:25'),(9190,'2023-03-01 11:01:25','2023-03-01 11:01:25'),(9191,'2023-03-01 11:01:26','2023-03-01 11:01:26'),(9192,'2023-03-01 11:24:17','2023-03-01 11:24:17'),(9193,'2023-03-01 11:24:18','2023-03-01 11:24:18'),(9194,'2023-03-01 11:24:18','2023-03-01 11:24:18'),(9195,'2023-03-01 11:24:19','2023-03-01 11:24:19'),(9196,'2023-03-01 11:54:18','2023-03-01 11:54:18'),(9197,'2023-03-01 11:54:18','2023-03-01 11:54:18'),(9198,'2023-03-01 11:54:19','2023-03-01 11:54:19'),(9199,'2023-03-01 11:54:20','2023-03-01 11:54:20'),(9200,'2023-03-01 12:01:00','2023-03-01 12:01:00'),(9201,'2023-03-01 12:01:00','2023-03-01 12:01:00'),(9202,'2023-03-01 12:01:01','2023-03-01 12:01:01'),(9203,'2023-03-01 12:01:02','2023-03-01 12:01:02'),(9204,'2023-03-01 12:01:04','2023-03-01 12:01:04'),(9205,'2023-03-01 12:01:04','2023-03-01 12:01:04'),(9206,'2023-03-01 12:01:05','2023-03-01 12:01:05'),(9207,'2023-03-01 12:01:06','2023-03-01 12:01:06'),(9208,'2023-03-01 12:17:49','2023-03-01 12:17:49'),(9209,'2023-03-01 12:17:49','2023-03-01 12:17:49'),(9210,'2023-03-01 12:17:50','2023-03-01 12:17:50'),(9211,'2023-03-01 12:17:51','2023-03-01 12:17:51'),(9212,'2023-03-01 12:18:40','2023-03-01 12:18:40'),(9213,'2023-03-01 12:18:41','2023-03-01 12:18:41'),(9214,'2023-03-01 12:18:41','2023-03-01 12:18:41'),(9215,'2023-03-01 12:18:42','2023-03-01 12:18:42'),(9216,'2023-03-01 12:20:36','2023-03-01 12:20:36'),(9217,'2023-03-01 12:20:36','2023-03-01 12:20:36'),(9218,'2023-03-01 12:20:37','2023-03-01 12:20:37'),(9219,'2023-03-01 12:20:38','2023-03-01 12:20:38'),(9220,'2023-03-01 12:26:37','2023-03-01 12:26:37'),(9221,'2023-03-01 12:26:38','2023-03-01 12:26:38'),(9222,'2023-03-01 12:26:39','2023-03-01 12:26:39'),(9223,'2023-03-01 12:26:39','2023-03-01 12:26:39'),(9224,'2023-03-01 12:30:39','2023-03-01 12:30:39'),(9225,'2023-03-01 12:30:39','2023-03-01 12:30:39'),(9226,'2023-03-01 12:30:59','2023-03-01 12:30:59'),(9227,'2023-03-01 12:31:00','2023-03-01 12:31:00'),(9228,'2023-03-01 12:31:01','2023-03-01 12:31:01'),(9229,'2023-03-01 12:31:01','2023-03-01 12:31:01'),(9230,'2023-03-01 12:38:32','2023-03-01 12:38:32'),(9231,'2023-03-01 12:38:32','2023-03-01 12:38:32'),(9232,'2023-03-01 12:38:33','2023-03-01 12:38:33'),(9233,'2023-03-01 12:38:34','2023-03-01 12:38:34'),(9234,'2023-03-01 12:39:00','2023-03-01 12:39:00'),(9235,'2023-03-01 12:39:01','2023-03-01 12:39:01'),(9236,'2023-03-01 12:39:02','2023-03-01 12:39:02'),(9237,'2023-03-01 12:39:02','2023-03-01 12:39:02'),(9238,'2023-03-01 12:39:41','2023-03-01 12:39:41'),(9239,'2023-03-01 12:39:42','2023-03-01 12:39:42'),(9240,'2023-03-01 12:39:42','2023-03-01 12:39:42'),(9241,'2023-03-01 12:39:43','2023-03-01 12:39:43'),(9242,'2023-03-01 12:39:59','2023-03-01 12:39:59'),(9243,'2023-03-01 12:40:00','2023-03-01 12:40:00'),(9244,'2023-03-01 12:40:00','2023-03-01 12:40:00'),(9245,'2023-03-01 12:40:01','2023-03-01 12:40:01'),(9246,'2023-03-01 12:40:47','2023-03-01 12:40:47'),(9247,'2023-03-01 12:40:48','2023-03-01 12:40:48'),(9248,'2023-03-01 12:40:48','2023-03-01 12:40:48'),(9249,'2023-03-01 12:40:49','2023-03-01 12:40:49'),(9250,'2023-03-01 12:40:54','2023-03-01 12:40:54'),(9251,'2023-03-01 12:40:54','2023-03-01 12:40:54'),(9252,'2023-03-01 12:40:55','2023-03-01 12:40:55'),(9253,'2023-03-01 12:40:55','2023-03-01 12:40:55'),(9254,'2023-03-01 12:41:04','2023-03-01 12:41:04'),(9255,'2023-03-01 12:41:05','2023-03-01 12:41:05'),(9256,'2023-03-01 12:41:05','2023-03-01 12:41:05'),(9257,'2023-03-01 12:41:06','2023-03-01 12:41:06'),(9258,'2023-03-01 12:41:18','2023-03-01 12:41:18'),(9259,'2023-03-01 12:41:19','2023-03-01 12:41:19'),(9260,'2023-03-01 12:41:19','2023-03-01 12:41:19'),(9261,'2023-03-01 12:41:20','2023-03-01 12:41:20'),(9262,'2023-03-01 12:41:39','2023-03-01 12:41:39'),(9263,'2023-03-01 12:41:39','2023-03-01 12:41:39'),(9264,'2023-03-01 12:41:40','2023-03-01 12:41:40'),(9265,'2023-03-01 12:41:41','2023-03-01 12:41:41'),(9266,'2023-03-01 12:41:48','2023-03-01 12:41:48'),(9267,'2023-03-01 12:41:49','2023-03-01 12:41:49'),(9268,'2023-03-01 12:41:50','2023-03-01 12:41:50'),(9269,'2023-03-01 12:41:50','2023-03-01 12:41:50'),(9270,'2023-03-01 12:42:28','2023-03-01 12:42:28'),(9271,'2023-03-01 12:42:29','2023-03-01 12:42:29'),(9272,'2023-03-01 12:42:29','2023-03-01 12:42:29'),(9273,'2023-03-01 12:42:30','2023-03-01 12:42:30'),(9274,'2023-03-01 12:43:05','2023-03-01 12:43:05'),(9275,'2023-03-01 12:43:06','2023-03-01 12:43:06'),(9276,'2023-03-01 12:43:06','2023-03-01 12:43:06'),(9277,'2023-03-01 12:43:07','2023-03-01 12:43:07'),(9278,'2023-03-01 12:43:42','2023-03-01 12:43:42'),(9279,'2023-03-01 12:43:43','2023-03-01 12:43:43'),(9280,'2023-03-01 12:43:44','2023-03-01 12:43:44'),(9281,'2023-03-01 12:43:44','2023-03-01 12:43:44'),(9282,'2023-03-01 12:44:32','2023-03-01 12:44:32'),(9283,'2023-03-01 12:44:32','2023-03-01 12:44:32'),(9284,'2023-03-01 12:44:33','2023-03-01 12:44:33'),(9285,'2023-03-01 12:44:34','2023-03-01 12:44:34'),(9286,'2023-03-01 12:47:03','2023-03-01 12:47:03'),(9287,'2023-03-01 12:47:03','2023-03-01 12:47:03'),(9288,'2023-03-01 12:47:04','2023-03-01 12:47:04'),(9289,'2023-03-01 12:47:04','2023-03-01 12:47:04'),(9290,'2023-03-01 12:51:32','2023-03-01 12:51:32'),(9291,'2023-03-01 12:51:33','2023-03-01 12:51:33'),(9292,'2023-03-01 12:51:34','2023-03-01 12:51:34'),(9293,'2023-03-01 12:51:34','2023-03-01 12:51:34'),(9294,'2023-03-01 12:53:53','2023-03-01 12:53:53'),(9295,'2023-03-01 12:53:53','2023-03-01 12:53:53'),(9296,'2023-03-01 12:53:54','2023-03-01 12:53:54'),(9297,'2023-03-01 12:53:55','2023-03-01 12:53:55'),(9298,'2023-03-01 12:54:10','2023-03-01 12:54:10'),(9299,'2023-03-01 12:54:10','2023-03-01 12:54:10'),(9300,'2023-03-01 12:54:11','2023-03-01 12:54:11'),(9301,'2023-03-01 12:54:12','2023-03-01 12:54:12'),(9302,'2023-03-01 12:55:09','2023-03-01 12:55:09'),(9303,'2023-03-01 12:55:09','2023-03-01 12:55:09'),(9304,'2023-03-01 12:55:10','2023-03-01 12:55:10'),(9305,'2023-03-01 12:55:11','2023-03-01 12:55:11'),(9306,'2023-03-01 12:55:27','2023-03-01 12:55:27'),(9307,'2023-03-01 12:55:27','2023-03-01 12:55:27'),(9308,'2023-03-01 12:55:28','2023-03-01 12:55:28'),(9309,'2023-03-01 12:55:29','2023-03-01 12:55:29'),(9310,'2023-03-01 13:06:00','2023-03-01 13:06:00'),(9311,'2023-03-01 13:06:01','2023-03-01 13:06:01'),(9312,'2023-03-01 13:06:02','2023-03-01 13:06:02'),(9313,'2023-03-01 13:06:02','2023-03-01 13:06:02'),(9314,'2023-03-01 13:08:50','2023-03-01 13:08:50'),(9315,'2023-03-01 13:08:51','2023-03-01 13:08:51'),(9316,'2023-03-01 13:08:52','2023-03-01 13:08:52'),(9317,'2023-03-01 13:08:52','2023-03-01 13:08:52'),(9318,'2023-03-01 13:28:34','2023-03-01 13:28:34'),(9319,'2023-03-01 13:28:35','2023-03-01 13:28:35'),(9320,'2023-03-01 13:28:35','2023-03-01 13:28:35'),(9321,'2023-03-01 13:28:36','2023-03-01 13:28:36'),(9322,'2023-03-01 13:32:14','2023-03-01 13:32:14'),(9323,'2023-03-01 13:32:14','2023-03-01 13:32:14'),(9324,'2023-03-01 13:32:27','2023-03-01 13:32:27'),(9325,'2023-03-01 13:32:28','2023-03-01 13:32:28'),(9326,'2023-03-01 13:32:28','2023-03-01 13:32:28'),(9327,'2023-03-01 13:32:29','2023-03-01 13:32:29'),(9328,'2023-03-01 13:32:38','2023-03-01 13:32:38'),(9329,'2023-03-01 13:32:38','2023-03-01 13:32:38'),(9330,'2023-03-01 13:32:39','2023-03-01 13:32:39'),(9331,'2023-03-01 13:32:40','2023-03-01 13:32:40'),(9332,'2023-03-01 13:37:44','2023-03-01 13:37:44'),(9333,'2023-03-01 13:37:44','2023-03-01 13:37:44'),(9334,'2023-03-01 13:37:45','2023-03-01 13:37:45'),(9335,'2023-03-01 13:37:46','2023-03-01 13:37:46'),(9336,'2023-03-01 13:39:30','2023-03-01 13:39:30'),(9337,'2023-03-01 13:39:30','2023-03-01 13:39:30'),(9338,'2023-03-01 13:39:31','2023-03-01 13:39:31'),(9339,'2023-03-01 13:39:32','2023-03-01 13:39:32'),(9340,'2023-03-01 15:01:42','2023-03-01 15:01:42'),(9341,'2023-03-01 15:01:43','2023-03-01 15:01:43'),(9342,'2023-03-01 15:01:44','2023-03-01 15:01:44'),(9343,'2023-03-01 15:01:44','2023-03-01 15:01:44'),(9344,'2023-03-01 15:02:31','2023-03-01 15:02:31'),(9345,'2023-03-01 15:02:32','2023-03-01 15:02:32'),(9346,'2023-03-01 15:02:33','2023-03-01 15:02:33'),(9347,'2023-03-01 15:02:33','2023-03-01 15:02:33'),(9348,'2023-03-01 15:13:26','2023-03-01 15:13:26'),(9349,'2023-03-01 15:13:27','2023-03-01 15:13:27'),(9350,'2023-03-01 15:13:28','2023-03-01 15:13:28'),(9351,'2023-03-01 15:13:28','2023-03-01 15:13:28'),(9352,'2023-03-01 15:14:16','2023-03-01 15:14:16'),(9353,'2023-03-01 15:14:16','2023-03-01 15:14:16'),(9354,'2023-03-01 15:14:17','2023-03-01 15:14:17'),(9355,'2023-03-01 15:14:18','2023-03-01 15:14:18'),(9356,'2023-03-01 15:16:01','2023-03-01 15:16:01'),(9357,'2023-03-01 15:16:02','2023-03-01 15:16:02'),(9358,'2023-03-01 15:16:03','2023-03-01 15:16:03'),(9359,'2023-03-01 15:16:04','2023-03-01 15:16:04'),(9360,'2023-03-01 16:07:15','2023-03-01 16:07:15'),(9361,'2023-03-01 16:07:15','2023-03-01 16:07:15'),(9362,'2023-03-01 16:07:16','2023-03-01 16:07:16'),(9363,'2023-03-01 16:07:17','2023-03-01 16:07:17'),(9364,'2023-03-01 16:43:13','2023-03-01 16:43:13'),(9365,'2023-03-01 16:43:14','2023-03-01 16:43:14'),(9366,'2023-03-01 16:43:15','2023-03-01 16:43:15'),(9367,'2023-03-01 16:43:15','2023-03-01 16:43:15'),(9368,'2023-03-01 16:43:34','2023-03-01 16:43:34'),(9369,'2023-03-01 16:43:35','2023-03-01 16:43:35'),(9370,'2023-03-01 16:43:36','2023-03-01 16:43:36'),(9371,'2023-03-01 16:43:36','2023-03-01 16:43:36'),(9372,'2023-03-01 16:44:00','2023-03-01 16:44:00'),(9373,'2023-03-01 16:44:01','2023-03-01 16:44:01'),(9374,'2023-03-01 16:44:01','2023-03-01 16:44:01'),(9375,'2023-03-01 16:44:02','2023-03-01 16:44:02'),(9376,'2023-03-01 16:44:11','2023-03-01 16:44:11'),(9377,'2023-03-01 16:44:12','2023-03-01 16:44:12'),(9378,'2023-03-01 16:44:13','2023-03-01 16:44:13'),(9379,'2023-03-01 16:44:13','2023-03-01 16:44:13'),(9380,'2023-03-01 16:45:19','2023-03-01 16:45:19'),(9381,'2023-03-01 16:45:20','2023-03-01 16:45:20'),(9382,'2023-03-01 16:45:20','2023-03-01 16:45:20'),(9383,'2023-03-01 16:45:21','2023-03-01 16:45:21'),(9384,'2023-03-01 16:45:32','2023-03-01 16:45:32'),(9385,'2023-03-01 16:45:32','2023-03-01 16:45:32'),(9386,'2023-03-01 16:45:33','2023-03-01 16:45:33'),(9387,'2023-03-01 16:45:34','2023-03-01 16:45:34'),(9388,'2023-03-01 16:47:40','2023-03-01 16:47:40'),(9389,'2023-03-01 16:47:41','2023-03-01 16:47:41'),(9390,'2023-03-01 16:47:42','2023-03-01 16:47:42'),(9391,'2023-03-01 16:47:42','2023-03-01 16:47:42'),(9392,'2023-03-01 18:19:22','2023-03-01 18:19:22'),(9393,'2023-03-01 18:19:23','2023-03-01 18:19:23'),(9394,'2023-03-01 18:19:24','2023-03-01 18:19:24'),(9395,'2023-03-01 18:19:24','2023-03-01 18:19:24'),(9396,'2023-03-01 18:30:08','2023-03-01 18:30:08'),(9397,'2023-03-01 18:30:08','2023-03-01 18:30:08'),(9398,'2023-03-01 18:30:09','2023-03-01 18:30:09'),(9399,'2023-03-01 18:30:10','2023-03-01 18:30:10'),(9400,'2023-03-01 18:30:40','2023-03-01 18:30:40'),(9401,'2023-03-01 18:30:41','2023-03-01 18:30:41'),(9402,'2023-03-01 18:30:41','2023-03-01 18:30:41'),(9403,'2023-03-01 18:30:42','2023-03-01 18:30:42'),(9404,'2023-03-01 19:20:36','2023-03-01 19:20:36'),(9405,'2023-03-01 19:20:36','2023-03-01 19:20:36'),(9406,'2023-03-01 19:20:37','2023-03-01 19:20:37'),(9407,'2023-03-01 19:20:37','2023-03-01 19:20:37'),(9408,'2023-03-01 19:30:34','2023-03-01 19:30:34'),(9409,'2023-03-01 19:30:35','2023-03-01 19:30:35'),(9410,'2023-03-01 19:30:35','2023-03-01 19:30:35'),(9411,'2023-03-01 19:30:36','2023-03-01 19:30:36'),(9412,'2023-03-01 19:31:07','2023-03-01 19:31:07'),(9413,'2023-03-01 19:31:08','2023-03-01 19:31:08'),(9414,'2023-03-01 19:31:09','2023-03-01 19:31:09'),(9415,'2023-03-01 19:31:09','2023-03-01 19:31:09'),(9416,'2023-03-01 19:44:32','2023-03-01 19:44:32'),(9417,'2023-03-01 19:44:33','2023-03-01 19:44:33'),(9418,'2023-03-01 19:44:34','2023-03-01 19:44:34'),(9419,'2023-03-01 19:44:34','2023-03-01 19:44:34'),(9420,'2023-03-01 19:44:50','2023-03-01 19:44:50'),(9421,'2023-03-01 19:44:50','2023-03-01 19:44:50'),(9422,'2023-03-01 19:44:51','2023-03-01 19:44:51'),(9423,'2023-03-01 19:44:51','2023-03-01 19:44:51'),(9424,'2023-03-01 19:48:08','2023-03-01 19:48:08'),(9425,'2023-03-01 19:48:09','2023-03-01 19:48:09'),(9426,'2023-03-01 19:48:10','2023-03-01 19:48:10'),(9427,'2023-03-01 19:48:10','2023-03-01 19:48:10'),(9428,'2023-03-01 19:48:15','2023-03-01 19:48:15'),(9429,'2023-03-01 19:48:15','2023-03-01 19:48:15'),(9430,'2023-03-01 19:48:16','2023-03-01 19:48:16'),(9431,'2023-03-01 19:48:17','2023-03-01 19:48:17'),(9432,'2023-03-01 19:48:30','2023-03-01 19:48:30'),(9433,'2023-03-01 19:48:31','2023-03-01 19:48:31'),(9434,'2023-03-01 19:48:32','2023-03-01 19:48:32'),(9435,'2023-03-01 19:48:32','2023-03-01 19:48:32'),(9436,'2023-03-01 19:48:33','2023-03-01 19:48:33'),(9437,'2023-03-01 19:48:34','2023-03-01 19:48:34'),(9438,'2023-03-01 19:48:34','2023-03-01 19:48:34'),(9439,'2023-03-01 19:48:35','2023-03-01 19:48:35'),(9440,'2023-03-01 20:42:34','2023-03-01 20:42:34'),(9441,'2023-03-01 20:42:35','2023-03-01 20:42:35'),(9442,'2023-03-01 20:42:35','2023-03-01 20:42:35'),(9443,'2023-03-01 20:42:36','2023-03-01 20:42:36'),(9444,'2023-03-01 23:38:32','2023-03-01 23:38:32'),(9445,'2023-03-01 23:38:33','2023-03-01 23:38:33'),(9446,'2023-03-01 23:38:34','2023-03-01 23:38:34'),(9447,'2023-03-01 23:38:34','2023-03-01 23:38:34'),(9448,'2023-03-01 23:39:31','2023-03-01 23:39:31'),(9449,'2023-03-01 23:39:32','2023-03-01 23:39:32'),(9450,'2023-03-01 23:39:32','2023-03-01 23:39:32'),(9451,'2023-03-01 23:39:33','2023-03-01 23:39:33'),(9452,'2023-03-01 23:42:29','2023-03-01 23:42:29'),(9453,'2023-03-01 23:42:30','2023-03-01 23:42:30'),(9454,'2023-03-01 23:42:30','2023-03-01 23:42:30'),(9455,'2023-03-01 23:42:31','2023-03-01 23:42:31'),(9456,'2023-03-01 23:43:31','2023-03-01 23:43:31'),(9457,'2023-03-01 23:43:32','2023-03-01 23:43:32'),(9458,'2023-03-01 23:43:32','2023-03-01 23:43:32'),(9459,'2023-03-01 23:43:33','2023-03-01 23:43:33'),(9460,'2023-03-01 23:44:15','2023-03-01 23:44:15'),(9461,'2023-03-01 23:44:15','2023-03-01 23:44:15'),(9462,'2023-03-01 23:44:16','2023-03-01 23:44:16'),(9463,'2023-03-01 23:44:16','2023-03-01 23:44:16'),(9464,'2023-03-01 23:44:22','2023-03-01 23:44:22'),(9465,'2023-03-01 23:44:23','2023-03-01 23:44:23'),(9466,'2023-03-01 23:44:24','2023-03-01 23:44:24'),(9467,'2023-03-01 23:44:24','2023-03-01 23:44:24'),(9468,'2023-03-01 23:45:03','2023-03-01 23:45:03'),(9469,'2023-03-01 23:45:04','2023-03-01 23:45:04'),(9470,'2023-03-01 23:45:04','2023-03-01 23:45:04'),(9471,'2023-03-01 23:45:05','2023-03-01 23:45:05'),(9472,'2023-03-01 23:46:38','2023-03-01 23:46:38'),(9473,'2023-03-01 23:46:38','2023-03-01 23:46:38'),(9474,'2023-03-01 23:46:39','2023-03-01 23:46:39'),(9475,'2023-03-01 23:46:40','2023-03-01 23:46:40'),(9476,'2023-03-01 23:47:09','2023-03-01 23:47:09'),(9477,'2023-03-01 23:47:09','2023-03-01 23:47:09'),(9478,'2023-03-01 23:47:10','2023-03-01 23:47:10'),(9479,'2023-03-01 23:47:11','2023-03-01 23:47:11'),(9480,'2023-03-01 23:47:34','2023-03-01 23:47:34'),(9481,'2023-03-01 23:47:35','2023-03-01 23:47:35'),(9482,'2023-03-01 23:47:35','2023-03-01 23:47:35'),(9483,'2023-03-01 23:47:36','2023-03-01 23:47:36'),(9484,'2023-03-01 23:47:48','2023-03-01 23:47:48'),(9485,'2023-03-01 23:47:49','2023-03-01 23:47:49'),(9486,'2023-03-01 23:47:49','2023-03-01 23:47:49'),(9487,'2023-03-01 23:47:50','2023-03-01 23:47:50'),(9488,'2023-03-01 23:48:00','2023-03-01 23:48:00'),(9489,'2023-03-01 23:48:01','2023-03-01 23:48:01'),(9490,'2023-03-01 23:48:01','2023-03-01 23:48:01'),(9491,'2023-03-01 23:48:02','2023-03-01 23:48:02'),(9492,'2023-03-01 23:49:44','2023-03-01 23:49:44'),(9493,'2023-03-01 23:49:45','2023-03-01 23:49:45'),(9494,'2023-03-01 23:49:46','2023-03-01 23:49:46'),(9495,'2023-03-01 23:50:17','2023-03-01 23:50:17'),(9496,'2023-03-01 23:50:18','2023-03-01 23:50:18'),(9497,'2023-03-01 23:50:18','2023-03-01 23:50:18'),(9498,'2023-03-01 23:50:19','2023-03-01 23:50:19'),(9499,'2023-03-01 23:50:28','2023-03-01 23:50:28'),(9500,'2023-03-01 23:50:29','2023-03-01 23:50:29'),(9501,'2023-03-01 23:50:29','2023-03-01 23:50:29'),(9502,'2023-03-01 23:50:30','2023-03-01 23:50:30'),(9503,'2023-03-01 23:52:13','2023-03-01 23:52:13'),(9504,'2023-03-01 23:52:13','2023-03-01 23:52:13'),(9505,'2023-03-01 23:54:03','2023-03-01 23:54:03'),(9506,'2023-03-01 23:54:04','2023-03-01 23:54:04'),(9507,'2023-03-01 23:54:05','2023-03-01 23:54:05'),(9508,'2023-03-01 23:54:05','2023-03-01 23:54:05'),(9509,'2023-03-01 23:55:18','2023-03-01 23:55:18'),(9510,'2023-03-01 23:55:50','2023-03-01 23:55:50'),(9511,'2023-03-01 23:55:53','2023-03-01 23:55:53'),(9512,'2023-03-01 23:55:54','2023-03-01 23:55:54'),(9513,'2023-03-01 23:55:54','2023-03-01 23:55:54'),(9514,'2023-03-01 23:55:55','2023-03-01 23:55:55'),(9515,'2023-03-01 23:56:15','2023-03-01 23:56:15'),(9516,'2023-03-01 23:56:16','2023-03-01 23:56:16'),(9517,'2023-03-01 23:56:47','2023-03-01 23:56:47'),(9518,'2023-03-01 23:56:48','2023-03-01 23:56:48'),(9519,'2023-03-01 23:56:49','2023-03-01 23:56:49'),(9520,'2023-03-01 23:56:50','2023-03-01 23:56:50'),(9521,'2023-03-01 23:57:20','2023-03-01 23:57:20'),(9522,'2023-03-01 23:57:21','2023-03-01 23:57:21'),(9523,'2023-03-01 23:57:21','2023-03-01 23:57:21'),(9524,'2023-03-01 23:57:22','2023-03-01 23:57:22'),(9525,'2023-03-02 00:28:15','2023-03-02 00:28:15'),(9526,'2023-03-02 00:28:16','2023-03-02 00:28:16'),(9527,'2023-03-02 00:28:17','2023-03-02 00:28:17'),(9528,'2023-03-02 00:28:17','2023-03-02 00:28:17'),(9529,'2023-03-02 00:28:34','2023-03-02 00:28:34'),(9530,'2023-03-02 00:28:35','2023-03-02 00:28:35'),(9531,'2023-03-02 00:28:36','2023-03-02 00:28:36'),(9532,'2023-03-02 00:28:36','2023-03-02 00:28:36'),(9533,'2023-03-02 00:42:37','2023-03-02 00:42:37'),(9534,'2023-03-02 00:42:37','2023-03-02 00:42:37'),(9535,'2023-03-02 00:42:38','2023-03-02 00:42:38'),(9536,'2023-03-02 00:42:39','2023-03-02 00:42:39'),(9537,'2023-03-02 07:16:22','2023-03-02 07:16:22'),(9538,'2023-03-02 07:16:22','2023-03-02 07:16:22'),(9539,'2023-03-02 07:16:24','2023-03-02 07:16:24'),(9540,'2023-03-02 07:16:24','2023-03-02 07:16:24'),(9541,'2023-03-02 07:16:34','2023-03-02 07:16:34'),(9542,'2023-03-02 07:16:35','2023-03-02 07:16:35'),(9543,'2023-03-02 07:16:35','2023-03-02 07:16:35'),(9544,'2023-03-02 07:16:36','2023-03-02 07:16:36'),(9545,'2023-03-02 07:16:36','2023-03-02 07:16:36'),(9546,'2023-03-02 07:16:37','2023-03-02 07:16:37'),(9547,'2023-03-02 07:16:37','2023-03-02 07:16:37'),(9548,'2023-03-02 07:16:39','2023-03-02 07:16:39'),(9549,'2023-03-02 07:17:45','2023-03-02 07:17:45'),(9550,'2023-03-02 07:17:47','2023-03-02 07:17:47'),(9551,'2023-03-02 07:17:47','2023-03-02 07:17:47'),(9552,'2023-03-02 07:17:48','2023-03-02 07:17:48'),(9553,'2023-03-02 07:17:51','2023-03-02 07:17:51'),(9554,'2023-03-02 07:17:52','2023-03-02 07:17:52'),(9555,'2023-03-02 07:17:53','2023-03-02 07:17:53'),(9556,'2023-03-02 07:17:53','2023-03-02 07:17:53'),(9557,'2023-03-02 07:17:57','2023-03-02 07:17:57'),(9558,'2023-03-02 07:17:58','2023-03-02 07:17:58'),(9559,'2023-03-02 07:17:59','2023-03-02 07:17:59'),(9560,'2023-03-02 07:17:59','2023-03-02 07:17:59'),(9561,'2023-03-02 07:18:36','2023-03-02 07:18:36'),(9562,'2023-03-02 07:18:36','2023-03-02 07:18:36'),(9563,'2023-03-02 07:18:37','2023-03-02 07:18:37'),(9564,'2023-03-02 07:18:38','2023-03-02 07:18:38'),(9565,'2023-03-02 07:18:41','2023-03-02 07:18:41'),(9566,'2023-03-02 07:18:41','2023-03-02 07:18:41'),(9567,'2023-03-02 07:18:42','2023-03-02 07:18:42'),(9568,'2023-03-02 07:18:43','2023-03-02 07:18:43'),(9569,'2023-03-02 07:18:58','2023-03-02 07:18:58'),(9570,'2023-03-02 07:18:58','2023-03-02 07:18:58'),(9571,'2023-03-02 07:18:59','2023-03-02 07:18:59'),(9572,'2023-03-02 07:19:00','2023-03-02 07:19:00'),(9573,'2023-03-02 07:19:22','2023-03-02 07:19:22'),(9574,'2023-03-02 07:19:23','2023-03-02 07:19:23'),(9575,'2023-03-02 07:19:23','2023-03-02 07:19:23'),(9576,'2023-03-02 07:19:24','2023-03-02 07:19:24'),(9577,'2023-03-02 08:29:19','2023-03-02 08:29:19'),(9578,'2023-03-02 08:29:20','2023-03-02 08:29:20'),(9579,'2023-03-02 08:29:21','2023-03-02 08:29:21'),(9580,'2023-03-02 08:29:21','2023-03-02 08:29:21'),(9581,'2023-03-02 08:56:11','2023-03-02 08:56:11'),(9582,'2023-03-02 08:56:12','2023-03-02 08:56:12'),(9583,'2023-03-02 08:56:13','2023-03-02 08:56:13'),(9584,'2023-03-02 08:56:14','2023-03-02 08:56:14'),(9585,'2023-03-02 09:30:13','2023-03-02 09:30:13'),(9586,'2023-03-02 09:32:38','2023-03-02 09:32:38'),(9587,'2023-03-02 09:32:38','2023-03-02 09:32:38'),(9588,'2023-03-02 09:32:39','2023-03-02 09:32:39'),(9589,'2023-03-02 09:32:40','2023-03-02 09:32:40'),(9590,'2023-03-02 09:33:21','2023-03-02 09:33:21'),(9591,'2023-03-02 09:33:21','2023-03-02 09:33:21'),(9592,'2023-03-02 09:34:47','2023-03-02 09:34:47'),(9593,'2023-03-02 09:34:48','2023-03-02 09:34:48'),(9594,'2023-03-02 09:34:49','2023-03-02 09:34:49'),(9595,'2023-03-02 09:34:49','2023-03-02 09:34:49'),(9596,'2023-03-02 09:45:47','2023-03-02 09:45:47'),(9597,'2023-03-02 09:45:47','2023-03-02 09:45:47'),(9598,'2023-03-02 09:45:48','2023-03-02 09:45:48'),(9599,'2023-03-02 09:45:49','2023-03-02 09:45:49'),(9600,'2023-03-02 11:44:57','2023-03-02 11:44:57'),(9601,'2023-03-02 11:44:58','2023-03-02 11:44:58'),(9602,'2023-03-02 11:44:59','2023-03-02 11:44:59'),(9603,'2023-03-02 11:45:00','2023-03-02 11:45:00');
/*!40000 ALTER TABLE `gtp_requests` ENABLE KEYS */;
UNLOCK TABLES;

--
-- Table structure for table `kyc_clients`
--

DROP TABLE IF EXISTS `kyc_clients`;
/*!40101 SET @saved_cs_client     = @@character_set_client */;
/*!50503 SET character_set_client = utf8mb4 */;
CREATE TABLE `kyc_clients` (
  `id` int NOT NULL AUTO_INCREMENT,
  `name` varchar(50) DEFAULT NULL,
  `lastname` varchar(50) DEFAULT NULL,
  `email` varchar(50) DEFAULT NULL,
  `telephone` varchar(50) DEFAULT NULL,
  `birthday` varchar(15) DEFAULT NULL,
  `departement` varchar(50) DEFAULT NULL,
  `city` varchar(50) DEFAULT NULL,
  `country` varchar(50) DEFAULT NULL,
  `address` varchar(255) DEFAULT NULL,
  `profession` varchar(50) DEFAULT NULL,
  `revenu` varchar(50) DEFAULT NULL,
  `piece_type` int DEFAULT NULL,
  `piece_id` varchar(50) DEFAULT NULL,
  `piece_file` varchar(255) DEFAULT NULL,
  `deleted` tinyint DEFAULT NULL,
  `created_at` datetime DEFAULT NULL,
  `updated_at` datetime DEFAULT NULL,
  `user_with_piece` varchar(255) DEFAULT NULL,
  PRIMARY KEY (`id`)
) ENGINE=InnoDB AUTO_INCREMENT=20 DEFAULT CHARSET=latin1;
/*!40101 SET character_set_client = @saved_cs_client */;

--
-- Dumping data for table `kyc_clients`
--

LOCK TABLES `kyc_clients` WRITE;
/*!40000 ALTER TABLE `kyc_clients` DISABLE KEYS */;
INSERT INTO `kyc_clients` VALUES (1,'GBEVE','Aurens','noreply-bcv@bestcash.me','229 68080278','23-JAN-2023','OU','Cotonou','BJ','Houeyiho',NULL,NULL,1,'123456','/storage/pieces/piece_file/L8SrL50oiARORpAwVu2iHTVpxConOa1miFjOUKck.png',0,'2023-01-22 10:36:11','2023-01-23 15:41:18','/storage/pieces/user_with_piece/637nOllZWXdc4yDFzcnYtCH3C68vLHRVPiy1ro9a.png'),(2,'HOUNKPONOU','Erica','noreply-bcv@bestcash.me','229 68080275','24-MAR-1998','LI','Cotonou','BJ','Houeyiho',NULL,NULL,1,'12345678','/storage/pieces/piece_file/m1sn0dlUPDMxpHXSqhmsKYI0tFRPSQUrBGMkohmr.png',0,'2023-01-24 09:39:01','2023-01-24 13:39:41','/storage/pieces/user_with_piece/9V7u6hgOQBftnw8yGbiDKLNIe9fy1BybqHWx3lBp.png'),(3,'GOUNON','Viviane','noreply-bcv@bestcash.me','229 61714161','18-MAR-1998','AK','Cotonou','BJ','Cadjehoun, haie vive',NULL,NULL,1,'12345678','/storage/pieces/piece_file/qhdtSrdi5OnIuDHPxxWOujC6is9lOrsvIguHbE6M.png',0,'2023-01-24 20:26:15','2023-01-30 16:14:43','/storage/pieces/user_with_piece/JaTstIa0eBkCVaHurq42gTPJZ7Rg2k048iKQYtMx.png'),(4,'LOBIYI','Salvador','noreply-bcv@bestcash.me','229 66272226','01-JAN-2023','LI','Cotonou','BJ','Houeyiho',NULL,NULL,1,'12345678','/storage/pieces/piece_file/ZjCSsFsMt5nKa6Cmpkf2XWDb0u5a06J9kGHtSilP.png',0,'2023-01-31 00:11:54','2023-01-31 00:13:45','/storage/pieces/user_with_piece/D8AzgeL3QeUlbrNEZTEHfILDfI4REcFQVUasugOo.png'),(5,'GBEVE','Merveille','enochahoudji@gmail.com','229 55585196','05-FEB-2023','LI','Cotonou','BJ','Houéyiho',NULL,NULL,1,'1234567899','/storage/pieces/piece_file/lr8kg1R5AFhCKRXvXScBplZgvMwPTsC1uAzGsV2H.jpg',0,'2023-02-05 19:05:25','2023-02-05 19:29:33','/storage/pieces/user_with_piece/SMFsFaO4fQgoXTqHGdZ9kkiNNefoOcQVyfheNceI.jpg'),(6,'GBEVE','Aurens','noreply-bcv@bestcash.me','229 68080278','18-MAR-1998','LI','Cotonou','BJ','Cadjehoun, haie vive',NULL,NULL,2,'100644333','/storage/pieces/piece_file/7DVW8RWql0pLVH4yRi4lHRcayWdrHeFvM7W6O5fr.jpg',0,'2023-02-15 11:27:05','2023-02-15 11:31:50','/storage/pieces/user_with_piece/CqcPrHNrBtRJI9CR4Xy17rZXeuNW8qwGcnccFmAT.jpg'),(7,'GBEVE','Evans','noreply-bcv@bestcash.me','229 62617848','03-JUN-2022','OU','Porto','BJ','Parakou',NULL,NULL,2,'2',NULL,0,'2023-02-15 13:12:55','2023-02-15 13:14:25',NULL),(8,'renso','coorporate','noreply-bcv@bestcash.me','229 55012674','15-FEB-2023','LI','Cotonou','BJ','adese',NULL,NULL,2,'152200222','/storage/pieces/piece_file/r32nlG54q44adSD3nkKJNL6azz5kVkWYqLNIqNhx.jpg',0,'2023-02-15 18:01:58','2023-02-15 18:04:01','/storage/pieces/user_with_piece/g0SAgAlr4mRQhz660vtMCGFcERDCHzMTMl5H2FBY.jpg'),(9,'KPOIZOUN','CEDAR','kpoizounc@gmail.com','229 96870404','31-DEC-1974','LI','Cotonou','BJ','c 1015 djidje Cotonou',NULL,NULL,2,'Rt454','/storage/pieces/piece_file/X1IZX4atWtRYu14eWi5BRlKxgX6mgfSCftqTM5IP.jpg',0,'2023-02-15 20:14:06','2023-02-15 20:17:01','/storage/pieces/user_with_piece/pUs5akb8FS56JQt2XSJnZqqWqK1ojkA5XJmLtacR.jpg'),(10,'Ahissou','Franck Omer','franckomer.ahissou@gmail.com','229 94015002','22-JUL-1981','LI','Cotonou','BJ','Djeffa',NULL,NULL,2,'5489464988962',NULL,0,'2023-02-18 09:24:21','2023-02-18 09:26:10',NULL),(11,'Gbeve','Aurens','noreply-bcv@bestcash.me','229 62617848','19-DEC-1984','LI','Cotonou','BJ','Houeyiho',NULL,NULL,2,'100923444','/storage/pieces/piece_file/KKoepXYi4xDKIVj0cijktBRJ323DzlbvRcjUmht7.jpg',0,'2023-02-20 12:29:32','2023-02-20 13:33:04','/storage/pieces/user_with_piece/TT1cYd0vXw7UmmuZ4FtP72nJ5ob6kSUpCh3vOsT4.jpg'),(12,'MOUMOUNI','Mouftaou','mouftaou.moumouni@bestcash.me','229 66080461','02-NOV-1989','AQ','abomey calavi','BJ','Abomey calavi',NULL,NULL,2,'153844077278','/storage/pieces/piece_file/s4cw8goFMw0AoLnbWMrMQ2uYStPYn5UBFUKP6pn1.jpg',0,'2023-02-20 15:51:11','2023-02-20 15:55:49','/storage/pieces/user_with_piece/66jbHHIKuhQJWEOoFHqadZhwehFPRE6HFfLrRbGG.jpg'),(13,'Tossa','prisca','tossaprisca098@gmail.com','229 97838084','30-APR-1995','LI','COTONOU','BJ','Fidjrossè calvaire',NULL,NULL,2,'201856476','/storage/pieces/piece_file/A1tnAkatld1AiWyAnvpIe5Kg4CcLtXgEPyIxDa0Q.jpg',0,'2023-02-21 15:31:58','2023-02-21 15:35:27','/storage/pieces/user_with_piece/2wkXZuKgNjhd9UQnmVgRpAu1lrcCzArqE7FdYgpp.jpg'),(14,'EZOUN','Estard Edossine','ezoumestard@gmail.com','229 62925644','10-JAN-1996','LI','cotonou','BJ','fifadji',NULL,NULL,4,'2345776890865','/storage/pieces/piece_file/1OoXIT9Sj9kc6DKdiFSZThALgaDSzpYTFiuQYJaP.jpg',0,'2023-02-21 15:32:08','2023-02-21 15:36:19','/storage/pieces/user_with_piece/prfZWW5asSbFDTJqMa3naxmtD1XjpscavVLsyBq4.jpg'),(15,'ADEOCHOUN','hapmy','happyadeochoun936@gmail.com','229 97150779','04-APR-1999','LI','cotonou','BJ','ste rita',NULL,NULL,2,'132356876','/storage/pieces/piece_file/RIKB2PiZxka7aOtAVQrYSWq5Ktn8wO3cPQwVinFs.jpg',0,'2023-02-21 15:32:10','2023-02-21 15:35:20','/storage/pieces/user_with_piece/zQszDUclDq4VA5ulGb4sfljmCVh9GAis4digVAm8.jpg'),(16,'zossou','Odile','zossouodile058@gmail.com','229 56056817','01-MAY-1991','AQ','calavi','BJ','calavi',NULL,NULL,2,'250500258','/storage/pieces/piece_file/e7rZGlnt7k0fKXKaZBb3PHb8XBH3ah5acOcuCSVJ.jpg',0,'2023-02-21 15:32:39','2023-02-21 15:35:37','/storage/pieces/user_with_piece/YNzkadf5OO3QwF4AqAf0sPcQfe16ACg34QKy66wl.jpg'),(17,'DANDJINOU','Hervé','dsrv22@yahoo.fr','229 97763768','01-JUN-1984','LI','Cotonou','BJ','Agla',NULL,NULL,NULL,NULL,NULL,0,'2023-03-01 16:52:41','2023-03-01 16:54:36',NULL),(18,'ABIALA','Innocentia','noreply-bcv@bestcash.me','229 67716853','01-SEP-1960','LI','Cotonou','BJ','Godomey',NULL,NULL,1,'1547899566','/storage/pieces/piece_file/1NZLc6ItiMll4lFkeI6NbAKroH4EpAdW6aSiqtlT.jpg',0,'2023-03-01 17:03:06','2023-03-01 17:05:11','/storage/pieces/user_with_piece/OOoOETfOgJqxa94XedSkrRBO3GmSgytUBoTM7tky.png'),(19,'Anani','Bénédicte','noreply-bcv@bestcash.me','229 96928879','18-MAR-1993','LI','Cotonou','BJ','12345678',NULL,NULL,3,'Azertyuia','/storage/pieces/piece_file/q8v8UZfikxsA1z0gvkdF5LOgfMKJFxBmAAqYeXQe.jpg',0,'2023-03-02 08:58:26','2023-03-02 09:00:53','/storage/pieces/user_with_piece/B16S0E5OVdlssRJ6Os2MKUA74XVcnRRWr86Mb4mn.jpg');
/*!40000 ALTER TABLE `kyc_clients` ENABLE KEYS */;
UNLOCK TABLES;

--
-- Table structure for table `limits`
--

DROP TABLE IF EXISTS `limits`;
/*!40101 SET @saved_cs_client     = @@character_set_client */;
/*!50503 SET character_set_client = utf8mb4 */;
CREATE TABLE `limits` (
  `id` int NOT NULL AUTO_INCREMENT,
  `user_partenaire_id` int NOT NULL DEFAULT '0',
  `type_operation` varchar(50) DEFAULT NULL,
  `partenaire_id` int DEFAULT NULL,
  `montant` int DEFAULT NULL,
  `deleted` tinyint DEFAULT NULL,
  `created_at` datetime DEFAULT NULL,
  `updated_at` datetime DEFAULT NULL,
  PRIMARY KEY (`id`)
) ENGINE=InnoDB DEFAULT CHARSET=latin1;
/*!40101 SET character_set_client = @saved_cs_client */;

--
-- Dumping data for table `limits`
--

LOCK TABLES `limits` WRITE;
/*!40000 ALTER TABLE `limits` DISABLE KEYS */;
/*!40000 ALTER TABLE `limits` ENABLE KEYS */;
UNLOCK TABLES;

--
-- Table structure for table `mouchard_partenaires`
--

DROP TABLE IF EXISTS `mouchard_partenaires`;
/*!40101 SET @saved_cs_client     = @@character_set_client */;
/*!50503 SET character_set_client = utf8mb4 */;
CREATE TABLE `mouchard_partenaires` (
  `id` int NOT NULL AUTO_INCREMENT,
  `libelle` varchar(255) DEFAULT NULL,
  `user_partenaire_id` int DEFAULT NULL,
  `deleted` tinyint DEFAULT '0',
  `created_at` datetime DEFAULT NULL,
  `updated_at` datetime DEFAULT NULL,
  PRIMARY KEY (`id`)
) ENGINE=InnoDB AUTO_INCREMENT=55 DEFAULT CHARSET=latin1;
/*!40101 SET character_set_client = @saved_cs_client */;

--
-- Dumping data for table `mouchard_partenaires`
--

LOCK TABLES `mouchard_partenaires` WRITE;
/*!40000 ALTER TABLE `mouchard_partenaires` DISABLE KEYS */;
INSERT INTO `mouchard_partenaires` VALUES (1,'Depot de 3000 effectué sur le compte 22968080278 de Aurens GBEVE. Frais :0',1,0,'2023-01-23 23:34:14','2023-01-23 23:34:14'),(2,'Depot de 3000 effectué sur le compte 22968080278 de Aurens GBEVE. Frais :0',1,0,'2023-01-24 00:03:19','2023-01-24 00:03:19'),(3,'Retrait de 5000 effectué sur le compte 22968080278 de Aurens GBEVE.',1,0,'2023-01-24 00:31:58','2023-01-24 00:31:58'),(4,'Retrait de 3000 effectué sur le compte 22968080278 de Aurens GBEVE.',1,0,'2023-01-24 00:35:07','2023-01-24 00:35:07'),(5,'Retrait de 2000 effectué sur le compte 22968080278 de Aurens GBEVE.',1,0,'2023-01-24 00:36:26','2023-01-24 00:36:26'),(6,'Retrait de 2000 effectué sur le compte 22968080278 de Aurens GBEVE.',1,0,'2023-01-24 00:39:30','2023-01-24 00:39:30'),(7,'Retrait de 2000 effectué sur le compte 22968080278 de Aurens GBEVE.',1,0,'2023-01-24 00:42:12','2023-01-24 00:42:12'),(8,'Retrait de 2000 effectué sur le compte 22968080278 de Aurens GBEVE.',1,0,'2023-01-24 00:44:37','2023-01-24 00:44:37'),(9,'Depot de 9000 effectué sur le compte 22968080278 de Aurens GBEVE. Frais :0',1,0,'2023-01-25 12:57:19','2023-01-25 12:57:19'),(10,'Retrait de 1500 effectué sur le compte 22968080278 de Aurens GBEVE.',1,0,'2023-02-03 14:26:26','2023-02-03 14:26:26'),(11,'Retrait de 1500 effectué sur le compte 22968080278 de Aurens GBEVE.',1,0,'2023-02-03 14:30:43','2023-02-03 14:30:43'),(12,'Retrait de 1000 effectué sur le compte 22968080278 de Aurens GBEVE.',1,0,'2023-02-03 14:35:29','2023-02-03 14:35:29'),(13,'Retrait de 1000 effectué sur le compte 22968080278 de Aurens GBEVE.',1,0,'2023-02-03 14:37:12','2023-02-03 14:37:12'),(14,'Retrait de 1000 effectué sur le compte 22968080278 de Aurens GBEVE.',1,0,'2023-02-03 14:39:06','2023-02-03 14:39:06'),(15,'Depot de 2000 effectué sur le compte 22968080278 de Aurens GBEVE. Frais :0',1,0,'2023-02-03 15:00:30','2023-02-03 15:00:30'),(16,'Depot de 2000 effectué sur le compte 22968080278 de Aurens GBEVE. Frais :0',1,0,'2023-02-03 15:01:57','2023-02-03 15:01:57'),(17,'Depot de 2000 effectué sur le compte 22968080278 de Aurens GBEVE. Frais :0',1,0,'2023-02-03 15:10:49','2023-02-03 15:10:49'),(18,'Opération de transfert du compte commission vers le compte distribution',1,0,'2023-02-05 11:44:02','2023-02-05 11:44:02'),(19,'Retrait de 1500 effectué sur le compte 22968080278 de Aurens GBEVE.',1,0,'2023-02-05 12:31:54','2023-02-05 12:31:54'),(20,'Retrait de 1500 effectué sur le compte 22968080278 de Aurens GBEVE.',1,0,'2023-02-05 12:39:20','2023-02-05 12:39:20'),(21,'Retrait de 1500 effectué sur le compte 22968080278 de Aurens GBEVE.',1,0,'2023-02-05 12:40:29','2023-02-05 12:40:29'),(22,'Retrait de 2000 effectué sur le compte 22955585196 de Merveille GBEVE.',1,0,'2023-02-05 19:42:26','2023-02-05 19:42:26'),(23,'Retrait de 2000 effectué sur le compte 22955585196 de Merveille GBEVE.',1,0,'2023-02-05 20:06:04','2023-02-05 20:06:04'),(24,'Depot de 10000 effectué sur le compte 22955585196 de Merveille GBEVE. Frais :0',1,0,'2023-02-05 20:08:41','2023-02-05 20:08:41'),(25,'Opération de transfert du compte commission vers le compte distribution',1,0,'2023-02-06 10:58:47','2023-02-06 10:58:47'),(26,'Depot de 5000 effectué sur le compte 22968080278 de Aurens GBEVE. Frais :0',1,0,'2023-02-12 21:09:27','2023-02-12 21:09:27'),(27,'Depot de 50000 effectué sur le compte 22968080278 de Aurens GBEVE. Frais :0',1,0,'2023-02-12 21:13:30','2023-02-12 21:13:30'),(28,'Depot de 10000 effectué sur le compte 22968080278 de Aurens GBEVE. Frais :0',1,0,'2023-02-15 17:58:58','2023-02-15 17:58:58'),(29,'Depot de 5000 effectué sur le compte 22996870404 de CEDAR KPOIZOUN. Frais :0',1,0,'2023-02-15 20:25:12','2023-02-15 20:25:12'),(30,'Retrait de 500 effectué sur le compte 22996870404 de CEDAR KPOIZOUN.',1,0,'2023-02-15 20:27:01','2023-02-15 20:27:01'),(31,'Retrait de 500 effectué sur le compte 22996870404 de CEDAR KPOIZOUN.',1,0,'2023-02-15 20:27:10','2023-02-15 20:27:10'),(32,'Retrait de 500 effectué sur le compte 22996870404 de CEDAR KPOIZOUN.',1,0,'2023-02-15 20:27:16','2023-02-15 20:27:16'),(33,'Retrait de 500 effectué sur le compte 22996870404 de CEDAR KPOIZOUN.',1,0,'2023-02-15 20:27:37','2023-02-15 20:27:37'),(34,'Retrait de 5000 effectué sur le compte 22968080278 de Aurens GBEVE.',1,0,'2023-02-15 20:40:23','2023-02-15 20:40:23'),(35,'Retrait de 5000 effectué sur le compte 22968080278 de Aurens GBEVE.',1,0,'2023-02-15 20:43:24','2023-02-15 20:43:24'),(36,'Retrait de 500 effectué sur le compte 22996870404 de CEDAR KPOIZOUN.',1,0,'2023-02-15 20:48:16','2023-02-15 20:48:16'),(37,'Opération de transfert du compte commission vers le compte distribution',1,0,'2023-02-18 09:48:51','2023-02-18 09:48:51'),(38,'Depot de 5000 effectué sur le compte 22994015002 de Franck Omer Ahissou. Frais :0',1,0,'2023-02-19 16:17:40','2023-02-19 16:17:40'),(39,'Depot de 5000 effectué sur le compte 22994015002 de Franck Omer Ahissou. Frais :0',1,0,'2023-02-19 16:17:58','2023-02-19 16:17:58'),(40,'Retrait de 3800 effectué sur le compte 22994015002 de Franck Omer Ahissou.',1,0,'2023-02-19 16:19:49','2023-02-19 16:19:49'),(41,'Depot de 1000 effectué sur le compte 22997150779 de hapmy ADEOCHOUN. Frais :0',1,0,'2023-02-21 15:49:47','2023-02-21 15:49:47'),(42,'Depot de 500 effectué sur le compte 22956056817 de Odile zossou. Frais :0',1,0,'2023-02-21 15:49:52','2023-02-21 15:49:52'),(43,'Depot de 500 effectué sur le compte 22962925644 de Estard Edossine EZOUN. Frais :0',1,0,'2023-02-21 15:49:52','2023-02-21 15:49:52'),(44,'Depot de 500 effectué sur le compte 22997838084 de prisca Tossa. Frais :0',1,0,'2023-02-21 15:49:59','2023-02-21 15:49:59'),(45,'Retrait de 500 effectué sur le compte 22997150779 de hapmy ADEOCHOUN.',1,0,'2023-02-21 15:51:50','2023-02-21 15:51:50'),(46,'Retrait de 400 effectué sur le compte 22997838084 de prisca Tossa.',1,0,'2023-02-21 15:53:01','2023-02-21 15:53:01'),(47,'Retrait de 400 effectué sur le compte 22956056817 de Odile zossou.',1,0,'2023-02-21 15:53:27','2023-02-21 15:53:27'),(48,'Retrait de 300 effectué sur le compte 22962925644 de Estard Edossine EZOUN.',1,0,'2023-02-21 15:53:28','2023-02-21 15:53:28'),(49,'Ajout de l\'utilisateur ezoun estard',1,0,'2023-02-23 16:59:44','2023-02-23 16:59:44'),(50,'Depot de 5000 effectué sur le compte 22968080278 de Aurens GBEVE. Frais :0',1,0,'2023-02-23 17:14:12','2023-02-23 17:14:12'),(51,'Retrait de 1500 effectué sur le compte 22968080278 de Aurens GBEVE.',1,0,'2023-02-23 17:17:10','2023-02-23 17:17:10'),(52,'Retrait de 5000 effectué sur le compte 22968080278 de Aurens GBEVE.',1,0,'2023-03-01 09:43:13','2023-03-01 09:43:13'),(53,'Retrait de 10000 effectué sur le compte 22967717596 de Enock GBEVE.',1,0,'2023-03-01 23:55:18','2023-03-01 23:55:18'),(54,'Retrait de 10000 effectué sur le compte 22967717596 de Enock GBEVE.',1,0,'2023-03-01 23:55:51','2023-03-01 23:55:51');
/*!40000 ALTER TABLE `mouchard_partenaires` ENABLE KEYS */;
UNLOCK TABLES;

--
-- Table structure for table `mouchards`
--

DROP TABLE IF EXISTS `mouchards`;
/*!40101 SET @saved_cs_client     = @@character_set_client */;
/*!50503 SET character_set_client = utf8mb4 */;
CREATE TABLE `mouchards` (
  `id` int NOT NULL,
  `libelle` varchar(255) DEFAULT NULL,
  `user_id` int DEFAULT NULL,
  `deleted` tinyint DEFAULT '0',
  `created_at` datetime DEFAULT NULL,
  `updated_at` datetime DEFAULT NULL,
  PRIMARY KEY (`id`)
) ENGINE=InnoDB DEFAULT CHARSET=latin1;
/*!40101 SET character_set_client = @saved_cs_client */;

--
-- Dumping data for table `mouchards`
--

LOCK TABLES `mouchards` WRITE;
/*!40000 ALTER TABLE `mouchards` DISABLE KEYS */;
/*!40000 ALTER TABLE `mouchards` ENABLE KEYS */;
UNLOCK TABLES;

--
-- Table structure for table `partenaires`
--

DROP TABLE IF EXISTS `partenaires`;
/*!40101 SET @saved_cs_client     = @@character_set_client */;
/*!50503 SET character_set_client = utf8mb4 */;
CREATE TABLE `partenaires` (
  `id` int NOT NULL AUTO_INCREMENT,
  `libelle` varchar(255) DEFAULT NULL,
  `code` varchar(50) DEFAULT NULL,
  `last` varchar(50) DEFAULT NULL,
  `rccm` varchar(255) DEFAULT NULL,
  `ifu` varchar(255) DEFAULT NULL,
  `email` varchar(255) DEFAULT NULL,
  `telephone` varchar(50) DEFAULT NULL,
  `deleted` tinyint DEFAULT NULL,
  `created_at` datetime DEFAULT NULL,
  `updated_at` datetime DEFAULT NULL,
  PRIMARY KEY (`id`)
) ENGINE=InnoDB AUTO_INCREMENT=3 DEFAULT CHARSET=latin1;
/*!40101 SET character_set_client = @saved_cs_client */;

--
-- Dumping data for table `partenaires`
--

LOCK TABLES `partenaires` WRITE;
/*!40000 ALTER TABLE `partenaires` DISABLE KEYS */;
INSERT INTO `partenaires` VALUES (1,'Elite','12705536','7172','storage/partenaire/rccm/1674234755.jpg','storage/partenaire/ifu/1674234755.pdf','noreply-bcv@bestcash.me','22967717596',0,'2023-01-20 17:12:35','2023-01-20 17:12:35'),(2,'Agence k','12705537','6497','storage/partenaire/rccm/1674513984.pdf','storage/partenaire/ifu/1674513984.pdf','noreply-bcv@bestcash.me','22962617848',0,'2023-01-23 22:46:24','2023-01-23 22:46:24');
/*!40000 ALTER TABLE `partenaires` ENABLE KEYS */;
UNLOCK TABLES;

--
-- Table structure for table `permissions`
--

DROP TABLE IF EXISTS `permissions`;
/*!40101 SET @saved_cs_client     = @@character_set_client */;
/*!50503 SET character_set_client = utf8mb4 */;
CREATE TABLE `permissions` (
  `id` int NOT NULL AUTO_INCREMENT,
  `type` varchar(255) DEFAULT NULL,
  `libelle` varchar(255) DEFAULT NULL,
  `route` varchar(50) DEFAULT NULL,
  `deleted` tinyint DEFAULT NULL,
  `created_at` datetime DEFAULT NULL,
  `updated_at` datetime DEFAULT NULL,
  PRIMARY KEY (`id`)
) ENGINE=InnoDB AUTO_INCREMENT=128 DEFAULT CHARSET=latin1;
/*!40101 SET character_set_client = @saved_cs_client */;

--
-- Dumping data for table `permissions`
--

LOCK TABLES `permissions` WRITE;
/*!40000 ALTER TABLE `permissions` DISABLE KEYS */;
INSERT INTO `permissions` VALUES (2,'admin','Voir la liste des clients','clients',0,'2022-11-17 18:15:59','2022-11-17 18:16:02'),(3,'admin','Modifier les clients','client.edit',0,'2022-11-17 18:16:01','2022-11-17 18:16:03'),(4,'admin','Supprimer des comptes clients','client.delete',0,'2022-11-17 18:15:59','2022-11-17 18:16:04'),(5,'admin','Reinitialiser le mot de passe des clients','client.reset.password',0,'2022-11-17 18:16:07','2022-11-17 18:16:08'),(6,'admin','Activer des comptes clients','client.activation',0,'2022-11-17 18:16:09','2022-11-17 18:16:09'),(7,'admin','Désactiver des comptes clients','client.desactivation',0,'2022-11-17 18:16:10','2022-11-17 18:16:11'),(8,'admin','Voir les details des comptes clients','client.details',0,'2022-11-17 18:16:11','2022-11-17 18:16:12'),(9,'admin','Editer les KYC clients','kyc.edit',0,'2022-11-17 18:16:13','2022-11-17 18:16:14'),(10,'admin','Voir la liste des partenaires','partenaires',0,'2022-11-17 18:16:14','2022-11-17 18:16:15'),(11,'admin','Ajouter un partenaire','partenaire.add',0,'2022-11-17 18:16:16','2022-11-17 18:16:16'),(12,'admin','Modifier les partenaires','partenaire.edit',0,'2022-11-17 18:16:17','2022-11-17 18:16:17'),(13,'admin','Supprimer les partenaires','partenaire.delete',0,'2022-11-17 18:16:18','2022-11-17 18:16:19'),(14,'admin','Voir les details des partenaires','partenaire.details',0,'2022-11-17 18:16:19','2022-11-17 18:16:20'),(15,'admin','Annuler les retraits d\'un partenaire','partenaire.cancel.retrait',0,'2022-11-16 18:16:21','2022-11-17 18:16:22'),(16,'admin','Annuler les depots d\'un partenaire','partenaire.cancel.depot',0,'2022-11-17 18:16:23','2022-11-17 18:16:24'),(17,'admin','Voir la liste des utilisateurs','users',0,'2022-11-17 18:16:27','2022-11-17 18:16:26'),(18,'admin','Ajouter un utilisateur','user.add',0,'2022-11-17 18:16:25','2022-11-17 18:16:27'),(19,'admin','Modifier un utilisateur','user.edit',0,'2022-11-17 18:16:28','2022-11-17 18:16:29'),(20,'admin','Supprimer un utilisateur','user.delete',0,'2022-11-17 18:16:29','2022-11-17 18:16:30'),(21,'admin','Activer un utilisateur','user.activation',0,'2022-11-17 18:16:31','2022-11-17 18:16:32'),(22,'admin','Desactiver un utilisateur','user.desactivation',0,'2022-11-17 18:16:31','2022-11-17 18:16:31'),(23,'admin','Voir les details des utilisateurs','user.details',0,'2022-11-17 18:16:33','2022-11-17 18:16:34'),(24,'admin','Reinitialiser le mot de passe des utilisateurs','user.reset.password',0,'2022-11-17 18:16:34','2022-11-17 18:16:35'),(25,'admin','Voir la liste des gammes de cartes','gammes',0,'2022-11-17 18:16:35','2022-11-17 18:16:36'),(26,'admin','Ajouter une gamme de carte','gamme.add',0,'2022-11-17 18:16:37','2022-11-17 18:16:37'),(27,'admin','Modifier une gamme de carte','gamme.edit',0,'2022-11-17 18:16:38','2022-11-17 18:16:38'),(28,'admin','Supprimer une gamme de carte','gamme.delete',0,'2022-11-17 18:16:44','2022-11-17 18:16:45'),(29,'admin','Activer une gamme de carte','gamme.activation',0,'2022-11-17 18:16:45','2022-11-17 18:16:46'),(30,'admin','Désactiver une gamme de carte','gamme.desactivation',0,'2022-11-17 18:16:46','2022-11-17 18:16:47'),(31,'admin','Voir la liste des frais de retraits','frais',0,'2022-11-17 18:16:47','2022-11-17 18:16:48'),(32,'admin','Ajouter un frais','frais.add',0,'2022-11-17 18:16:48','2022-11-17 18:16:49'),(33,'admin','Modifier un frais','frais.edit',0,'2022-11-17 18:16:49','2022-11-17 18:16:50'),(34,'admin','Supprimer un frais','frais.delete',0,'2022-11-17 18:16:50','2022-11-17 18:16:51'),(35,'admin','Voir la liste des cartes physiques disponibles','carte.physiques',0,'2022-11-17 18:16:54','2022-11-17 18:16:54'),(36,'admin','Stocker des cartes physiques','carte.physiques.add',0,'2022-11-17 18:16:53','2022-11-17 18:16:53'),(37,'admin','Voir la liste des ventes de carte physiques en attentes','vente.physiques.attentes',0,'2022-11-17 18:16:52','2022-11-17 18:16:52'),(38,'admin','Supprimer les ventes de carte physiques','vente.physiques.delete',0,'2022-11-17 18:16:55','2022-11-17 18:16:55'),(39,'admin','Valider les ventes de carte physiques en attente','vente.physiques.attentes.validation',0,'2022-11-17 18:16:56','2022-11-17 18:16:56'),(40,'admin','Rejeter les ventes de carte physiques en attente','vente.physiques.attentes.rejet',0,'2022-11-17 18:16:57','2022-11-17 18:16:58'),(41,'admin','Voir la liste des ventes de carte physiques finalies','vente.physiques.finalises',0,'2022-11-17 18:16:59','2022-11-17 18:16:59'),(42,'admin','Voir la liste des ventes de carte physiques en rejete','vente.physiques.rejetes',0,'2022-11-17 18:16:58','2022-11-17 18:17:00'),(43,'admin','Voir la liste des ventes de carte virtuelle en attentes','vente.virtuelles.attentes',0,'2022-11-17 18:17:05','2022-11-17 18:17:00'),(44,'admin','Supprimer les ventes de carte virtuelles','vente.virtuelles.delete',0,'2022-11-17 18:17:02','2022-11-17 18:17:01'),(45,'admin','Valider les ventes de carte virtuelles en attente','vente.virtuelles.attentes.validation',0,'2022-11-17 18:17:02','2022-11-17 18:17:01'),(46,'admin','Rejeter les ventes de carte virtuelles en attente','vente.virtuelles.attentes.rejet',0,'2022-11-17 18:17:07','2022-11-17 18:17:07'),(47,'admin','Voir la liste des ventes de carte virtuelles finalises','vente.virtuelles.finalises',0,'2022-11-17 18:17:09','2022-11-17 18:17:09'),(48,'admin','Voir la liste des ventes de carte virtuelles en rejete','vente.virtuelles.rejetes',0,'2022-11-17 18:17:11','2022-11-17 18:17:08'),(49,'admin','Voir la liste des recharges en attentes','rechargements.attente',0,'2022-11-17 18:17:10','2022-11-17 18:17:14'),(50,'admin','Supprimer les recharges en attentes','rechargement.attentes.delete',0,'2022-11-17 18:17:12','2022-11-17 18:17:14'),(51,'admin','Valider les recharges en attentes','rechargement.attentes.validation',0,'2022-11-15 18:17:12','2022-11-17 18:17:13'),(52,'admin','Rejeter les recharges en attentes','rechargement.attentes.rejet',0,'2022-11-17 18:17:34','2022-11-17 18:17:36'),(53,'admin','Voir la liste des rechargements finalises','rechargement.finalises',0,'2022-11-17 18:17:35','2022-11-17 18:17:35'),(54,'admin','Voir la liste des rechargements rejetes','rechargement.rejetes',0,'2022-11-17 18:46:31','2022-11-17 18:17:36'),(78,'partenaire','Voir les retaits en attente de validation client','retraits',0,'2022-11-17 18:53:07','2022-11-17 18:53:06'),(79,'partenaire','Voir les retraits finalisés','retraits.finalises',0,'2022-11-17 18:53:04','2022-11-17 18:53:05'),(80,'partenaire','Faire une operation de retrait','retrait.create',0,'2022-11-17 18:53:24','2022-11-17 18:53:27'),(81,'partenaire','Annuler une operation de retrait','retrait.cancel',0,'2022-11-17 18:53:28','2022-11-17 18:53:27'),(82,'partenaire','Voir les depots en attentes de validation client','depots',0,'2022-11-17 18:53:28','2022-11-17 18:53:31'),(83,'partenaire','Voir les depots finalisés','depots.finalises',0,'2022-11-17 18:53:29','2022-11-17 18:53:29'),(84,'partenaire','Faire une operation de depot','depot.create',0,'2022-11-17 18:53:33','2022-11-17 18:53:31'),(89,'partenaire','Voir la liste des utilisateurs','users',0,'2022-11-17 18:53:38','2022-11-17 18:53:39'),(90,'partenaire','Details des utilisateurs partenaires','user.details',0,'2022-11-17 18:53:40','2022-11-17 18:53:40'),(91,'partenaire','Ajouter un utilisateur partenaire','user.add',0,'2022-11-17 18:53:41','2022-11-17 18:53:42'),(92,'partenaire','Modifier un utilisateur partenaire','user.edit',0,'2022-11-17 18:53:42','2022-11-17 18:53:43'),(93,'partenaire','Supprimer un utilisateur partenaire','user.delete',0,'2022-11-17 18:53:43','2022-11-17 18:53:44'),(94,'partenaire','Reinitialiser le mot de passe d\'un utilisateur partenaire','user.reset.password',0,'2022-11-17 18:53:45','2022-11-17 18:53:46'),(95,'partenaire','Activer un utilisateur partenaire','user.activation',0,'2022-11-17 18:53:47','2022-11-17 18:53:48'),(96,'partenaire','Desactiver un utilisateur partenaire','user.desactivation',0,'2022-11-17 18:53:49','2022-11-17 18:53:49'),(97,'admin','Ajouter un compte client','client.add',0,'2022-11-18 10:19:04','2022-11-18 10:19:11'),(98,'admin','Voir la liste des roles','roles',0,'2022-11-18 16:04:24','2022-11-18 16:04:25'),(99,'admin','Ajouter un role','roles.add',0,'2022-11-18 16:04:23','2022-11-18 16:04:26'),(100,'admin','Modifier un role','roles.edit',0,'2022-11-18 16:04:22','2022-11-18 16:04:26'),(101,'admin','Supprimer un role','roles.delete',0,'2022-11-18 16:04:22','2022-11-18 16:04:26'),(102,'admin','Editer le kyc','edit.kyc',0,'2022-11-21 17:40:41','2022-11-21 17:40:42'),(103,'partenaire','Voir la liste des retraits en attente de validation partenaire','retraits.unvalidate',0,'2022-12-22 16:07:14','2022-12-22 16:07:16'),(104,'partenaire','Validation de retrait','retrait.validate',0,'2022-12-22 16:07:25','2022-12-22 16:07:26'),(105,'partenaire','Telechargement du retrait','retrait.download',0,'2022-12-22 16:07:33','2022-12-22 16:07:34'),(106,'partenaire','Voir la liste des depots rejetes','depots.rejetes',0,'2022-12-22 16:07:42','2022-12-22 16:07:43'),(107,'partenaire','Voir la liste des depots en attente de validation partenaire','depots.unvalidate',0,'2022-12-22 16:07:51','2022-12-22 16:07:52'),(108,'partenaire','Annulation de depot','depot.cancel',0,'2022-12-22 16:08:01','2022-12-22 16:08:03'),(109,'partenaire','Validation du depot','depot.validate',0,'2022-12-22 16:11:26','2022-12-22 16:11:27'),(110,'partenaire','Telechargement du depot','depot.download',0,'2022-12-22 16:17:04','2022-12-22 16:17:05'),(111,'partenaire','Voir la liste des restrictions','restrictions',0,'2022-12-22 16:17:30','2022-12-22 16:18:54'),(112,'partenaire','Ajout de restrictions','restriction.add',0,'2022-12-22 16:17:36','2022-12-22 16:18:54'),(113,'partenaire','Modifier les restrictions','restriction.edit',0,'2022-12-22 16:17:41','2022-12-22 16:18:55'),(114,'partenaire','Supprimer les restrictions','restriction.delete',0,'2022-12-22 16:17:46','2022-12-22 16:18:56'),(115,'partenaire','Activer une restriction','restriction.activation',0,'2022-12-22 16:18:02','2022-12-22 16:18:57'),(116,'partenaire','Desactiver une restriction','restriction.desactivation',0,'2022-12-22 16:18:09','2022-12-22 16:18:57'),(117,'partenaire','Voir la liste des limites d\'operation','limits',0,'2022-12-22 16:18:13','2022-12-22 16:18:58'),(118,'partenaire','Ajouter une limite d\'operation','limit.add',0,'2022-12-22 16:18:17','2022-12-22 16:19:00'),(119,'partenaire','Modifier une limite d\'operaion','limit.edit',0,'2022-12-22 16:18:20','2022-12-22 16:18:59'),(120,'partenaire','Supprimer une limite d\'operaion','limit.delete',0,'2022-12-22 16:18:24','2022-12-22 16:19:00'),(121,'partenaire','Voir la liste des roles','roles',0,'2022-12-22 16:18:27','2022-12-22 16:19:01'),(122,'partenaire','Ajouter les roles','roles.add',0,'2022-12-22 16:18:41','2022-12-22 16:19:01'),(123,'partenaire','Modifier les roles','roles.edit',0,'2022-12-22 16:18:46','2022-12-22 16:19:02'),(124,'partenaire','Suprimer les roles','roles.delete',0,'2022-12-22 16:18:50','2022-12-22 16:19:03'),(125,'partenaire','Voir la liste des retraits rejetes','retraits.rejetes',0,'2022-12-26 15:22:25','2022-12-26 15:22:26'),(126,'partenaire','Ajouter un depot','depots.new',0,'2022-12-26 16:20:17','2022-12-26 16:20:18'),(127,'partenaire','Ajouter un retrait','retraits.new',0,'2022-12-26 16:20:17','2022-12-26 16:20:19');
/*!40000 ALTER TABLE `permissions` ENABLE KEYS */;
UNLOCK TABLES;

--
-- Table structure for table `recharges`
--

DROP TABLE IF EXISTS `recharges`;
/*!40101 SET @saved_cs_client     = @@character_set_client */;
/*!50503 SET character_set_client = utf8mb4 */;
CREATE TABLE `recharges` (
  `id` int NOT NULL AUTO_INCREMENT,
  `user_client_id` int DEFAULT NULL,
  `montant` int DEFAULT NULL,
  `reference` varchar(50) DEFAULT NULL,
  `status` tinyint DEFAULT NULL,
  `motif_rejet` text,
  `rejeteur_id` int DEFAULT NULL,
  `validateur_id` int DEFAULT NULL,
  `deleted` tinyint DEFAULT NULL,
  `created_at` datetime DEFAULT NULL,
  `updated_at` datetime DEFAULT NULL,
  PRIMARY KEY (`id`)
) ENGINE=InnoDB AUTO_INCREMENT=36 DEFAULT CHARSET=latin1;
/*!40101 SET character_set_client = @saved_cs_client */;

--
-- Dumping data for table `recharges`
--

LOCK TABLES `recharges` WRITE;
/*!40000 ALTER TABLE `recharges` DISABLE KEYS */;
INSERT INTO `recharges` VALUES (1,2,8000,'O7oxgnuY6',1,NULL,NULL,1,0,'2023-01-23 17:37:45','2023-01-23 17:38:22'),(2,2,2000,'i_Qbb9uxa',1,NULL,NULL,1,0,'2023-01-23 19:57:12','2023-01-23 20:27:02'),(3,2,100,'2tswmx6bb',NULL,NULL,NULL,NULL,0,'2023-01-25 16:23:20','2023-01-25 16:23:20'),(4,2,2500,'yVHkXh1Sg',NULL,NULL,NULL,NULL,0,'2023-01-31 00:51:00','2023-01-31 00:51:00'),(5,13,5000,'jW227oyTP',1,NULL,NULL,1,0,'2023-02-05 19:36:53','2023-02-05 19:39:41'),(6,22,50000,'AgNSykaho',1,NULL,NULL,1,0,'2023-02-19 12:13:23','2023-02-19 12:21:19'),(7,3,45100,'NaAUsviwM',NULL,NULL,NULL,NULL,0,'2023-02-19 14:15:43','2023-02-19 14:15:43'),(8,3,45100,'nihk64MHL',NULL,NULL,NULL,NULL,0,'2023-02-19 14:22:51','2023-02-19 14:22:51'),(9,3,45100,'ok',NULL,NULL,NULL,NULL,0,'2023-02-19 14:28:45','2023-02-19 14:28:45'),(10,3,4510,'ok',NULL,NULL,NULL,NULL,0,'2023-02-19 14:31:28','2023-02-19 14:31:28'),(11,22,50000,'ok',NULL,NULL,NULL,NULL,0,'2023-02-19 14:33:14','2023-02-19 14:33:14'),(12,3,5000,'ok',NULL,NULL,NULL,NULL,0,'2023-02-19 14:53:15','2023-02-19 14:53:15'),(13,3,1,'ok',NULL,NULL,NULL,NULL,0,'2023-02-19 14:55:58','2023-02-19 14:55:58'),(14,3,1,'ok',NULL,NULL,NULL,NULL,0,'2023-02-19 14:57:52','2023-02-19 14:57:52'),(15,3,1500,'ok',1,NULL,NULL,1,0,'2023-02-19 15:14:11','2023-02-19 15:14:12'),(16,3,50000,'jMl_jwIKw',1,NULL,NULL,1,0,'2023-02-19 15:20:23','2023-02-19 15:20:25'),(17,22,15000,'TU1gv8XhY',1,NULL,NULL,1,0,'2023-02-19 16:13:26','2023-02-19 16:13:27'),(18,27,5000,'69Y5M3ZxOZ',1,NULL,NULL,1,0,'2023-02-24 17:33:37','2023-02-24 17:33:38'),(19,28,1000,'aYvGQ9auS',1,NULL,NULL,1,0,'2023-02-24 17:33:37','2023-02-24 17:33:38'),(20,26,10000,'YxPamzAZq',1,NULL,NULL,1,0,'2023-02-24 17:35:56','2023-02-24 17:35:58'),(21,25,500,'En-UCX3Bb',1,NULL,NULL,1,0,'2023-02-24 17:36:31','2023-02-24 17:36:32'),(22,3,50000,'CkyHxS9nk',1,NULL,NULL,1,0,'2023-02-27 14:18:39','2023-02-27 14:18:41'),(23,3,1500,'bajiiax1h',1,NULL,NULL,1,0,'2023-02-27 14:38:27','2023-02-27 14:38:28'),(24,3,500,'eUaa9prJD',1,NULL,NULL,1,0,'2023-02-27 14:42:53','2023-02-27 14:42:54'),(25,3,100000,'P0ZztgVDR',1,NULL,NULL,1,0,'2023-02-27 14:45:45','2023-02-27 14:45:47'),(26,3,5000,'dd6EPPLBW',1,NULL,NULL,1,0,'2023-02-27 14:53:16','2023-02-27 14:53:18'),(27,1,5000,'kNhQXSapy',NULL,NULL,NULL,NULL,0,'2023-02-27 14:54:57','2023-02-27 14:54:57'),(28,1,5000,'lxC-4QLri',NULL,NULL,NULL,NULL,0,'2023-02-27 14:58:46','2023-02-27 14:58:46'),(29,3,1000,'605IRtBdv',1,NULL,NULL,1,0,'2023-02-27 15:00:38','2023-02-27 15:00:39'),(30,3,500,'luWkoEiVl',1,NULL,NULL,1,0,'2023-02-27 15:07:20','2023-02-27 15:07:21'),(31,3,500,'T4XO_gzLM',1,NULL,NULL,1,0,'2023-02-27 15:13:13','2023-02-27 15:13:15'),(32,3,500,'wrLrl6mr_',1,NULL,NULL,1,0,'2023-02-27 15:21:33','2023-02-27 15:21:35'),(33,3,5000,'H-0j5UvH9',1,NULL,NULL,1,0,'2023-03-01 12:30:39','2023-03-01 12:30:40'),(34,1,5000,'WXgJgqyg7',1,NULL,NULL,1,0,'2023-03-01 23:52:13','2023-03-01 23:52:14'),(35,31,5000,'yMYDS883p',1,NULL,NULL,1,0,'2023-03-02 09:33:21','2023-03-02 09:33:22');
/*!40000 ALTER TABLE `recharges` ENABLE KEYS */;
UNLOCK TABLES;

--
-- Table structure for table `restriction_agences`
--

DROP TABLE IF EXISTS `restriction_agences`;
/*!40101 SET @saved_cs_client     = @@character_set_client */;
/*!50503 SET character_set_client = utf8mb4 */;
CREATE TABLE `restriction_agences` (
  `id` int NOT NULL AUTO_INCREMENT,
  `partenaire_id` int DEFAULT NULL,
  `user_partenaire_id` int DEFAULT NULL,
  `createur_id` int DEFAULT NULL,
  `type_operation` varchar(50) DEFAULT NULL,
  `type_restriction` varchar(50) DEFAULT NULL,
  `valeur` int DEFAULT NULL,
  `periode` varchar(50) DEFAULT NULL,
  `etat` tinyint DEFAULT NULL,
  `deleted` tinyint DEFAULT NULL,
  `created_at` datetime DEFAULT NULL,
  `updated_at` datetime DEFAULT NULL,
  PRIMARY KEY (`id`)
) ENGINE=InnoDB DEFAULT CHARSET=latin1;
/*!40101 SET character_set_client = @saved_cs_client */;

--
-- Dumping data for table `restriction_agences`
--

LOCK TABLES `restriction_agences` WRITE;
/*!40000 ALTER TABLE `restriction_agences` DISABLE KEYS */;
/*!40000 ALTER TABLE `restriction_agences` ENABLE KEYS */;
UNLOCK TABLES;

--
-- Table structure for table `restrictions`
--

DROP TABLE IF EXISTS `restrictions`;
/*!40101 SET @saved_cs_client     = @@character_set_client */;
/*!50503 SET character_set_client = utf8mb4 */;
CREATE TABLE `restrictions` (
  `id` int NOT NULL AUTO_INCREMENT,
  `type_operation` varchar(50) DEFAULT NULL,
  `type_restriction` varchar(50) DEFAULT NULL,
  `type_acteur` varchar(50) DEFAULT NULL,
  `valeur` int DEFAULT NULL,
  `periode` varchar(50) DEFAULT NULL,
  `etat` tinyint DEFAULT NULL,
  `deleted` tinyint DEFAULT NULL,
  `created_at` datetime DEFAULT NULL,
  `updated_at` datetime DEFAULT NULL,
  PRIMARY KEY (`id`)
) ENGINE=InnoDB DEFAULT CHARSET=latin1;
/*!40101 SET character_set_client = @saved_cs_client */;

--
-- Dumping data for table `restrictions`
--

LOCK TABLES `restrictions` WRITE;
/*!40000 ALTER TABLE `restrictions` DISABLE KEYS */;
/*!40000 ALTER TABLE `restrictions` ENABLE KEYS */;
UNLOCK TABLES;

--
-- Table structure for table `retraits`
--

DROP TABLE IF EXISTS `retraits`;
/*!40101 SET @saved_cs_client     = @@character_set_client */;
/*!50503 SET character_set_client = utf8mb4 */;
CREATE TABLE `retraits` (
  `id` int NOT NULL AUTO_INCREMENT,
  `user_client_id` int DEFAULT NULL,
  `user_partenaire_id` int DEFAULT NULL,
  `partenaire_id` int DEFAULT NULL,
  `libelle` varchar(255) DEFAULT NULL,
  `solde_avant` int DEFAULT NULL,
  `montant` int DEFAULT NULL,
  `solde_apres` int DEFAULT NULL,
  `frais` int DEFAULT NULL,
  `code` int DEFAULT NULL,
  `status` tinyint DEFAULT NULL,
  `motif_rejet` text,
  `validate` tinyint DEFAULT NULL,
  `validateur_id` int DEFAULT NULL,
  `rejet_id` int DEFAULT NULL,
  `deleted` tinyint DEFAULT NULL,
  `created_at` datetime DEFAULT NULL,
  `updated_at` datetime DEFAULT NULL,
  PRIMARY KEY (`id`)
) ENGINE=InnoDB AUTO_INCREMENT=33 DEFAULT CHARSET=latin1;
/*!40101 SET character_set_client = @saved_cs_client */;

--
-- Dumping data for table `retraits`
--

LOCK TABLES `retraits` WRITE;
/*!40000 ALTER TABLE `retraits` DISABLE KEYS */;
INSERT INTO `retraits` VALUES (1,2,1,2,'Retrait effectué chez Agence k',NULL,5000,NULL,100,3317,0,NULL,1,NULL,NULL,0,'2023-01-24 00:31:58','2023-01-24 00:31:58'),(2,2,1,2,'Retrait effectué chez Agence k',NULL,3000,NULL,100,4584,0,NULL,1,NULL,NULL,0,'2023-01-24 00:35:07','2023-01-24 00:35:07'),(3,2,1,2,'Retrait effectué chez Agence k',NULL,2000,NULL,100,9318,0,NULL,1,NULL,NULL,0,'2023-01-24 00:36:26','2023-01-24 00:36:26'),(4,2,1,2,'Retrait effectué chez Agence k',NULL,2000,NULL,100,9164,0,NULL,1,NULL,NULL,0,'2023-01-24 00:39:30','2023-01-24 00:39:30'),(5,2,1,2,'Retrait effectué chez Agence k',NULL,2000,NULL,100,5467,0,NULL,1,NULL,NULL,0,'2023-01-24 00:42:12','2023-01-24 00:42:12'),(6,2,1,2,'Retrait effectué chez Agence k',18000,2000,16100,100,8213,1,NULL,1,NULL,NULL,0,'2023-01-24 00:44:37','2023-01-24 01:05:11'),(7,2,1,2,'Retrait effectué chez Agence k',10700,1500,9300,100,9606,1,NULL,1,NULL,NULL,0,'2023-02-03 14:26:26','2023-02-12 20:52:34'),(8,2,1,2,'Retrait effectué chez Agence k',12300,1500,10900,100,5277,1,NULL,1,NULL,NULL,0,'2023-02-03 14:30:43','2023-02-12 20:51:50'),(9,2,1,2,'Retrait effectué chez Agence k',13400,1000,12500,100,6339,1,NULL,1,NULL,NULL,0,'2023-02-03 14:35:29','2023-02-12 20:49:21'),(10,2,1,2,'Retrait effectué chez Agence k',14500,1000,13600,100,1518,1,NULL,1,NULL,NULL,0,'2023-02-03 14:37:12','2023-02-12 20:23:51'),(11,2,1,2,'Retrait effectué chez Agence k',15600,1000,14700,100,2539,1,NULL,1,NULL,NULL,0,'2023-02-03 14:39:06','2023-02-12 20:22:33'),(12,2,1,2,'Retrait effectué chez Agence k',17200,1500,15800,100,4041,1,NULL,1,NULL,NULL,0,'2023-02-05 12:31:54','2023-02-12 20:21:54'),(13,2,1,2,'Retrait effectué chez Agence k',18800,1500,17400,100,7113,1,NULL,1,NULL,NULL,0,'2023-02-05 12:39:20','2023-02-12 20:20:22'),(14,2,1,2,'Retrait effectué chez Agence k',20400,1500,19000,100,2663,1,NULL,1,NULL,NULL,0,'2023-02-05 12:40:29','2023-02-12 19:59:56'),(15,13,1,2,'Retrait effectué chez Agence k',NULL,2000,NULL,100,7148,0,NULL,1,NULL,NULL,0,'2023-02-05 19:42:26','2023-02-05 19:42:26'),(16,13,1,2,'Retrait effectué chez Agence k',5000,2000,3100,100,2230,1,NULL,1,NULL,NULL,0,'2023-02-05 20:06:04','2023-02-05 20:06:42'),(17,19,1,2,'Retrait effectué chez Agence k',NULL,500,NULL,100,5589,0,NULL,1,NULL,NULL,0,'2023-02-15 20:27:01','2023-02-15 20:27:01'),(18,19,1,2,'Retrait effectué chez Agence k',NULL,500,NULL,100,9676,0,NULL,1,NULL,NULL,0,'2023-02-15 20:27:10','2023-02-15 20:27:10'),(19,19,1,2,'Retrait effectué chez Agence k',NULL,500,NULL,100,3170,0,NULL,1,NULL,NULL,0,'2023-02-15 20:27:16','2023-02-15 20:27:16'),(20,19,1,2,'Retrait effectué chez Agence k',NULL,500,NULL,100,8199,0,NULL,1,NULL,NULL,0,'2023-02-15 20:27:37','2023-02-15 20:27:37'),(21,3,1,2,'Retrait effectué chez Agence k',NULL,5000,NULL,100,9524,0,NULL,1,NULL,NULL,0,'2023-02-15 20:40:23','2023-02-15 20:40:23'),(22,3,1,2,'Retrait effectué chez Agence k',10000,5000,5100,100,8723,1,NULL,1,NULL,NULL,0,'2023-02-15 20:43:24','2023-02-15 20:46:00'),(23,19,1,2,'Retrait effectué chez Agence k',5000,500,4600,100,1188,1,NULL,1,NULL,NULL,0,'2023-02-15 20:48:16','2023-02-15 20:49:48'),(24,22,1,2,'Retrait effectué chez Agence k',75000,3800,71300,100,7959,1,NULL,1,NULL,NULL,0,'2023-02-19 16:19:49','2023-02-19 16:20:55'),(25,27,1,2,'Retrait effectué chez Agence k',1000,500,600,100,7091,1,NULL,1,NULL,NULL,0,'2023-02-21 15:51:50','2023-02-21 15:53:02'),(26,25,1,2,'Retrait effectué chez Agence k',NULL,400,NULL,100,4659,0,NULL,1,NULL,NULL,0,'2023-02-21 15:53:01','2023-02-21 15:53:01'),(27,26,1,2,'Retrait effectué chez Agence k',500,400,200,100,2839,1,NULL,1,NULL,NULL,0,'2023-02-21 15:53:27','2023-02-21 15:54:20'),(28,28,1,2,'Retrait effectué chez Agence k',500,300,300,100,9667,1,NULL,1,NULL,NULL,0,'2023-02-21 15:53:28','2023-02-21 15:54:20'),(29,3,1,2,'Retrait effectué chez Agence k',44950,1500,43550,100,5215,1,NULL,1,NULL,NULL,0,'2023-02-23 17:17:10','2023-03-01 13:32:15'),(30,3,1,2,'Retrait effectué chez Agence k',65050,5000,60150,100,6154,1,NULL,1,NULL,NULL,0,'2023-03-01 09:43:13','2023-03-01 09:43:42'),(31,1,1,2,'Retrait effectué chez Agence k',NULL,10000,NULL,400,9869,0,NULL,1,NULL,NULL,0,'2023-03-01 23:55:18','2023-03-01 23:55:18'),(32,1,1,2,'Retrait effectué chez Agence k',24364,10000,14764,400,9491,1,NULL,1,NULL,NULL,0,'2023-03-01 23:55:51','2023-03-01 23:56:19');
/*!40000 ALTER TABLE `retraits` ENABLE KEYS */;
UNLOCK TABLES;

--
-- Table structure for table `role_partenaire_permissions`
--

DROP TABLE IF EXISTS `role_partenaire_permissions`;
/*!40101 SET @saved_cs_client     = @@character_set_client */;
/*!50503 SET character_set_client = utf8mb4 */;
CREATE TABLE `role_partenaire_permissions` (
  `id` int NOT NULL AUTO_INCREMENT,
  `role_partenaire_id` int DEFAULT NULL,
  `permission_id` int DEFAULT NULL,
  `deleted` tinyint DEFAULT NULL,
  `created_at` datetime DEFAULT NULL,
  `updated_at` datetime DEFAULT NULL,
  PRIMARY KEY (`id`)
) ENGINE=InnoDB AUTO_INCREMENT=117 DEFAULT CHARSET=latin1;
/*!40101 SET character_set_client = @saved_cs_client */;

--
-- Dumping data for table `role_partenaire_permissions`
--

LOCK TABLES `role_partenaire_permissions` WRITE;
/*!40000 ALTER TABLE `role_partenaire_permissions` DISABLE KEYS */;
INSERT INTO `role_partenaire_permissions` VALUES (1,1,78,0,'2022-12-16 18:20:03','2022-12-16 18:20:04'),(5,3,78,1,'2022-12-16 17:37:51','2022-12-16 17:39:41'),(6,3,79,1,'2022-12-16 17:37:51','2022-12-16 17:39:41'),(7,3,80,1,'2022-12-16 17:37:51','2022-12-16 17:39:41'),(8,3,81,1,'2022-12-16 17:37:51','2022-12-16 17:39:41'),(9,3,82,1,'2022-12-16 17:37:51','2022-12-16 17:39:05'),(10,3,83,1,'2022-12-16 17:37:51','2022-12-16 17:39:05'),(11,1,79,0,'2022-12-22 14:51:04','2022-12-22 14:51:04'),(12,1,80,0,'2022-12-22 14:51:04','2022-12-22 14:51:04'),(13,1,81,0,'2022-12-22 14:51:04','2022-12-22 14:51:04'),(14,1,82,0,'2022-12-22 14:51:04','2022-12-22 14:51:04'),(15,1,83,0,'2022-12-22 14:51:04','2022-12-22 14:51:04'),(16,1,84,0,'2022-12-22 14:51:04','2022-12-22 14:51:04'),(17,1,89,0,'2022-12-22 14:51:04','2022-12-22 14:51:04'),(18,1,90,0,'2022-12-22 14:51:04','2022-12-22 14:51:04'),(19,1,91,0,'2022-12-22 14:51:04','2022-12-22 14:51:04'),(20,1,92,0,'2022-12-22 14:51:04','2022-12-22 14:51:04'),(21,1,93,0,'2022-12-22 14:51:04','2022-12-22 14:51:04'),(22,1,94,0,'2022-12-22 14:51:04','2022-12-22 14:51:04'),(23,1,95,0,'2022-12-22 14:51:04','2022-12-22 14:51:04'),(24,1,96,0,'2022-12-22 14:51:04','2022-12-22 14:51:04'),(25,4,78,0,'2022-12-22 15:25:19','2022-12-26 13:22:52'),(26,4,79,0,'2022-12-22 15:25:19','2022-12-22 15:25:19'),(27,4,80,0,'2022-12-22 15:25:19','2022-12-22 15:25:19'),(28,4,81,0,'2022-12-22 15:25:19','2022-12-22 15:25:19'),(29,4,82,0,'2022-12-22 15:25:19','2022-12-22 15:49:05'),(30,4,83,0,'2022-12-22 15:25:19','2022-12-22 15:25:19'),(31,4,84,0,'2022-12-22 15:25:19','2022-12-22 15:25:19'),(32,4,89,0,'2022-12-22 15:25:19','2022-12-22 15:25:19'),(33,4,90,0,'2022-12-22 15:25:19','2022-12-22 15:25:19'),(34,4,91,0,'2022-12-22 15:25:19','2022-12-22 15:25:19'),(35,4,92,0,'2022-12-22 15:25:19','2022-12-22 15:25:19'),(36,4,93,0,'2022-12-22 15:25:19','2022-12-22 15:25:19'),(37,4,94,0,'2022-12-22 15:25:19','2022-12-22 15:25:19'),(38,4,95,0,'2022-12-22 15:25:19','2022-12-22 15:25:19'),(39,4,96,0,'2022-12-22 15:25:19','2022-12-22 15:25:19'),(40,4,103,0,'2022-12-22 15:25:19','2022-12-22 15:25:19'),(41,4,104,0,'2022-12-22 15:25:19','2022-12-22 15:25:19'),(42,4,105,0,'2022-12-22 15:25:19','2022-12-22 15:25:19'),(43,4,106,0,'2022-12-22 15:25:19','2022-12-22 15:25:19'),(44,4,107,0,'2022-12-22 15:25:19','2022-12-22 15:25:19'),(45,4,108,0,'2022-12-22 15:25:19','2022-12-22 15:25:19'),(46,4,109,0,'2022-12-22 15:25:19','2022-12-22 15:25:19'),(47,4,110,0,'2022-12-22 15:25:19','2022-12-22 15:25:19'),(48,4,111,0,'2022-12-22 15:25:19','2022-12-22 15:25:19'),(49,4,112,0,'2022-12-22 15:25:19','2022-12-22 15:25:19'),(50,4,113,0,'2022-12-22 15:25:19','2022-12-22 15:25:19'),(51,4,114,0,'2022-12-22 15:25:20','2022-12-22 15:25:20'),(52,4,115,0,'2022-12-22 15:25:20','2022-12-22 15:25:20'),(53,4,116,0,'2022-12-22 15:25:20','2022-12-22 15:25:20'),(54,4,117,0,'2022-12-22 15:25:20','2022-12-22 15:25:20'),(55,4,118,0,'2022-12-22 15:25:20','2022-12-22 15:25:20'),(56,4,119,0,'2022-12-22 15:25:20','2022-12-22 15:25:20'),(57,4,120,0,'2022-12-22 15:25:20','2022-12-22 15:25:20'),(58,4,121,0,'2022-12-22 15:25:20','2022-12-22 15:25:20'),(59,4,122,0,'2022-12-22 15:25:20','2022-12-22 15:25:20'),(60,4,123,0,'2022-12-22 15:25:20','2022-12-22 15:25:20'),(61,4,124,0,'2022-12-22 15:25:20','2022-12-22 15:25:20'),(62,5,78,0,'2022-12-26 13:55:22','2022-12-26 13:55:22'),(63,5,79,0,'2022-12-26 13:55:22','2022-12-26 13:55:22'),(64,5,80,0,'2022-12-26 13:55:22','2022-12-26 13:55:22'),(65,5,81,0,'2022-12-26 13:55:22','2022-12-26 13:55:22'),(66,5,82,0,'2022-12-26 13:55:22','2022-12-26 13:55:22'),(67,5,83,0,'2022-12-26 13:55:22','2022-12-26 13:55:22'),(68,5,84,0,'2022-12-26 13:55:22','2022-12-26 13:55:22'),(69,5,89,0,'2022-12-26 13:55:22','2022-12-26 13:55:22'),(70,5,90,0,'2022-12-26 13:55:22','2022-12-26 13:55:22'),(71,5,91,0,'2022-12-26 13:55:22','2022-12-26 13:55:22'),(72,5,92,0,'2022-12-26 13:55:22','2022-12-26 13:55:22'),(73,5,93,0,'2022-12-26 13:55:22','2022-12-26 13:55:22'),(74,4,125,0,'2022-12-26 14:24:13','2022-12-26 14:24:13'),(75,4,126,0,'2022-12-26 15:22:56','2022-12-26 15:22:56'),(76,4,127,0,'2022-12-26 15:22:56','2022-12-26 15:22:56'),(77,6,78,0,'2023-01-23 22:46:24','2023-01-23 22:46:24'),(78,6,79,0,'2023-01-23 22:46:24','2023-01-23 22:46:24'),(79,6,80,0,'2023-01-23 22:46:24','2023-01-23 22:46:24'),(80,6,81,0,'2023-01-23 22:46:24','2023-01-23 22:46:24'),(81,6,82,0,'2023-01-23 22:46:24','2023-01-23 22:46:24'),(82,6,83,0,'2023-01-23 22:46:24','2023-01-23 22:46:24'),(83,6,84,0,'2023-01-23 22:46:24','2023-01-23 22:46:24'),(84,6,89,0,'2023-01-23 22:46:24','2023-01-23 22:46:24'),(85,6,90,0,'2023-01-23 22:46:24','2023-01-23 22:46:24'),(86,6,91,0,'2023-01-23 22:46:24','2023-01-23 22:46:24'),(87,6,92,0,'2023-01-23 22:46:24','2023-01-23 22:46:24'),(88,6,93,0,'2023-01-23 22:46:24','2023-01-23 22:46:24'),(89,6,94,0,'2023-01-23 22:46:24','2023-01-23 22:46:24'),(90,6,95,0,'2023-01-23 22:46:24','2023-01-23 22:46:24'),(91,6,96,0,'2023-01-23 22:46:24','2023-01-23 22:46:24'),(92,6,103,0,'2023-01-23 22:46:24','2023-01-23 22:46:24'),(93,6,104,0,'2023-01-23 22:46:24','2023-01-23 22:46:24'),(94,6,105,0,'2023-01-23 22:46:24','2023-01-23 22:46:24'),(95,6,106,0,'2023-01-23 22:46:24','2023-01-23 22:46:24'),(96,6,107,0,'2023-01-23 22:46:24','2023-01-23 22:46:24'),(97,6,108,0,'2023-01-23 22:46:24','2023-01-23 22:46:24'),(98,6,109,0,'2023-01-23 22:46:24','2023-01-23 22:46:24'),(99,6,110,0,'2023-01-23 22:46:24','2023-01-23 22:46:24'),(100,6,111,0,'2023-01-23 22:46:24','2023-01-23 22:46:24'),(101,6,112,0,'2023-01-23 22:46:24','2023-01-23 22:46:24'),(102,6,113,0,'2023-01-23 22:46:24','2023-01-23 22:46:24'),(103,6,114,0,'2023-01-23 22:46:24','2023-01-23 22:46:24'),(104,6,115,0,'2023-01-23 22:46:24','2023-01-23 22:46:24'),(105,6,116,0,'2023-01-23 22:46:24','2023-01-23 22:46:24'),(106,6,117,0,'2023-01-23 22:46:24','2023-01-23 22:46:24'),(107,6,118,0,'2023-01-23 22:46:24','2023-01-23 22:46:24'),(108,6,119,0,'2023-01-23 22:46:24','2023-01-23 22:46:24'),(109,6,120,0,'2023-01-23 22:46:24','2023-01-23 22:46:24'),(110,6,121,0,'2023-01-23 22:46:24','2023-01-23 22:46:24'),(111,6,122,0,'2023-01-23 22:46:24','2023-01-23 22:46:24'),(112,6,123,0,'2023-01-23 22:46:24','2023-01-23 22:46:24'),(113,6,124,0,'2023-01-23 22:46:24','2023-01-23 22:46:24'),(114,6,125,0,'2023-01-23 22:46:24','2023-01-23 22:46:24'),(115,6,126,0,'2023-01-23 22:46:24','2023-01-23 22:46:24'),(116,6,127,0,'2023-01-23 22:46:24','2023-01-23 22:46:24');
/*!40000 ALTER TABLE `role_partenaire_permissions` ENABLE KEYS */;
UNLOCK TABLES;

--
-- Table structure for table `role_partenaires`
--

DROP TABLE IF EXISTS `role_partenaires`;
/*!40101 SET @saved_cs_client     = @@character_set_client */;
/*!50503 SET character_set_client = utf8mb4 */;
CREATE TABLE `role_partenaires` (
  `id` int NOT NULL AUTO_INCREMENT,
  `partenaire_id` int DEFAULT NULL,
  `libelle` varchar(150) DEFAULT NULL,
  `deleted` tinyint DEFAULT NULL,
  `created_at` datetime DEFAULT NULL,
  `updated_at` datetime DEFAULT NULL,
  PRIMARY KEY (`id`)
) ENGINE=InnoDB AUTO_INCREMENT=7 DEFAULT CHARSET=latin1;
/*!40101 SET character_set_client = @saved_cs_client */;

--
-- Dumping data for table `role_partenaires`
--

LOCK TABLES `role_partenaires` WRITE;
/*!40000 ALTER TABLE `role_partenaires` DISABLE KEYS */;
INSERT INTO `role_partenaires` VALUES (1,1,'test',0,'2022-12-16 18:19:48','2022-12-16 18:19:49'),(3,1,'Agent',1,'2022-12-16 17:37:51','2022-12-26 13:25:54'),(4,1,'Administrateur',0,'2022-12-22 15:25:19','2022-12-22 15:25:19'),(5,1,'Ministre',0,'2022-12-26 13:55:22','2022-12-26 13:55:22'),(6,2,'Administrateur',0,'2023-01-23 22:46:24','2023-01-23 22:46:24');
/*!40000 ALTER TABLE `role_partenaires` ENABLE KEYS */;
UNLOCK TABLES;

--
-- Table structure for table `role_permissions`
--

DROP TABLE IF EXISTS `role_permissions`;
/*!40101 SET @saved_cs_client     = @@character_set_client */;
/*!50503 SET character_set_client = utf8mb4 */;
CREATE TABLE `role_permissions` (
  `id` int NOT NULL AUTO_INCREMENT,
  `role_id` int DEFAULT NULL,
  `permission_id` int DEFAULT NULL,
  `deleted` tinyint DEFAULT NULL,
  `created_at` datetime DEFAULT NULL,
  `updated_at` datetime DEFAULT NULL,
  PRIMARY KEY (`id`)
) ENGINE=InnoDB AUTO_INCREMENT=111 DEFAULT CHARSET=latin1;
/*!40101 SET character_set_client = @saved_cs_client */;

--
-- Dumping data for table `role_permissions`
--

LOCK TABLES `role_permissions` WRITE;
/*!40000 ALTER TABLE `role_permissions` DISABLE KEYS */;
INSERT INTO `role_permissions` VALUES (1,1,78,0,'2022-11-18 11:58:23','2022-11-30 17:38:44'),(2,1,79,0,'2022-11-18 11:58:23','2022-11-30 17:38:44'),(3,1,80,0,'2022-11-18 11:58:23','2022-11-30 17:38:44'),(16,1,81,0,'2022-11-18 14:42:04','2022-11-30 17:38:44'),(18,1,82,0,'2022-11-18 13:49:05','2022-11-30 17:38:44'),(19,1,83,0,'2022-11-18 13:49:05','2022-11-30 17:38:44'),(20,1,84,0,'2022-11-18 13:49:05','2022-11-30 17:38:44'),(21,1,89,0,'2022-11-18 13:49:05','2022-11-30 17:38:44'),(26,1,94,0,'2022-11-18 13:49:32','2022-11-30 17:38:44'),(27,1,95,0,'2022-11-18 13:49:32','2022-11-30 17:38:44'),(28,1,90,0,'2022-11-18 14:29:39','2022-11-30 17:38:44'),(29,1,91,0,'2022-11-18 14:29:39','2022-11-30 17:38:44'),(30,1,92,0,'2022-11-18 14:29:39','2022-11-30 17:38:44'),(31,1,93,0,'2022-11-18 14:29:39','2022-11-30 17:38:44'),(32,1,96,0,'2022-11-18 14:29:39','2022-11-30 17:38:44'),(33,2,2,0,'2022-11-18 14:33:45','2022-11-18 16:46:21'),(34,2,3,0,'2022-11-18 14:33:45','2022-11-18 16:59:11'),(35,2,4,0,'2022-11-18 14:33:45','2022-11-18 16:59:11'),(36,2,5,0,'2022-11-18 14:33:45','2022-11-18 16:47:13'),(37,2,6,0,'2022-11-18 14:33:45','2022-11-18 14:33:45'),(38,2,7,0,'2022-11-18 14:33:45','2022-11-18 14:33:45'),(39,2,8,0,'2022-11-18 14:33:45','2022-11-18 16:47:40'),(40,2,9,0,'2022-11-18 14:33:45','2022-11-18 14:33:45'),(41,2,10,0,'2022-11-18 14:33:45','2022-11-18 17:00:59'),(42,2,11,0,'2022-11-18 14:33:45','2022-11-18 17:06:33'),(43,2,12,0,'2022-11-18 14:33:45','2022-11-18 17:06:33'),(44,2,13,0,'2022-11-18 14:33:45','2022-11-18 14:33:45'),(45,2,14,0,'2022-11-18 14:33:45','2022-11-18 14:33:45'),(46,2,15,0,'2022-11-18 14:33:46','2022-11-18 14:33:46'),(47,2,16,0,'2022-11-18 14:33:46','2022-11-18 14:33:46'),(48,2,17,0,'2022-11-18 14:33:46','2022-11-18 14:33:46'),(49,2,18,0,'2022-11-18 14:33:46','2022-11-18 14:33:46'),(50,2,19,0,'2022-11-18 14:33:46','2022-11-18 14:33:46'),(51,2,20,0,'2022-11-18 14:33:46','2022-11-18 14:33:46'),(52,2,21,0,'2022-11-18 14:33:46','2022-11-18 14:33:46'),(53,2,22,0,'2022-11-18 14:33:46','2022-11-18 14:33:46'),(54,2,23,0,'2022-11-18 14:33:46','2022-11-18 14:33:46'),(55,2,24,0,'2022-11-18 14:33:46','2022-11-18 14:33:46'),(56,2,25,0,'2022-11-18 14:33:46','2022-11-18 14:33:46'),(57,2,26,0,'2022-11-18 14:33:46','2022-11-18 16:18:23'),(58,2,27,0,'2022-11-18 14:33:46','2022-11-18 16:18:23'),(59,2,28,0,'2022-11-18 14:33:46','2022-11-18 14:33:46'),(60,2,29,0,'2022-11-18 14:33:46','2022-11-18 14:33:46'),(61,2,30,0,'2022-11-18 14:33:46','2022-11-18 14:33:46'),(62,2,31,0,'2022-11-18 14:33:46','2022-11-18 16:05:48'),(63,2,32,0,'2022-11-18 14:33:46','2022-11-18 14:33:46'),(64,2,33,0,'2022-11-18 14:33:46','2022-11-18 16:07:16'),(65,2,34,0,'2022-11-18 14:33:46','2022-11-18 16:12:37'),(66,2,35,0,'2022-11-18 14:33:46','2022-11-18 14:33:46'),(67,2,36,0,'2022-11-18 14:33:46','2022-11-18 14:33:46'),(68,2,37,0,'2022-11-18 14:33:46','2022-11-18 14:33:46'),(69,2,38,0,'2022-11-18 14:33:46','2022-11-18 14:33:46'),(70,2,39,0,'2022-11-18 14:33:46','2022-11-18 14:33:46'),(71,2,40,0,'2022-11-18 14:33:46','2022-11-18 14:33:46'),(72,2,41,0,'2022-11-18 14:33:46','2022-11-18 14:33:46'),(73,2,42,0,'2022-11-18 14:33:47','2022-11-18 14:33:47'),(74,2,43,0,'2022-11-18 14:33:47','2022-11-18 14:33:47'),(75,2,44,0,'2022-11-18 14:33:47','2022-11-18 14:33:47'),(76,2,45,0,'2022-11-18 14:33:47','2022-11-18 14:33:47'),(77,2,46,0,'2022-11-18 14:33:47','2022-11-18 14:33:47'),(78,2,47,0,'2022-11-18 14:33:47','2022-11-18 14:33:47'),(79,2,48,0,'2022-11-18 14:33:47','2022-11-18 14:33:47'),(80,2,49,0,'2022-11-18 14:33:47','2022-11-18 14:33:47'),(81,2,50,0,'2022-11-18 14:33:47','2022-11-18 14:33:47'),(82,2,51,0,'2022-11-18 14:33:47','2022-11-18 14:33:47'),(83,2,52,0,'2022-11-18 14:33:47','2022-11-18 14:33:47'),(84,2,53,0,'2022-11-18 14:33:47','2022-11-18 14:33:47'),(85,2,54,0,'2022-11-18 14:33:47','2022-11-18 14:33:47'),(89,2,97,0,'2022-11-18 14:33:47','2022-11-18 16:47:13'),(90,3,2,0,'2022-11-18 14:38:03','2022-11-18 14:38:03'),(91,3,3,0,'2022-11-18 14:38:03','2022-11-18 14:38:03'),(92,3,4,0,'2022-11-18 14:38:03','2022-11-18 14:38:03'),(93,3,5,0,'2022-11-18 14:38:03','2022-11-18 14:38:03'),(94,3,6,0,'2022-11-18 14:38:03','2022-11-18 14:38:03'),(95,3,7,0,'2022-11-18 14:38:03','2022-11-18 14:38:03'),(96,3,8,0,'2022-11-18 14:38:03','2022-11-18 14:38:03'),(97,3,9,0,'2022-11-18 14:38:03','2022-11-18 14:38:03'),(98,3,10,0,'2022-11-18 14:38:03','2022-11-18 14:38:03'),(99,3,11,0,'2022-11-18 14:38:03','2022-11-18 14:38:03'),(100,3,12,0,'2022-11-18 14:38:04','2022-11-18 14:38:04'),(101,3,13,0,'2022-11-18 14:38:04','2022-11-18 14:38:04'),(102,3,14,0,'2022-11-18 14:38:04','2022-11-18 14:38:04'),(103,3,15,0,'2022-11-18 14:38:04','2022-11-18 14:38:04'),(104,2,98,0,'2022-11-18 15:05:20','2022-11-18 15:05:20'),(105,2,99,0,'2022-11-18 15:05:20','2022-11-18 15:14:09'),(106,2,100,0,'2022-11-18 15:05:20','2022-11-18 15:42:22'),(107,2,101,0,'2022-11-18 15:05:20','2022-12-16 17:12:29'),(108,2,102,0,'2022-11-21 16:42:59','2022-11-21 16:42:59'),(109,4,2,0,'2022-12-16 17:14:05','2022-12-16 17:14:05'),(110,4,4,0,'2022-12-16 17:14:06','2022-12-16 17:14:06');
/*!40000 ALTER TABLE `role_permissions` ENABLE KEYS */;
UNLOCK TABLES;

--
-- Table structure for table `roles`
--

DROP TABLE IF EXISTS `roles`;
/*!40101 SET @saved_cs_client     = @@character_set_client */;
/*!50503 SET character_set_client = utf8mb4 */;
CREATE TABLE `roles` (
  `id` int NOT NULL AUTO_INCREMENT,
  `libelle` varchar(255) DEFAULT NULL,
  `deleted` tinyint DEFAULT NULL,
  `created_at` datetime DEFAULT NULL,
  `updated_at` datetime DEFAULT NULL,
  PRIMARY KEY (`id`)
) ENGINE=InnoDB AUTO_INCREMENT=5 DEFAULT CHARSET=latin1;
/*!40101 SET character_set_client = @saved_cs_client */;

--
-- Dumping data for table `roles`
--

LOCK TABLES `roles` WRITE;
/*!40000 ALTER TABLE `roles` DISABLE KEYS */;
INSERT INTO `roles` VALUES (2,'Administrateur',0,'2022-11-18 14:33:45','2022-11-18 14:37:34'),(3,'test',0,'2022-11-18 14:38:03','2022-11-18 14:38:03'),(4,'Agent',0,'2022-12-16 17:14:05','2022-12-16 17:14:05');
/*!40000 ALTER TABLE `roles` ENABLE KEYS */;
UNLOCK TABLES;

--
-- Table structure for table `seuils`
--

DROP TABLE IF EXISTS `seuils`;
/*!40101 SET @saved_cs_client     = @@character_set_client */;
/*!50503 SET character_set_client = utf8mb4 */;
CREATE TABLE `seuils` (
  `id` int NOT NULL AUTO_INCREMENT,
  `type_operation` varchar(50) DEFAULT NULL,
  `type_restriction` varchar(50) DEFAULT NULL,
  `valeur` int DEFAULT NULL,
  `periode` varchar(50) DEFAULT NULL,
  `etat` tinyint DEFAULT NULL,
  `partenaire_id` int DEFAULT NULL,
  `deleted` tinyint DEFAULT NULL,
  `created_at` datetime DEFAULT NULL,
  `updated_at` datetime DEFAULT NULL,
  PRIMARY KEY (`id`)
) ENGINE=InnoDB DEFAULT CHARSET=latin1;
/*!40101 SET character_set_client = @saved_cs_client */;

--
-- Dumping data for table `seuils`
--

LOCK TABLES `seuils` WRITE;
/*!40000 ALTER TABLE `seuils` DISABLE KEYS */;
/*!40000 ALTER TABLE `seuils` ENABLE KEYS */;
UNLOCK TABLES;

--
-- Table structure for table `transferts`
--

DROP TABLE IF EXISTS `transferts`;
/*!40101 SET @saved_cs_client     = @@character_set_client */;
/*!50503 SET character_set_client = utf8mb4 */;
CREATE TABLE `transferts` (
  `id` int NOT NULL AUTO_INCREMENT,
  `user_client_id` int DEFAULT NULL,
  `receveur_id` int DEFAULT NULL,
  `libelle` varchar(255) DEFAULT NULL,
  `solde_avant_receveur` int DEFAULT NULL,
  `solde_apres_receveur` int DEFAULT NULL,
  `solde_avant_envoyeur` int DEFAULT NULL,
  `solde_apres_envoyeur` int DEFAULT NULL,
  `montant` int DEFAULT NULL,
  `status` tinyint DEFAULT NULL,
  `deleted` tinyint DEFAULT NULL,
  `created_at` datetime DEFAULT NULL,
  `updated_at` datetime DEFAULT NULL,
  `code` int DEFAULT NULL,
  PRIMARY KEY (`id`)
) ENGINE=InnoDB AUTO_INCREMENT=32 DEFAULT CHARSET=latin1;
/*!40101 SET character_set_client = @saved_cs_client */;

--
-- Dumping data for table `transferts`
--

LOCK TABLES `transferts` WRITE;
/*!40000 ALTER TABLE `transferts` DISABLE KEYS */;
INSERT INTO `transferts` VALUES (1,2,1,'Transfert à Enock GBEVE',1314,2314,15900,14900,1000,1,0,'2023-01-24 18:15:00','2023-01-24 18:15:00',NULL),(2,2,1,'Transfert à Enock GBEVE',2314,4814,14900,12400,2500,1,0,'2023-01-24 18:16:50','2023-01-24 18:16:50',NULL),(3,2,1,'Transfert à Enock GBEVE',4814,7314,12400,9900,2500,1,0,'2023-01-24 20:20:28','2023-01-24 20:20:28',NULL),(4,2,1,'Transfert à Enock GBEVE',7314,8314,9900,8900,1000,1,0,'2023-01-24 20:22:07','2023-01-24 20:22:07',NULL),(5,2,1,'Transfert à Enock GBEVE',8314,9814,17900,16400,1500,1,0,'2023-01-30 17:11:15','2023-01-30 17:11:15',NULL),(6,2,1,'Transfert à Enock GBEVE',9814,10814,16400,15400,1000,1,0,'2023-01-30 17:38:32','2023-01-30 17:38:32',NULL),(7,2,1,'Transfert à Enock GBEVE',10814,10914,15400,15300,100,1,0,'2023-01-30 17:48:29','2023-01-30 17:48:29',NULL),(8,2,1,'Transfert à Enock GBEVE',10914,11014,15300,15200,100,1,0,'2023-01-30 17:50:28','2023-01-30 17:50:28',NULL),(9,2,12,'Transfert à Salvador LOBIYI',0,1000,15200,14200,1000,1,0,'2023-01-31 00:54:52','2023-01-31 00:54:52',NULL),(10,12,2,'Transfert à Aurens GBEVE',14200,14400,1000,800,200,1,0,'2023-01-31 18:27:00','2023-01-31 18:27:00',NULL),(11,3,18,'Transfert à coorporate renso',0,5400,15400,10000,5400,1,0,'2023-02-15 18:57:34','2023-02-15 18:57:34',NULL),(12,22,3,'Transfert à Aurens GBEVE',56400,60050,71100,67450,3650,1,0,'2023-02-19 16:49:06','2023-02-19 16:49:06',NULL),(13,28,25,'Transfert à prisca Tossa',1000,1200,1100,900,200,1,0,'2023-02-24 17:39:35','2023-02-24 17:39:35',NULL),(14,27,3,'Transfert à Aurens GBEVE',65050,66050,5400,4400,1000,1,0,'2023-02-24 17:39:47','2023-02-24 17:39:47',NULL),(15,3,28,'Transfert à Estard Edossine EZOUN',900,1900,66050,65050,1000,1,0,'2023-02-24 17:40:46','2023-02-24 17:40:46',NULL),(16,25,26,'Transfert à Odile zossou',10000,10200,1200,1000,200,1,0,'2023-02-24 17:42:26','2023-02-24 17:42:26',NULL),(17,3,28,'Transfert à Estard Edossine EZOUN',1900,1900,65050,65050,5000,1,0,'2023-02-27 15:05:34','2023-02-27 15:05:34',NULL),(18,3,28,'Transfert à Estard Edossine EZOUN',16900,16900,44950,44950,5000,1,0,'2023-02-28 19:15:43','2023-03-01 11:00:27',3449),(19,3,28,'Transfert à Estard Edossine EZOUN',11900,11900,49950,49950,5000,1,0,'2023-03-01 09:49:33','2023-03-01 10:54:44',4724),(20,3,28,'Transfert à Estard Edossine EZOUN',6900,6900,54950,54950,5000,1,0,'2023-03-01 10:05:11','2023-03-01 10:46:42',3570),(21,28,3,'Transfert à Aurens GBEVE',NULL,NULL,NULL,NULL,10000,0,0,'2023-03-01 11:17:07','2023-03-01 11:17:07',3067),(22,28,3,'Transfert à Aurens GBEVE',NULL,NULL,NULL,NULL,2000,0,0,'2023-03-01 11:51:34','2023-03-01 11:51:34',6937),(23,28,3,'Transfert à Aurens GBEVE',NULL,NULL,NULL,NULL,2000,0,0,'2023-03-01 11:52:43','2023-03-01 11:52:43',4616),(24,3,1,'Transfert à Enock GBEVE',NULL,NULL,NULL,NULL,5000,1,0,'2023-03-01 11:55:15','2023-03-01 13:21:24',9959),(25,3,1,'Transfert à Enock GBEVE',NULL,NULL,NULL,NULL,5000,1,0,'2023-03-01 11:56:19','2023-03-01 13:19:56',3594),(26,3,1,'Transfert à Enock GBEVE',NULL,NULL,NULL,NULL,2500,1,0,'2023-03-01 11:57:37','2023-03-01 12:22:30',4547),(27,3,1,'Transfert à Enock GBEVE',NULL,NULL,NULL,NULL,1500,1,0,'2023-03-01 11:58:34','2023-03-01 12:21:09',7393),(28,3,28,'Transfert à Estard Edossine EZOUN',NULL,NULL,NULL,NULL,1500,1,0,'2023-03-01 12:00:05','2023-03-01 12:06:53',6154),(29,3,1,'Transfert à Enock GBEVE',NULL,NULL,NULL,NULL,1500,1,0,'2023-03-01 13:22:46','2023-03-01 13:22:57',8961),(30,3,1,'Transfert à Enock GBEVE',NULL,NULL,NULL,NULL,5000,1,0,'2023-03-01 13:25:53','2023-03-01 13:26:04',8754),(31,3,1,'Transfert à Enock GBEVE',19364,19364,40000,40000,3350,1,0,'2023-03-01 23:47:50','2023-03-01 23:49:47',7090);
/*!40000 ALTER TABLE `transferts` ENABLE KEYS */;
UNLOCK TABLES;

--
-- Table structure for table `user_clients`
--

DROP TABLE IF EXISTS `user_clients`;
/*!40101 SET @saved_cs_client     = @@character_set_client */;
/*!50503 SET character_set_client = utf8mb4 */;
CREATE TABLE `user_clients` (
  `id` int NOT NULL AUTO_INCREMENT,
  `lastname` varchar(100) DEFAULT NULL,
  `name` varchar(150) DEFAULT NULL,
  `code` varchar(10) DEFAULT NULL,
  `last` varchar(10) DEFAULT NULL,
  `username` varchar(15) DEFAULT NULL,
  `password` text,
  `status` tinyint DEFAULT NULL,
  `double_authentification` tinyint DEFAULT NULL,
  `sms` tinyint DEFAULT NULL,
  `deleted` tinyint DEFAULT NULL,
  `created_at` datetime DEFAULT NULL,
  `updated_at` datetime DEFAULT NULL,
  `lastconnexion` varchar(50) DEFAULT NULL,
  `verification` tinyint DEFAULT '0',
  `verification_step_one` tinyint DEFAULT '0',
  `verification_step_two` tinyint DEFAULT '0',
  `verification_step_three` tinyint DEFAULT '0',
  `kyc_client_id` int DEFAULT NULL,
  PRIMARY KEY (`id`)
) ENGINE=InnoDB AUTO_INCREMENT=32 DEFAULT CHARSET=latin1;
/*!40101 SET character_set_client = @saved_cs_client */;

--
-- Dumping data for table `user_clients`
--

LOCK TABLES `user_clients` WRITE;
/*!40000 ALTER TABLE `user_clients` DISABLE KEYS */;
INSERT INTO `user_clients` VALUES (1,'Enock','GBEVE','12705536','7172','22967717596','$2y$10$8PlCSsAz8zxc27bokC2Uu.19TcQvAC4/xd26SQm1WN/qFPQyPj/aC',1,0,1,0,'2023-01-20 16:57:12','2023-03-01 23:55:45',NULL,0,1,0,0,NULL),(2,'coorporate','renso','12707102','2300','22955012674','$2y$10$oCr5B6URmrlWPkjHJXLGoeF5A7LvfW9Q2Pd0PYCuZKhRiWECkR5HG',1,0,1,0,'2023-02-15 18:01:00','2023-02-15 18:55:46',NULL,1,1,1,1,8),(3,'Aurens','GBEVE','12704987','4524','22968080278','$2y$10$n17uwHeZqQvBub.PtJGDSez0isZspbTtaMXeEX6FutwM1y0UOBWpG',1,0,1,0,'2023-02-14 20:02:16','2023-02-28 10:48:47',NULL,1,1,1,1,6),(4,'Erica','HOUNKPONOU','12707172','3465','22961710410','$2y$10$DB6L17o6lHXzd7Ln5Huai.4SMezhdnTak.zcvRce/fJGChkenMaF6',1,0,0,0,'2023-01-20 18:05:40','2023-02-18 10:54:45',NULL,1,1,1,1,10),(5,'Béatrice','LATONKPODE',NULL,NULL,'22991221518','$2y$10$uk6ogeE14HKph3D/oZzmdeZNhvqDm.YzHgUWPV9viPqNF7U1EBiw2',1,0,0,0,'2023-01-20 18:06:32','2023-01-20 18:06:32',NULL,0,1,0,0,NULL),(6,'Erica','HOUNKPONOU','12706258','2928','22968080275','$2y$10$nNQLv65nBAcVzFnVhpIVFuaEXCY4DTvLu6vKinBtN9aqpKcfSBT/i',1,0,0,0,'2023-01-24 09:36:34','2023-01-24 16:31:39',NULL,1,1,1,1,2),(7,'Viviane','GOUNON',NULL,NULL,'22961714161','$2y$10$4XB2JOwVhiklOnRxDimwiuXqwHcLVMRV2TWgnCDwRHCN1aA36zUkO',1,0,0,0,'2023-01-24 15:20:11','2023-01-30 16:14:43',NULL,0,1,1,1,3),(8,'Luc','TOHO',NULL,NULL,'22996042827','$2y$10$KngaA6mz3Xh01x3cBCXswedPe5zCqhjsXBnU0xohzegnIim6QmR9q',1,1,1,0,'2023-01-24 19:47:59','2023-02-14 19:51:41',NULL,0,1,0,0,NULL),(10,'Samsoudine','AWALI',NULL,NULL,'22999390046','$2y$10$Bq6XBrbfPD5gKNfGXt6cYutLLsemNmRNpPF7mreg2AWIuLmZbBiOu',1,0,0,0,'2023-01-25 08:51:44','2023-01-25 15:44:53',NULL,0,1,0,0,NULL),(12,'Salvador','LOBIYI','12706297','4439','22966272226','$2y$10$XhwiyaR9LhxkImM9xCUWBeFqrPW3unkqeHp9rAEtgBTEyCW1.rUAS',1,0,0,0,'2023-01-31 00:05:48','2023-01-31 00:30:30',NULL,1,1,1,1,4),(13,'Merveille','GBEVE','12706391','0689','22955585196','$2y$10$nfGUaImR3DSNyJYV1aIi3u9l5ssOgqEVF.8HLQE8bzjpq9PPABjVW',1,0,0,0,'2023-02-05 18:38:53','2023-02-05 19:35:50',NULL,1,1,1,1,5),(14,'Ferdinand','GADE',NULL,NULL,'22997849776','$2y$10$r/gq2TJ.uHrwL2gOLF6D9u53J5Mz1JEW/Lb4alWJtfUjbRvGlLTK2',1,0,0,0,'2023-02-06 12:31:39','2023-02-06 12:31:39',NULL,0,1,0,0,NULL),(19,'CEDAR','KPOIZOUN','12707103','8714','22996870404','$2y$10$qk9cmKF6yY/I5oL/5DwXduKPJycAH5x6ceVBAS0BkamUabRSitbKa',1,0,1,0,'2023-02-15 20:04:18','2023-02-15 20:22:52',NULL,1,1,1,1,9),(22,'Franck Omer','Ahissou','12707172','3465','22994015002','$2y$10$lOlY.KJbrTDlGxVrMBLN1OnBKJ70QvGFkjSsZY9Mmx.wLjeLHivC.',1,0,1,0,'2023-02-18 09:22:02','2023-02-19 11:04:06',NULL,1,1,1,1,10),(23,'Aurens','Gbeve','12707175','0804','22962617848','$2y$10$huI0o.kqfjpCRrGzaoKss.sLx1Zs31WskuA.sCpxflQe0JLrvaoWe',1,0,1,0,'2023-02-20 11:50:19','2023-02-20 13:40:13',NULL,1,1,1,1,11),(24,'Mouftaou','MOUMOUNI',NULL,NULL,'22966080461','$2y$10$5eG1RC0OTQOh35a6gog/p.Qe11kJ1CqWuHo8kt/VHEB/C5Hh8sPSq',1,0,1,0,'2023-02-20 15:49:14','2023-02-20 18:25:49',NULL,1,1,1,1,12),(25,'prisca','Tossa','12707184','9940','22997838084','$2y$10$ZDiY0RIraHRodM1RsLhG8eCDwXlsfmBWlWPnplXzBHST/tXbsw0li',1,0,1,0,'2023-02-21 15:26:04','2023-02-21 15:43:48',NULL,1,1,1,1,13),(26,'Odile','zossou','12707182','1411','22956056817','$2y$10$FPK0OuuzZy0Rt2oN3d0yIuS8ABYVQcLPLo5C/1MUUl3YvbTUREg3.',1,0,1,0,'2023-02-21 15:26:16','2023-02-21 15:43:47',NULL,1,1,1,1,16),(27,'hapmy','ADEOCHOUN','12707181','8301','22997150779','$2y$10$tfxNKTZy4YHbV3B7o02Q3uW7M.VIE8XgSSGzvS5NGoqY6V4daDwga',1,0,1,0,'2023-02-21 15:26:52','2023-02-21 15:43:47',NULL,1,1,1,1,15),(28,'Estard Edossine','EZOUN','12707183','1947','22962925644','$2y$10$sYIrcs45wsHf7jNQeiWkduo0KhPs.E0LeVhNfNXjRHyCjyseCGDra',1,0,1,0,'2023-02-21 15:27:32','2023-02-27 16:31:08',NULL,1,1,1,1,14),(29,'Hervé','DANDJINOU',NULL,NULL,'22997763768','$2y$10$ym8HCd5dNFXovIHFC.NoDurjCIOMo4UEArsql81o0L7rLsSvKqjta',1,0,1,0,'2023-03-01 16:50:45','2023-03-01 16:54:36',NULL,0,1,1,0,17),(30,'Innocentia','ABIALA',NULL,NULL,'22967716853','$2y$10$jjXWWmX2Mh4VIqYe8KbhGO3632RYYhC7WjCTGj6p6y4VSWzcCUS2e',1,0,1,0,'2023-03-01 17:02:04','2023-03-01 17:07:13',NULL,1,1,1,1,18),(31,'Bénédicte','Anani','12707289','8855','22996928879','$2y$10$gVCQ2EnY6eImo.Mb/OT0qeIr4QoPBdPC2O/tCw9XQXiNQw9OmAFX6',1,0,1,0,'2023-03-02 08:51:31','2023-03-02 09:30:14',NULL,1,1,1,1,19);
/*!40000 ALTER TABLE `user_clients` ENABLE KEYS */;
UNLOCK TABLES;

--
-- Table structure for table `user_partenaires`
--

DROP TABLE IF EXISTS `user_partenaires`;
/*!40101 SET @saved_cs_client     = @@character_set_client */;
/*!50503 SET character_set_client = utf8mb4 */;
CREATE TABLE `user_partenaires` (
  `id` int NOT NULL AUTO_INCREMENT,
  `lastname` varchar(50) DEFAULT NULL,
  `name` varchar(50) DEFAULT NULL,
  `partenaire_id` int DEFAULT NULL,
  `username` varchar(50) DEFAULT NULL,
  `status` bit(1) DEFAULT NULL,
  `password` varchar(255) DEFAULT NULL,
  `role_partenaire_id` int DEFAULT NULL,
  `deleted` tinyint DEFAULT NULL,
  `created_at` datetime DEFAULT NULL,
  `updated_at` datetime DEFAULT NULL,
  `lastconnexion` varchar(50) DEFAULT NULL,
  PRIMARY KEY (`id`)
) ENGINE=InnoDB AUTO_INCREMENT=3 DEFAULT CHARSET=latin1;
/*!40101 SET character_set_client = @saved_cs_client */;

--
-- Dumping data for table `user_partenaires`
--

LOCK TABLES `user_partenaires` WRITE;
/*!40000 ALTER TABLE `user_partenaires` DISABLE KEYS */;
INSERT INTO `user_partenaires` VALUES (1,'Eudes','AGBOTON',2,'aeudes',_binary '','$2y$10$/l8QqXg5StEu.v3DVADZSe6BDorWJFdja/wzfzM5b0AYSvBBom8i.',6,0,'2023-01-23 22:46:24','2023-02-06 10:23:13',NULL),(2,'estard','ezoun',2,'eestard',_binary '','$2y$10$bUUjWwUlbjqu96qAKleyi.yvnjawPc8CXjjz75i1UXWvpvjLAJFIe',6,0,'2023-02-23 16:59:44','2023-02-23 16:59:44',NULL);
/*!40000 ALTER TABLE `user_partenaires` ENABLE KEYS */;
UNLOCK TABLES;

--
-- Table structure for table `users`
--

DROP TABLE IF EXISTS `users`;
/*!40101 SET @saved_cs_client     = @@character_set_client */;
/*!50503 SET character_set_client = utf8mb4 */;
CREATE TABLE `users` (
  `id` int NOT NULL AUTO_INCREMENT,
  `lastname` varchar(50) DEFAULT NULL,
  `name` varchar(50) DEFAULT NULL,
  `username` varchar(50) DEFAULT NULL,
  `password` varchar(250) DEFAULT NULL,
  `deleted` tinyint DEFAULT NULL,
  `status` tinyint DEFAULT NULL,
  `role_id` int DEFAULT NULL,
  `lastconnexion` varchar(50) DEFAULT NULL,
  `created_at` datetime DEFAULT NULL,
  `updated_at` datetime DEFAULT NULL,
  PRIMARY KEY (`id`)
) ENGINE=InnoDB AUTO_INCREMENT=4 DEFAULT CHARSET=latin1;
/*!40101 SET character_set_client = @saved_cs_client */;

--
-- Dumping data for table `users`
--

LOCK TABLES `users` WRITE;
/*!40000 ALTER TABLE `users` DISABLE KEYS */;
INSERT INTO `users` VALUES (1,'Aurens','GBEVE','gaurens','$2y$10$XVdPNQ2C0TBPN7m72iqxguL/ubhBEL2BypeYr3nMvtXCo25BY9Oky',0,1,2,NULL,'2022-11-09 15:38:43','2022-12-02 13:49:13'),(2,'Evans','GBEVE','gevans','$2y$10$fYsVcVk19n/.EP7dSUHduOGPT6CfSOkyUHuJwAFNoS56zYnvxSe6m',0,1,3,NULL,'2022-11-11 12:40:43','2022-11-11 12:40:43'),(3,'Jean','SINGBO','sjean','$2y$10$d0V9ELzhYEAD0wpY4wLuT.n/uXjVYmAWegV/D8et5eqr2osQAw95u',0,1,2,NULL,'2022-12-02 13:30:16','2022-12-02 13:30:16');
/*!40000 ALTER TABLE `users` ENABLE KEYS */;
UNLOCK TABLES;

--
-- Table structure for table `vente_physiques`
--

DROP TABLE IF EXISTS `vente_physiques`;
/*!40101 SET @saved_cs_client     = @@character_set_client */;
/*!50503 SET character_set_client = utf8mb4 */;
CREATE TABLE `vente_physiques` (
  `id` int NOT NULL AUTO_INCREMENT,
  `kyc_client_id` int DEFAULT NULL,
  `montant` int DEFAULT NULL,
  `gamme_id` int DEFAULT NULL,
  `reference` varchar(50) DEFAULT NULL,
  `carte_physique_id` int DEFAULT NULL,
  `rejeteur_id` int DEFAULT NULL,
  `validateur_id` int DEFAULT NULL,
  `motif_rejet` varchar(50) DEFAULT NULL,
  `etat` tinyint DEFAULT NULL,
  `deleted` tinyint DEFAULT NULL,
  `created_at` datetime DEFAULT NULL,
  `updated_at` datetime DEFAULT NULL,
  PRIMARY KEY (`id`)
) ENGINE=InnoDB DEFAULT CHARSET=latin1;
/*!40101 SET character_set_client = @saved_cs_client */;

--
-- Dumping data for table `vente_physiques`
--

LOCK TABLES `vente_physiques` WRITE;
/*!40000 ALTER TABLE `vente_physiques` DISABLE KEYS */;
/*!40000 ALTER TABLE `vente_physiques` ENABLE KEYS */;
UNLOCK TABLES;

--
-- Table structure for table `vente_virtuelles`
--

DROP TABLE IF EXISTS `vente_virtuelles`;
/*!40101 SET @saved_cs_client     = @@character_set_client */;
/*!50503 SET character_set_client = utf8mb4 */;
CREATE TABLE `vente_virtuelles` (
  `id` int NOT NULL AUTO_INCREMENT,
  `kyc_client_id` int DEFAULT NULL,
  `carte_virtuelle_id` int DEFAULT NULL,
  `gamme_id` int DEFAULT NULL,
  `montant` int DEFAULT NULL,
  `etat` tinyint DEFAULT NULL,
  `motif_rejet` varchar(255) DEFAULT NULL,
  `rejeteur_id` varchar(255) DEFAULT NULL,
  `validateur_id` varchar(255) DEFAULT NULL,
  `reference` varchar(255) DEFAULT NULL,
  `deleted` tinyint DEFAULT NULL,
  `created_at` datetime DEFAULT NULL,
  `updated_at` datetime DEFAULT NULL,
  PRIMARY KEY (`id`)
) ENGINE=InnoDB DEFAULT CHARSET=latin1;
/*!40101 SET character_set_client = @saved_cs_client */;

--
-- Dumping data for table `vente_virtuelles`
--

LOCK TABLES `vente_virtuelles` WRITE;
/*!40000 ALTER TABLE `vente_virtuelles` DISABLE KEYS */;
/*!40000 ALTER TABLE `vente_virtuelles` ENABLE KEYS */;
UNLOCK TABLES;
/*!40103 SET TIME_ZONE=@OLD_TIME_ZONE */;

/*!40101 SET SQL_MODE=@OLD_SQL_MODE */;
/*!40014 SET FOREIGN_KEY_CHECKS=@OLD_FOREIGN_KEY_CHECKS */;
/*!40014 SET UNIQUE_CHECKS=@OLD_UNIQUE_CHECKS */;
/*!40101 SET CHARACTER_SET_CLIENT=@OLD_CHARACTER_SET_CLIENT */;
/*!40101 SET CHARACTER_SET_RESULTS=@OLD_CHARACTER_SET_RESULTS */;
/*!40101 SET COLLATION_CONNECTION=@OLD_COLLATION_CONNECTION */;
/*!40111 SET SQL_NOTES=@OLD_SQL_NOTES */;

-- Dump completed on 2023-03-02 13:00:03
