-- MySQL dump 10.13  Distrib 8.0.29, for Linux (x86_64)
--
-- Host: localhost    Database: db_virtuelle
-- ------------------------------------------------------
-- Server version	8.0.29

/*!40101 SET @OLD_CHARACTER_SET_CLIENT=@@CHARACTER_SET_CLIENT */;
/*!40101 SET @OLD_CHARACTER_SET_RESULTS=@@CHARACTER_SET_RESULTS */;
/*!40101 SET @OLD_COLLATION_CONNECTION=@@COLLATION_CONNECTION */;
/*!50503 SET NAMES utf8mb4 */;
/*!40103 SET @OLD_TIME_ZONE=@@TIME_ZONE */;
/*!40103 SET TIME_ZONE='+00:00' */;
/*!40014 SET @OLD_UNIQUE_CHECKS=@@UNIQUE_CHECKS, UNIQUE_CHECKS=0 */;
/*!40014 SET @OLD_FOREIGN_KEY_CHECKS=@@FOREIGN_KEY_CHECKS, FOREIGN_KEY_CHECKS=0 */;
/*!40101 SET @OLD_SQL_MODE=@@SQL_MODE, SQL_MODE='NO_AUTO_VALUE_ON_ZERO' */;
/*!40111 SET @OLD_SQL_NOTES=@@SQL_NOTES, SQL_NOTES=0 */;

--
-- Table structure for table `account_commission_operations`
--

DROP TABLE IF EXISTS `account_commission_operations`;
/*!40101 SET @saved_cs_client     = @@character_set_client */;
/*!50503 SET character_set_client = utf8mb4 */;
CREATE TABLE `account_commission_operations` (
  `id` int NOT NULL AUTO_INCREMENT,
  `solde_avant` int DEFAULT NULL,
  `montant` int DEFAULT NULL,
  `solde_apres` int DEFAULT NULL,
  `type` varchar(50) DEFAULT NULL,
  `libelle` varchar(255) DEFAULT NULL,
  `deleted` tinyint DEFAULT NULL,
  `created_at` datetime DEFAULT NULL,
  `updated_at` datetime DEFAULT NULL,
  `account_commission_id` int DEFAULT NULL,
  PRIMARY KEY (`id`)
) ENGINE=InnoDB AUTO_INCREMENT=64 DEFAULT CHARSET=latin1;
/*!40101 SET character_set_client = @saved_cs_client */;

--
-- Dumping data for table `account_commission_operations`
--

LOCK TABLES `account_commission_operations` WRITE;
/*!40000 ALTER TABLE `account_commission_operations` DISABLE KEYS */;
INSERT INTO `account_commission_operations` VALUES (1,0,50,50,'credit','Commission sur le depot  n°4',0,'2023-01-24 00:03:19','2023-01-24 00:03:19',NULL),(2,50,40,90,'credit','Commission de retrait sur le compte ',0,'2023-01-24 01:05:11','2023-01-24 01:05:11',NULL),(3,90,50,140,'credit','Commission sur le depot  n°5',0,'2023-01-25 12:57:19','2023-01-25 12:57:19',2),(4,140,50,190,'credit','Commission sur le depot  n°7',0,'2023-02-03 15:01:57','2023-02-03 15:01:57',2),(5,190,50,240,'credit','Commission sur le depot  n°8',0,'2023-02-03 15:10:49','2023-02-03 15:10:49',2),(6,240,5000,-4760,'dedit','Retrait du compte de commission',0,'2023-02-05 10:49:43','2023-02-05 10:49:43',2),(7,5000,500,4500,'dedit','Retrait du compte de commission',0,'2023-02-05 10:58:09','2023-02-05 10:58:09',2),(8,4500,1500,3000,'dedit','Transfert vers le compte distribution',0,'2023-02-05 11:32:40','2023-02-05 11:32:40',2),(9,3000,1500,1500,'dedit','Transfert vers le compte distribution',0,'2023-02-05 11:33:49','2023-02-05 11:33:49',2),(10,1500,500,1000,'dedit','Transfert vers le compte distribution',0,'2023-02-05 11:44:02','2023-02-05 11:44:02',2),(11,1000,40,1040,'credit','Commission de retrait sur le compte ',0,'2023-02-05 20:06:42','2023-02-05 20:06:42',2),(12,1040,50,1090,'credit','Commission sur le depot  n°10',0,'2023-02-05 20:08:41','2023-02-05 20:08:41',2),(13,1090,90,1000,'dedit','Transfert vers le compte distribution',0,'2023-02-06 10:58:47','2023-02-06 10:58:47',2),(14,1000,40,1040,'credit','Commission de retrait sur le compte ',0,'2023-02-12 19:59:56','2023-02-12 19:59:56',2),(15,1040,40,1080,'credit','Commission de retrait sur le compte ',0,'2023-02-12 20:20:22','2023-02-12 20:20:22',2),(16,1080,40,1120,'credit','Commission de retrait sur le compte ',0,'2023-02-12 20:21:54','2023-02-12 20:21:54',2),(17,1120,40,1160,'credit','Commission de retrait sur le compte ',0,'2023-02-12 20:22:33','2023-02-12 20:22:33',2),(18,1160,40,1200,'credit','Commission de retrait sur le compte ',0,'2023-02-12 20:23:51','2023-02-12 20:23:51',2),(19,1200,40,1240,'credit','Commission de retrait sur le compte ',0,'2023-02-12 20:49:21','2023-02-12 20:49:21',2),(20,1240,40,1280,'credit','Commission de retrait sur le compte ',0,'2023-02-12 20:51:50','2023-02-12 20:51:50',2),(21,1280,40,1320,'credit','Commission de retrait sur le compte ',0,'2023-02-12 20:52:34','2023-02-12 20:52:34',2),(22,1320,50,1370,'credit','Commission sur le depot  n°11',0,'2023-02-12 21:09:27','2023-02-12 21:09:27',2),(23,1370,50,1420,'credit','Commission sur le depot  n°12',0,'2023-02-12 21:13:30','2023-02-12 21:13:30',2),(24,1420,50,1470,'credit','Commission sur le depot  n°13',0,'2023-02-15 17:58:58','2023-02-15 17:58:58',2),(25,1470,50,1520,'credit','Commission sur le depot  n°14',0,'2023-02-15 20:25:12','2023-02-15 20:25:12',2),(26,1520,40,1560,'credit','Commission de retrait sur le compte ',0,'2023-02-15 20:46:00','2023-02-15 20:46:00',2),(27,1560,40,1600,'credit','Commission de retrait sur le compte ',0,'2023-02-15 20:49:48','2023-02-15 20:49:48',2),(28,1600,500,1100,'dedit','Transfert vers le compte distribution',0,'2023-02-18 09:48:51','2023-02-18 09:48:51',2),(29,1100,50,1150,'credit','Commission sur le depot  n°19',0,'2023-02-19 16:17:40','2023-02-19 16:17:40',2),(30,1150,50,1200,'credit','Commission sur le depot  n°20',0,'2023-02-19 16:17:58','2023-02-19 16:17:58',2),(31,1200,40,1240,'credit','Commission de retrait sur le compte ',0,'2023-02-19 16:20:55','2023-02-19 16:20:55',2),(32,1240,50,1290,'credit','Commission sur le depot  n°21',0,'2023-02-21 15:49:47','2023-02-21 15:49:47',2),(33,1290,50,1340,'credit','Commission sur le depot  n°22',0,'2023-02-21 15:49:52','2023-02-21 15:49:52',2),(34,1340,50,1390,'credit','Commission sur le depot  n°23',0,'2023-02-21 15:49:52','2023-02-21 15:49:52',2),(35,1390,50,1440,'credit','Commission sur le depot  n°24',0,'2023-02-21 15:50:00','2023-02-21 15:50:00',2),(36,1440,40,1480,'credit','Commission de retrait sur le compte ',0,'2023-02-21 15:53:02','2023-02-21 15:53:02',2),(37,1480,40,1520,'credit','Commission de retrait sur le compte ',0,'2023-02-21 15:54:20','2023-02-21 15:54:20',2),(38,1520,40,1560,'credit','Commission de retrait sur le compte ',0,'2023-02-21 15:54:20','2023-02-21 15:54:20',2),(39,1560,50,1610,'credit','Commission sur le depot  n°25',0,'2023-02-23 17:14:12','2023-02-23 17:14:12',2),(40,1610,40,1650,'credit','Commission de retrait sur le compte ',0,'2023-03-01 09:43:42','2023-03-01 09:43:42',2),(41,1650,40,1690,'credit','Commission de retrait sur le compte ',0,'2023-03-01 13:32:15','2023-03-01 13:32:15',2),(42,1690,160,1850,'credit','Commission de retrait sur le compte ',0,'2023-03-01 23:56:19','2023-03-01 23:56:19',2),(43,1850,50,1900,'credit','Commission sur le depot  n°42',0,'2023-03-02 16:07:20','2023-03-02 16:07:20',2),(44,1900,40,1940,'credit','Commission de retrait sur le compte ',0,'2023-03-03 13:26:09','2023-03-03 13:26:09',2),(45,1940,40,1980,'credit','Commission de retrait sur le compte ',0,'2023-03-03 13:27:36','2023-03-03 13:27:36',2),(46,1980,2000,3980,'credit','Commission de retrait sur le compte ',0,'2023-03-06 21:44:26','2023-03-06 21:44:26',2),(47,3980,40,4020,'credit','Commission de retrait sur le compte ',0,'2023-03-07 10:59:51','2023-03-07 10:59:51',2),(48,4020,40,4060,'credit','Commission de retrait sur le compte ',0,'2023-03-07 11:05:29','2023-03-07 11:05:29',2),(49,4060,50,4110,'credit','Commission sur le depot  n°59',0,'2023-03-09 15:23:14','2023-03-09 15:23:14',2),(50,4110,50,4160,'credit','Commission sur le depot  n°60',0,'2023-03-09 15:28:51','2023-03-09 15:28:51',2),(51,4160,50,4210,'credit','Commission sur le depot  n°61',0,'2023-03-09 15:29:29','2023-03-09 15:29:29',2),(52,4210,50,4260,'credit','Commission sur le depot  n°68',0,'2023-03-09 16:12:17','2023-03-09 16:12:17',2),(53,4260,50,4310,'credit','Commission sur le depot  n°69',0,'2023-03-09 16:13:07','2023-03-09 16:13:07',2),(54,4310,1000,3310,'dedit','Transfert vers le compte distribution',0,'2023-03-09 16:37:06','2023-03-09 16:37:06',2),(55,3310,50,3360,'credit','Commission sur le depot  n°70',0,'2023-03-09 17:21:01','2023-03-09 17:21:01',2),(56,3360,50,3410,'credit','Commission sur le depot  n°71',0,'2023-03-09 17:29:04','2023-03-09 17:29:04',2),(57,3410,2000,5410,'credit','Commission de retrait sur le compte ',0,'2023-03-17 10:48:28','2023-03-17 10:48:28',2),(58,5410,800,6210,'credit','Commission de retrait sur le compte ',0,'2023-03-17 15:28:52','2023-03-17 15:28:52',2),(59,6210,2000,4210,'debit','Retrait du compte de commission',0,'2023-03-20 12:20:28','2023-03-20 12:20:28',2),(60,4210,4000,210,'debit','Transfert vers le compte distribution',0,'2023-03-20 12:21:40','2023-03-20 12:21:40',2),(61,210,50,260,'credit','Commission sur le depot  n°73',0,'2023-03-20 22:08:47','2023-03-20 22:08:47',2),(62,260,50,310,'credit','Commission sur le depot  n°74',0,'2023-03-20 22:10:09','2023-03-20 22:10:09',2),(63,310,50,360,'credit','Commission sur le depot  n°76',0,'2023-03-21 09:46:11','2023-03-21 09:46:11',2);
/*!40000 ALTER TABLE `account_commission_operations` ENABLE KEYS */;
UNLOCK TABLES;

--
-- Table structure for table `account_commissions`
--

DROP TABLE IF EXISTS `account_commissions`;
/*!40101 SET @saved_cs_client     = @@character_set_client */;
/*!50503 SET character_set_client = utf8mb4 */;
CREATE TABLE `account_commissions` (
  `id` int NOT NULL AUTO_INCREMENT,
  `solde` int DEFAULT NULL,
  `partenaire_id` int DEFAULT NULL,
  `deleted` tinyint DEFAULT NULL,
  `created_at` datetime DEFAULT NULL,
  `updated_at` datetime DEFAULT NULL,
  PRIMARY KEY (`id`)
) ENGINE=InnoDB AUTO_INCREMENT=3 DEFAULT CHARSET=latin1;
/*!40101 SET character_set_client = @saved_cs_client */;

--
-- Dumping data for table `account_commissions`
--

LOCK TABLES `account_commissions` WRITE;
/*!40000 ALTER TABLE `account_commissions` DISABLE KEYS */;
INSERT INTO `account_commissions` VALUES (1,0,1,0,'2023-01-20 17:12:35','2023-01-20 17:12:35'),(2,360,2,0,'2023-01-23 22:46:24','2023-03-21 09:46:11');
/*!40000 ALTER TABLE `account_commissions` ENABLE KEYS */;
UNLOCK TABLES;

--
-- Table structure for table `account_distribution_operations`
--

DROP TABLE IF EXISTS `account_distribution_operations`;
/*!40101 SET @saved_cs_client     = @@character_set_client */;
/*!50503 SET character_set_client = utf8mb4 */;
CREATE TABLE `account_distribution_operations` (
  `id` int NOT NULL AUTO_INCREMENT,
  `user_id` int DEFAULT NULL,
  `solde_avant` int DEFAULT NULL,
  `montant` int DEFAULT NULL,
  `solde_apres` int DEFAULT NULL,
  `type` varchar(50) DEFAULT NULL,
  `libelle` varchar(255) DEFAULT NULL,
  `deleted` tinyint DEFAULT NULL,
  `created_at` datetime DEFAULT NULL,
  `updated_at` datetime DEFAULT NULL,
  `account_distribution_id` int DEFAULT NULL,
  PRIMARY KEY (`id`)
) ENGINE=InnoDB AUTO_INCREMENT=66 DEFAULT CHARSET=latin1;
/*!40101 SET character_set_client = @saved_cs_client */;

--
-- Dumping data for table `account_distribution_operations`
--

LOCK TABLES `account_distribution_operations` WRITE;
/*!40000 ALTER TABLE `account_distribution_operations` DISABLE KEYS */;
INSERT INTO `account_distribution_operations` VALUES (1,NULL,200000,3000,197000,'debit','Depot de 3000 effectué sur le compte  avec des frais de 0',0,'2023-01-24 00:03:19','2023-01-24 00:03:19',NULL),(2,NULL,197000,2000,199000,'credit','Retrait effectué sur le compte ',0,'2023-01-24 01:05:11','2023-01-24 01:05:11',NULL),(3,NULL,199000,9000,190000,'debit','Depot de 9000 effectué sur le compte  avec des frais de 0',0,'2023-01-25 12:57:19','2023-01-25 12:57:19',2),(4,NULL,190000,2000,188000,'debit','Depot de 2000 effectué sur le compte  avec des frais de 0',0,'2023-02-03 15:01:57','2023-02-03 15:01:57',2),(5,NULL,188000,2000,186000,'debit','Depot de 2000 effectué sur le compte  avec des frais de 0',0,'2023-02-03 15:10:49','2023-02-03 15:10:49',2),(6,NULL,200000,5000,195000,'dedit','Retrait du compte de distribution',0,'2023-02-05 10:09:50','2023-02-05 10:09:50',1),(7,NULL,186000,1500,187500,'credit','Transfert depuis le compte de distribution',0,'2023-02-05 11:32:40','2023-02-05 11:32:40',2),(8,NULL,187500,1500,189000,'credit','Transfert depuis le compte de distribution',0,'2023-02-05 11:33:49','2023-02-05 11:33:49',2),(9,NULL,189000,500,189500,'credit','Transfert depuis le compte de distribution',0,'2023-02-05 11:44:02','2023-02-05 11:44:02',2),(10,NULL,189500,2000,191500,'credit','Retrait effectué sur le compte ',0,'2023-02-05 20:06:41','2023-02-05 20:06:41',2),(11,NULL,191500,10000,181500,'debit','Depot de 10000 effectué sur le compte  avec des frais de 0',0,'2023-02-05 20:08:41','2023-02-05 20:08:41',2),(12,NULL,181500,90,181590,'credit','Transfert depuis le compte de distribution',0,'2023-02-06 10:58:47','2023-02-06 10:58:47',2),(13,NULL,181590,1500,183090,'credit','Retrait effectué sur le compte ',0,'2023-02-12 19:59:56','2023-02-12 19:59:56',2),(14,NULL,183090,1500,184590,'credit','Retrait effectué sur le compte ',0,'2023-02-12 20:20:22','2023-02-12 20:20:22',2),(15,NULL,184590,1500,186090,'credit','Retrait effectué sur le compte ',0,'2023-02-12 20:21:54','2023-02-12 20:21:54',2),(16,NULL,186090,1000,187090,'credit','Retrait effectué sur le compte ',0,'2023-02-12 20:22:33','2023-02-12 20:22:33',2),(17,NULL,187090,1000,188090,'credit','Retrait effectué sur le compte ',0,'2023-02-12 20:23:50','2023-02-12 20:23:50',2),(18,NULL,188090,1000,189090,'credit','Retrait effectué sur le compte ',0,'2023-02-12 20:49:21','2023-02-12 20:49:21',2),(19,NULL,189090,1500,190590,'credit','Retrait effectué sur le compte ',0,'2023-02-12 20:51:50','2023-02-12 20:51:50',2),(20,NULL,190590,1500,192090,'credit','Retrait effectué sur le compte ',0,'2023-02-12 20:52:34','2023-02-12 20:52:34',2),(21,NULL,192090,5000,187090,'debit','Depot de 5000 effectué sur le compte  avec des frais de 0',0,'2023-02-12 21:09:27','2023-02-12 21:09:27',2),(22,NULL,187090,50000,137090,'debit','Depot de 50000 effectué sur le compte  avec des frais de 0',0,'2023-02-12 21:13:30','2023-02-12 21:13:30',2),(23,NULL,137090,10000,127090,'debit','Depot de 10000 effectué sur le compte  avec des frais de 0',0,'2023-02-15 17:58:58','2023-02-15 17:58:58',2),(24,NULL,127090,5000,122090,'debit','Depot de 5000 effectué sur le compte  avec des frais de 0',0,'2023-02-15 20:25:12','2023-02-15 20:25:12',2),(25,NULL,122090,5000,127090,'credit','Retrait effectué sur le compte ',0,'2023-02-15 20:46:00','2023-02-15 20:46:00',2),(26,NULL,127090,500,127590,'credit','Retrait effectué sur le compte ',0,'2023-02-15 20:49:48','2023-02-15 20:49:48',2),(27,NULL,127590,500,128090,'credit','Transfert depuis le compte de distribution',0,'2023-02-18 09:48:51','2023-02-18 09:48:51',2),(28,NULL,128090,5000,123090,'debit','Depot de 5000 effectué sur le compte  avec des frais de 0',0,'2023-02-19 16:17:40','2023-02-19 16:17:40',2),(29,NULL,123090,5000,118090,'debit','Depot de 5000 effectué sur le compte  avec des frais de 0',0,'2023-02-19 16:17:58','2023-02-19 16:17:58',2),(30,NULL,118090,3800,121890,'credit','Retrait effectué sur le compte ',0,'2023-02-19 16:20:55','2023-02-19 16:20:55',2),(31,NULL,121890,1000,120890,'debit','Depot de 1000 effectué sur le compte  avec des frais de 0',0,'2023-02-21 15:49:47','2023-02-21 15:49:47',2),(32,NULL,120890,500,120390,'debit','Depot de 500 effectué sur le compte  avec des frais de 0',0,'2023-02-21 15:49:52','2023-02-21 15:49:52',2),(33,NULL,120890,500,120390,'debit','Depot de 500 effectué sur le compte  avec des frais de 0',0,'2023-02-21 15:49:52','2023-02-21 15:49:52',2),(34,NULL,120390,500,119890,'debit','Depot de 500 effectué sur le compte  avec des frais de 0',0,'2023-02-21 15:49:59','2023-02-21 15:49:59',2),(35,NULL,119890,500,120390,'credit','Retrait effectué sur le compte ',0,'2023-02-21 15:53:02','2023-02-21 15:53:02',2),(36,NULL,120390,400,120790,'credit','Retrait effectué sur le compte ',0,'2023-02-21 15:54:20','2023-02-21 15:54:20',2),(37,NULL,120790,300,121090,'credit','Retrait effectué sur le compte ',0,'2023-02-21 15:54:20','2023-02-21 15:54:20',2),(38,NULL,121090,5000,116090,'debit','Depot de 5000 effectué sur le compte  avec des frais de 0',0,'2023-02-23 17:14:12','2023-02-23 17:14:12',2),(39,NULL,116090,5000,121090,'credit','Retrait effectué sur le compte ',0,'2023-03-01 09:43:42','2023-03-01 09:43:42',2),(40,NULL,121090,1500,122590,'credit','Retrait effectué sur le compte ',0,'2023-03-01 13:32:15','2023-03-01 13:32:15',2),(41,NULL,122590,10000,132590,'credit','Retrait effectué sur le compte ',0,'2023-03-01 23:56:19','2023-03-01 23:56:19',2),(42,NULL,132590,13000,119590,'debit','Depot de 13000 effectué sur le compte  avec des frais de 0',0,'2023-03-02 16:07:20','2023-03-02 16:07:20',2),(43,NULL,119590,2000,121590,'credit','Retrait effectué sur le compte ',0,'2023-03-03 13:26:09','2023-03-03 13:26:09',2),(44,NULL,121590,500,122090,'credit','Retrait effectué sur le compte ',0,'2023-03-03 13:27:36','2023-03-03 13:27:36',2),(45,NULL,122090,500000,622090,'credit','Retrait effectué sur le compte ',0,'2023-03-06 21:44:26','2023-03-06 21:44:26',2),(46,NULL,622090,50000,672090,'credit','Retrait effectué sur le compte ',0,'2023-03-07 10:49:59','2023-03-07 10:49:59',2),(47,NULL,672090,5000,677090,'credit','Retrait effectué sur le compte ',0,'2023-03-07 10:59:51','2023-03-07 10:59:51',2),(48,NULL,677090,5000,682090,'credit','Retrait effectué sur le compte ',0,'2023-03-07 11:05:29','2023-03-07 11:05:29',2),(49,NULL,682090,50000,632090,'debit','Depot de 50000 effectué sur le compte  avec des frais de 0',0,'2023-03-09 15:23:14','2023-03-09 15:23:14',2),(50,NULL,632090,50000,582090,'debit','Depot de 50000 effectué sur le compte  avec des frais de 0',0,'2023-03-09 15:28:51','2023-03-09 15:28:51',2),(51,NULL,582090,500,581590,'debit','Depot de 500 effectué sur le compte  avec des frais de 0',0,'2023-03-09 15:29:29','2023-03-09 15:29:29',2),(52,NULL,581590,2000,579590,'debit','Depot de 2000 effectué sur le compte  avec des frais de 0',0,'2023-03-09 16:12:17','2023-03-09 16:12:17',2),(53,NULL,579590,100000,479590,'debit','Depot de 100000 effectué sur le compte  avec des frais de 0',0,'2023-03-09 16:13:07','2023-03-09 16:13:07',2),(54,NULL,479590,1000,480590,'credit','Transfert depuis le compte de distribution',0,'2023-03-09 16:37:06','2023-03-09 16:37:06',2),(55,NULL,480590,50000,430590,'debit','Depot de 50000 effectué sur le compte  avec des frais de 0',0,'2023-03-09 17:21:01','2023-03-09 17:21:01',2),(56,NULL,430590,15000,415590,'debit','Depot de 15000 effectué sur le compte  avec des frais de 0',0,'2023-03-09 17:29:04','2023-03-09 17:29:04',2),(57,NULL,415590,500000,915590,'credit','Retrait effectué sur le compte ',0,'2023-03-17 10:48:28','2023-03-17 10:48:28',2),(58,NULL,915590,200000,1115590,'credit','Retrait effectué sur le compte ',0,'2023-03-17 15:28:52','2023-03-17 15:28:52',2),(59,NULL,1115590,5000,1110590,'debit','Retrait du compte de distribution',0,'2023-03-20 12:07:44','2023-03-20 12:07:44',2),(60,NULL,1110590,10590,1100000,'debit','Retrait du compte de distribution',0,'2023-03-20 12:08:55','2023-03-20 12:08:55',2),(61,NULL,1100000,4000,1104000,'credit','Transfert depuis le compte de commission',0,'2023-03-20 12:21:40','2023-03-20 12:21:40',2),(62,NULL,1104000,50000,1054000,'debit','Depot de 50000 effectué sur le compte  avec des frais de 0',0,'2023-03-20 22:08:47','2023-03-20 22:08:47',2),(63,NULL,1054000,5000,1049000,'debit','Depot de 5000 effectué sur le compte  avec des frais de 0',0,'2023-03-20 22:10:09','2023-03-20 22:10:09',2),(64,NULL,1049000,49000,1000000,'debit','Retrait du compte de distribution',0,'2023-03-20 22:51:34','2023-03-20 22:51:34',2),(65,NULL,1000000,100000,900000,'debit','Depot de 100000 effectué sur le compte  avec des frais de 0',0,'2023-03-21 09:46:11','2023-03-21 09:46:11',2);
/*!40000 ALTER TABLE `account_distribution_operations` ENABLE KEYS */;
UNLOCK TABLES;

--
-- Table structure for table `account_distributions`
--

DROP TABLE IF EXISTS `account_distributions`;
/*!40101 SET @saved_cs_client     = @@character_set_client */;
/*!50503 SET character_set_client = utf8mb4 */;
CREATE TABLE `account_distributions` (
  `id` int NOT NULL AUTO_INCREMENT,
  `partenaire_id` int DEFAULT NULL,
  `solde` int DEFAULT NULL,
  `deleted` tinyint DEFAULT NULL,
  `updated_at` datetime DEFAULT NULL,
  `created_at` datetime DEFAULT NULL,
  PRIMARY KEY (`id`)
) ENGINE=InnoDB AUTO_INCREMENT=3 DEFAULT CHARSET=latin1;
/*!40101 SET character_set_client = @saved_cs_client */;

--
-- Dumping data for table `account_distributions`
--

LOCK TABLES `account_distributions` WRITE;
/*!40000 ALTER TABLE `account_distributions` DISABLE KEYS */;
INSERT INTO `account_distributions` VALUES (1,1,195000,0,'2023-02-05 10:09:50','2023-01-20 17:12:35'),(2,2,900000,0,'2023-03-21 09:46:11','2023-01-23 22:46:24');
/*!40000 ALTER TABLE `account_distributions` ENABLE KEYS */;
UNLOCK TABLES;

--
-- Table structure for table `carte_physiques`
--

DROP TABLE IF EXISTS `carte_physiques`;
/*!40101 SET @saved_cs_client     = @@character_set_client */;
/*!50503 SET character_set_client = utf8mb4 */;
CREATE TABLE `carte_physiques` (
  `id` int NOT NULL AUTO_INCREMENT,
  `serie` int DEFAULT NULL,
  `code` varchar(50) DEFAULT NULL,
  `gamme_id` int DEFAULT NULL,
  `user_id` int DEFAULT NULL,
  `status` tinyint DEFAULT NULL,
  `deleted` tinyint DEFAULT NULL,
  `created_at` datetime DEFAULT NULL,
  `updated_at` datetime DEFAULT NULL,
  PRIMARY KEY (`id`)
) ENGINE=InnoDB AUTO_INCREMENT=17 DEFAULT CHARSET=latin1;
/*!40101 SET character_set_client = @saved_cs_client */;

--
-- Dumping data for table `carte_physiques`
--

LOCK TABLES `carte_physiques` WRITE;
/*!40000 ALTER TABLE `carte_physiques` DISABLE KEYS */;
INSERT INTO `carte_physiques` VALUES (1,1,'0012345678',1,1,0,0,'2022-11-10 10:58:28','2022-11-10 14:06:30'),(2,2,'0012345679',1,1,1,0,'2022-11-10 10:58:28','2022-11-10 10:58:28'),(3,3,'0012345680',1,1,1,0,'2022-11-10 10:58:28','2022-11-10 10:58:28'),(4,4,'0012345681',1,1,1,0,'2022-11-10 10:58:28','2022-11-10 10:58:28'),(5,5,'0012345682',1,1,1,0,'2022-11-10 10:58:28','2022-11-10 10:58:28'),(6,6,'0012345683',1,1,1,0,'2022-11-10 10:58:28','2022-11-10 10:58:28'),(7,7,'0012345684',1,1,1,0,'2022-11-10 10:58:28','2022-11-10 10:58:28'),(8,8,'0012345685',1,1,1,0,'2022-11-10 10:58:28','2022-11-10 10:58:28'),(9,9,'0012345686',1,1,1,0,'2022-11-10 10:58:28','2022-11-10 10:58:28'),(10,10,'0012345687',1,1,1,0,'2022-11-10 10:58:29','2022-11-10 10:58:29'),(11,11,'0012345688',1,1,1,0,'2022-11-10 10:58:29','2022-11-10 10:58:29'),(12,12,'0012345689',1,1,1,0,'2022-11-10 10:58:29','2022-11-10 10:58:29'),(13,13,'0012345690',1,1,1,0,'2022-11-10 10:58:29','2022-11-10 10:58:29'),(14,14,'0012345691',1,1,1,0,'2022-11-10 10:58:29','2022-11-10 10:58:29'),(15,15,'0012345692',1,1,1,0,'2022-11-10 10:58:29','2022-11-10 10:58:29'),(16,16,'0012345693',1,1,1,0,'2022-11-10 10:59:29','2022-11-10 10:59:29');
/*!40000 ALTER TABLE `carte_physiques` ENABLE KEYS */;
UNLOCK TABLES;

--
-- Table structure for table `carte_virtuelles`
--

DROP TABLE IF EXISTS `carte_virtuelles`;
/*!40101 SET @saved_cs_client     = @@character_set_client */;
/*!50503 SET character_set_client = utf8mb4 */;
CREATE TABLE `carte_virtuelles` (
  `id` int NOT NULL AUTO_INCREMENT,
  `last` varchar(50) DEFAULT NULL,
  `code` varchar(50) DEFAULT NULL,
  `deleted` tinyint DEFAULT NULL,
  `created_at` datetime DEFAULT NULL,
  `updated_at` datetime DEFAULT NULL,
  PRIMARY KEY (`id`)
) ENGINE=InnoDB DEFAULT CHARSET=latin1;
/*!40101 SET character_set_client = @saved_cs_client */;

--
-- Dumping data for table `carte_virtuelles`
--

LOCK TABLES `carte_virtuelles` WRITE;
/*!40000 ALTER TABLE `carte_virtuelles` DISABLE KEYS */;
/*!40000 ALTER TABLE `carte_virtuelles` ENABLE KEYS */;
UNLOCK TABLES;

--
-- Table structure for table `commissions`
--

DROP TABLE IF EXISTS `commissions`;
/*!40101 SET @saved_cs_client     = @@character_set_client */;
/*!50503 SET character_set_client = utf8mb4 */;
CREATE TABLE `commissions` (
  `id` int NOT NULL AUTO_INCREMENT,
  `type_operation` varchar(50) DEFAULT NULL,
  `type` varchar(50) DEFAULT NULL,
  `value` int DEFAULT NULL,
  `deleted` tinyint DEFAULT NULL,
  `created_at` datetime DEFAULT NULL,
  `updated_at` datetime DEFAULT NULL,
  PRIMARY KEY (`id`)
) ENGINE=InnoDB AUTO_INCREMENT=3 DEFAULT CHARSET=latin1;
/*!40101 SET character_set_client = @saved_cs_client */;

--
-- Dumping data for table `commissions`
--

LOCK TABLES `commissions` WRITE;
/*!40000 ALTER TABLE `commissions` DISABLE KEYS */;
INSERT INTO `commissions` VALUES (1,'retrait','Taux pourcentage',40,0,'2023-01-20 16:36:08','2023-01-20 16:43:54'),(2,'depot','Taux fixe',50,0,'2023-01-20 16:41:17','2023-01-20 16:41:17');
/*!40000 ALTER TABLE `commissions` ENABLE KEYS */;
UNLOCK TABLES;

--
-- Table structure for table `departements`
--

DROP TABLE IF EXISTS `departements`;
/*!40101 SET @saved_cs_client     = @@character_set_client */;
/*!50503 SET character_set_client = utf8mb4 */;
CREATE TABLE `departements` (
  `id` int NOT NULL AUTO_INCREMENT,
  `libelle` varchar(255) DEFAULT NULL,
  `code` char(5) DEFAULT NULL,
  `deleted` tinyint DEFAULT NULL,
  `created_at` datetime DEFAULT NULL,
  `updated_at` datetime DEFAULT NULL,
  PRIMARY KEY (`id`)
) ENGINE=InnoDB AUTO_INCREMENT=13 DEFAULT CHARSET=latin1;
/*!40101 SET character_set_client = @saved_cs_client */;

--
-- Dumping data for table `departements`
--

LOCK TABLES `departements` WRITE;
/*!40000 ALTER TABLE `departements` DISABLE KEYS */;
INSERT INTO `departements` VALUES (1,'Alibori','AL',0,'2022-11-23 10:24:46','2022-11-23 10:24:47'),(2,'Atacora','AK',0,'2022-11-23 10:28:05','2022-11-23 10:28:06'),(3,'Atlantique','AQ',0,'2022-11-23 10:28:03','2022-11-23 10:28:07'),(4,'Borgou','BO',0,'2022-11-23 10:28:03','2022-11-23 10:28:07'),(5,'Collines','CO',0,'2022-11-23 10:28:02','2022-11-23 10:28:08'),(6,'Couffo','KO',0,'2022-11-23 10:28:01','2022-11-23 10:28:09'),(7,'Donga','DO',0,'2022-11-23 10:28:01','2022-11-23 10:28:09'),(8,'Littoral','LI',0,'2022-11-23 10:28:00','2022-11-23 10:28:10'),(9,'Mono','MO',0,'2022-11-23 10:28:00','2022-11-23 10:28:10'),(10,'Ouémé','OU',0,'2022-11-23 10:27:58','2022-11-23 10:28:11'),(11,'Plateau','PL',0,'2022-11-23 10:27:57','2022-11-23 10:28:11'),(12,'Zou','ZO',0,'2022-11-23 10:27:57','2022-11-23 10:28:12');
/*!40000 ALTER TABLE `departements` ENABLE KEYS */;
UNLOCK TABLES;

--
-- Table structure for table `depots`
--

DROP TABLE IF EXISTS `depots`;
/*!40101 SET @saved_cs_client     = @@character_set_client */;
/*!50503 SET character_set_client = utf8mb4 */;
CREATE TABLE `depots` (
  `id` int NOT NULL AUTO_INCREMENT,
  `user_client_id` int DEFAULT NULL,
  `user_partenaire_id` int DEFAULT NULL,
  `partenaire_id` int DEFAULT NULL,
  `libelle` varchar(255) DEFAULT NULL,
  `solde_avant` int DEFAULT NULL,
  `montant` int DEFAULT NULL,
  `frais` int DEFAULT NULL,
  `solde_apres` int DEFAULT NULL,
  `status` tinyint DEFAULT NULL,
  `motif_rejet` text,
  `validate` tinyint DEFAULT NULL,
  `validateur_id` int DEFAULT NULL,
  `rejet_id` int DEFAULT NULL,
  `deleted` tinyint DEFAULT NULL,
  `created_at` datetime DEFAULT NULL,
  `updated_at` datetime DEFAULT NULL,
  PRIMARY KEY (`id`)
) ENGINE=InnoDB AUTO_INCREMENT=77 DEFAULT CHARSET=latin1;
/*!40101 SET character_set_client = @saved_cs_client */;

--
-- Dumping data for table `depots`
--

LOCK TABLES `depots` WRITE;
/*!40000 ALTER TABLE `depots` DISABLE KEYS */;
INSERT INTO `depots` VALUES (1,2,NULL,NULL,'Rechargement du compte',0,8000,0,8000,1,NULL,1,1,NULL,0,'2023-01-23 20:28:34','2023-01-23 20:28:37'),(2,2,NULL,NULL,'Rechargement du compte',10000,2000,0,12000,1,NULL,1,NULL,NULL,0,'2023-01-23 20:27:02','2023-01-23 20:27:02'),(3,2,1,2,'Depot effectué chezAgence k',12000,3000,0,15000,1,NULL,1,NULL,NULL,0,'2023-01-23 23:34:14','2023-01-23 23:34:14'),(4,2,1,2,'Depot effectué chezAgence k',15000,3000,0,18000,1,NULL,1,NULL,NULL,0,'2023-01-24 00:03:19','2023-01-24 00:03:19'),(5,2,1,2,'Depot effectué chez Agence k',8900,9000,0,17900,1,NULL,1,NULL,NULL,0,'2023-01-25 12:57:19','2023-01-25 12:57:19'),(6,2,1,2,'Depot effectué chez Agence k',14400,2000,0,16400,1,NULL,1,NULL,NULL,0,'2023-02-03 15:00:30','2023-02-03 15:00:30'),(7,2,1,2,'Depot effectué chez Agence k',16400,2000,0,18400,1,NULL,1,NULL,NULL,0,'2023-02-03 15:01:57','2023-02-03 15:01:57'),(8,2,1,2,'Depot effectué chez Agence k',18400,2000,0,20400,1,NULL,1,NULL,NULL,0,'2023-02-03 15:10:49','2023-02-03 15:10:49'),(9,13,NULL,NULL,'Rechargement du compte',0,5000,0,5000,1,NULL,1,NULL,NULL,0,'2023-02-05 19:39:41','2023-02-05 19:39:41'),(10,13,1,2,'Depot effectué chez Agence k',2900,10000,0,12900,1,NULL,1,NULL,NULL,0,'2023-02-05 20:08:41','2023-02-05 20:08:41'),(11,2,1,2,'Depot effectué chez Agence k',9100,5000,0,14100,1,NULL,1,NULL,NULL,0,'2023-02-12 21:09:27','2023-02-12 21:09:27'),(12,2,1,2,'Depot effectué chez Agence k',14100,50000,0,64100,1,NULL,1,NULL,NULL,0,'2023-02-12 21:13:30','2023-02-12 21:13:30'),(13,3,1,2,'Depot effectué chez Agence k',5400,10000,0,15400,1,NULL,1,NULL,NULL,0,'2023-02-15 17:58:58','2023-02-15 17:58:58'),(14,19,1,2,'Depot effectué chez Agence k',0,5000,0,5000,1,NULL,1,NULL,NULL,0,'2023-02-15 20:25:12','2023-02-15 20:25:12'),(15,22,NULL,NULL,'Rechargement du compte',0,50000,0,50000,1,NULL,1,NULL,NULL,0,'2023-02-19 12:21:19','2023-02-19 12:21:19'),(16,3,NULL,NULL,'Rechargement du compte',4900,1500,0,6400,1,NULL,1,NULL,NULL,0,'2023-02-19 15:14:12','2023-02-19 15:14:12'),(17,3,NULL,NULL,'Rechargement du compte',6400,50000,0,56400,1,NULL,1,NULL,NULL,0,'2023-02-19 15:20:25','2023-02-19 15:20:25'),(18,22,NULL,NULL,'Rechargement du compte',50000,15000,0,65000,1,NULL,1,NULL,NULL,0,'2023-02-19 16:13:27','2023-02-19 16:13:27'),(19,22,1,2,'Depot effectué chez Agence k',65000,5000,0,70000,1,NULL,1,NULL,NULL,0,'2023-02-19 16:17:40','2023-02-19 16:17:40'),(20,22,1,2,'Depot effectué chez Agence k',70000,5000,0,75000,1,NULL,1,NULL,NULL,0,'2023-02-19 16:17:58','2023-02-19 16:17:58'),(21,27,1,2,'Depot effectué chez Agence k',0,1000,0,1000,1,NULL,1,NULL,NULL,0,'2023-02-21 15:49:47','2023-02-21 15:49:47'),(22,26,1,2,'Depot effectué chez Agence k',0,500,0,500,1,NULL,1,NULL,NULL,0,'2023-02-21 15:49:52','2023-02-21 15:49:52'),(23,28,1,2,'Depot effectué chez Agence k',0,500,0,500,1,NULL,1,NULL,NULL,0,'2023-02-21 15:49:52','2023-02-21 15:49:52'),(24,25,1,2,'Depot effectué chez Agence k',0,500,0,500,1,NULL,1,NULL,NULL,0,'2023-02-21 15:49:59','2023-02-21 15:49:59'),(25,3,1,2,'Depot effectué chez Agence k',60050,5000,0,65050,1,NULL,1,NULL,NULL,0,'2023-02-23 17:14:12','2023-02-23 17:14:12'),(26,28,NULL,NULL,'Rechargement du compte',100,1000,0,1100,1,NULL,1,NULL,NULL,0,'2023-02-24 17:33:38','2023-02-24 17:33:38'),(27,27,NULL,NULL,'Rechargement du compte',400,5000,0,5400,1,NULL,1,NULL,NULL,0,'2023-02-24 17:33:38','2023-02-24 17:33:38'),(28,26,NULL,NULL,'Rechargement du compte',0,10000,0,10000,1,NULL,1,NULL,NULL,0,'2023-02-24 17:35:58','2023-02-24 17:35:58'),(29,25,NULL,NULL,'Rechargement du compte',500,500,0,1000,1,NULL,1,NULL,NULL,0,'2023-02-24 17:36:32','2023-02-24 17:36:32'),(30,3,NULL,NULL,'Rechargement du compte',65050,50000,0,115050,1,NULL,1,NULL,NULL,0,'2023-02-27 14:18:41','2023-02-27 14:18:41'),(31,3,NULL,NULL,'Rechargement du compte',65050,1500,0,66550,1,NULL,1,NULL,NULL,0,'2023-02-27 14:38:28','2023-02-27 14:38:28'),(32,3,NULL,NULL,'Rechargement du compte',65050,500,0,65550,1,NULL,1,NULL,NULL,0,'2023-02-27 14:42:54','2023-02-27 14:42:54'),(33,3,NULL,NULL,'Rechargement du compte',65050,100000,0,165050,1,NULL,1,NULL,NULL,0,'2023-02-27 14:45:47','2023-02-27 14:45:47'),(34,3,NULL,NULL,'Rechargement du compte',65050,5000,0,70050,1,NULL,1,NULL,NULL,0,'2023-02-27 14:53:18','2023-02-27 14:53:18'),(35,3,NULL,NULL,'Rechargement du compte',65050,1000,0,66050,1,NULL,1,NULL,NULL,0,'2023-02-27 15:00:39','2023-02-27 15:00:39'),(36,3,NULL,NULL,'Rechargement du compte',65050,500,0,65550,1,NULL,1,NULL,NULL,0,'2023-02-27 15:07:21','2023-02-27 15:07:21'),(37,3,NULL,NULL,'Rechargement du compte',65050,500,0,65550,1,NULL,1,NULL,NULL,0,'2023-02-27 15:13:15','2023-02-27 15:13:15'),(38,3,NULL,NULL,'Rechargement du compte',65050,500,0,65550,1,NULL,1,NULL,NULL,0,'2023-02-27 15:21:35','2023-02-27 15:21:35'),(39,3,NULL,NULL,'Rechargement du compte',39950,5000,0,44950,1,NULL,1,NULL,NULL,0,'2023-03-01 12:30:40','2023-03-01 12:30:40'),(40,1,NULL,NULL,'Rechargement du compte',19364,5000,0,24364,1,NULL,1,NULL,NULL,0,'2023-03-01 23:52:14','2023-03-01 23:52:14'),(41,31,NULL,NULL,'Rechargement du compte',0,5000,0,5000,1,NULL,1,NULL,NULL,0,'2023-03-02 09:33:22','2023-03-02 09:33:22'),(42,3,1,2,'Depot effectué chez Agence k',52000,13000,0,65000,1,NULL,1,NULL,NULL,0,'2023-03-02 16:07:20','2023-03-02 16:07:20'),(43,30,NULL,NULL,'Rechargement du compte',0,50000,0,50000,1,NULL,1,NULL,NULL,0,'2023-03-03 12:37:34','2023-03-03 12:37:34'),(44,31,NULL,NULL,'Rechargement du compte',5000,500000,0,505000,1,NULL,1,NULL,NULL,0,'2023-03-03 12:38:48','2023-03-03 12:38:48'),(45,38,NULL,NULL,'Rechargement du compte',0,1000000,0,1000000,1,NULL,1,NULL,NULL,0,'2023-03-03 13:22:33','2023-03-03 13:22:33'),(46,14,NULL,NULL,'Rechargement du compte',0,5000,0,5000,1,NULL,1,NULL,NULL,0,'2023-03-03 14:40:42','2023-03-03 14:40:42'),(47,14,NULL,NULL,'Rechargement du compte',10000,500000,0,510000,1,NULL,1,NULL,NULL,0,'2023-03-03 15:23:55','2023-03-03 15:23:55'),(48,41,NULL,NULL,'Rechargement du compte',0,1000000,0,1000000,1,NULL,1,NULL,NULL,0,'2023-03-03 15:40:03','2023-03-03 15:40:03'),(49,35,NULL,NULL,'Rechargement du compte',0,20000,0,20000,1,NULL,1,NULL,NULL,0,'2023-03-03 16:20:08','2023-03-03 16:20:08'),(50,42,NULL,NULL,'Rechargement du compte',0,100000,0,100000,1,NULL,1,NULL,NULL,0,'2023-03-03 16:25:18','2023-03-03 16:25:18'),(51,44,NULL,NULL,'Rechargement du compte',0,1000000,0,1000000,1,NULL,1,NULL,NULL,0,'2023-03-03 17:29:20','2023-03-03 17:29:20'),(52,36,NULL,NULL,'Rechargement du compte',0,50000,0,50000,1,NULL,1,NULL,NULL,0,'2023-03-03 18:20:42','2023-03-03 18:20:42'),(53,3,NULL,NULL,'Rechargement du compte',55000,5000,0,60000,1,NULL,1,NULL,NULL,0,'2023-03-06 19:16:10','2023-03-06 19:16:10'),(54,3,NULL,NULL,'Rechargement du compte',60000,40000,0,100000,1,NULL,1,NULL,NULL,0,'2023-03-06 19:34:21','2023-03-06 19:34:21'),(55,3,NULL,NULL,'Rechargement du compte',100000,900000,0,1000000,1,NULL,1,NULL,NULL,0,'2023-03-06 19:36:59','2023-03-06 19:36:59'),(56,3,NULL,NULL,'Rechargement du compte',1000000,100000,0,1100000,1,NULL,1,NULL,NULL,0,'2023-03-06 19:59:06','2023-03-06 19:59:06'),(57,3,NULL,NULL,'Rechargement du compte',1100000,200000,0,1300000,1,NULL,1,NULL,NULL,0,'2023-03-06 21:40:39','2023-03-06 21:40:39'),(58,3,NULL,NULL,'Rechargement du compte',736800,300000,0,1036800,1,NULL,1,NULL,NULL,0,'2023-03-08 00:05:50','2023-03-08 00:05:50'),(59,3,1,2,'Depot effectué chez Agence k',1036800,50000,0,1086800,1,NULL,1,NULL,NULL,0,'2023-03-09 15:23:14','2023-03-09 15:23:14'),(60,3,1,2,'Depot effectué chez Agence k',1086800,50000,0,1136800,1,NULL,1,NULL,NULL,0,'2023-03-09 15:28:51','2023-03-09 15:28:51'),(61,3,1,2,'Depot effectué chez Agence k',1136800,500,0,1137300,1,NULL,1,NULL,NULL,0,'2023-03-09 15:29:29','2023-03-09 15:29:29'),(62,26,NULL,NULL,'Rechargement du compte',10200,500,0,10700,1,NULL,1,NULL,NULL,0,'2023-03-09 15:45:20','2023-03-09 15:45:20'),(63,28,NULL,NULL,'Rechargement du compte',7900,1000,0,8900,1,NULL,1,NULL,NULL,0,'2023-03-09 15:45:30','2023-03-09 15:45:30'),(64,40,NULL,NULL,'Rechargement du compte',0,500000,0,500000,1,NULL,1,NULL,NULL,0,'2023-03-09 15:47:49','2023-03-09 15:47:49'),(65,3,NULL,NULL,'Rechargement du compte',1137300,50000,0,1187300,1,NULL,1,NULL,NULL,0,'2023-03-09 15:49:28','2023-03-09 15:49:28'),(66,25,NULL,NULL,'Rechargement du compte',1000,5000,0,6000,1,NULL,1,NULL,NULL,0,'2023-03-09 15:50:56','2023-03-09 15:50:56'),(67,27,NULL,NULL,'Rechargement du compte',4400,500,0,4900,1,NULL,1,NULL,NULL,0,'2023-03-09 15:51:02','2023-03-09 15:51:02'),(68,25,1,2,'Depot effectué chez Agence k',4500,2000,0,6500,1,NULL,1,NULL,NULL,0,'2023-03-09 16:12:17','2023-03-09 16:12:17'),(69,25,1,2,'Depot effectué chez Agence k',6500,100000,0,106500,1,NULL,1,NULL,NULL,0,'2023-03-09 16:13:07','2023-03-09 16:13:07'),(70,3,1,2,'Depot effectué chez Agence k',1182300,50000,0,1232300,1,NULL,1,NULL,NULL,0,'2023-03-09 17:21:01','2023-03-09 17:21:01'),(71,3,1,2,'Depot effectué chez Agence k',1232300,15000,0,1247300,1,NULL,1,NULL,NULL,0,'2023-03-09 17:29:04','2023-03-09 17:29:04'),(72,3,NULL,NULL,'Rechargement du compte',1247300,500000,0,1747300,1,NULL,1,NULL,NULL,0,'2023-03-15 09:19:44','2023-03-15 09:19:44'),(73,1,1,2,'Depot effectué chez Agence k',13964,50000,0,63964,1,NULL,1,NULL,NULL,0,'2023-03-20 22:08:47','2023-03-20 22:08:47'),(74,3,1,2,'Depot effectué chez Agence k',1057890,5000,0,1062890,1,NULL,1,NULL,NULL,0,'2023-03-20 22:10:09','2023-03-20 22:10:09'),(75,22,NULL,NULL,'Rechargement du compte',67450,5000,0,72450,1,NULL,1,NULL,NULL,0,'2023-03-21 09:32:38','2023-03-21 09:32:38'),(76,22,1,2,'Depot effectué chez Agence k',72450,100000,0,172450,1,NULL,1,NULL,NULL,0,'2023-03-21 09:46:11','2023-03-21 09:46:11');
/*!40000 ALTER TABLE `depots` ENABLE KEYS */;
UNLOCK TABLES;

--
-- Table structure for table `frais`
--

DROP TABLE IF EXISTS `frais`;
/*!40101 SET @saved_cs_client     = @@character_set_client */;
/*!50503 SET character_set_client = utf8mb4 */;
CREATE TABLE `frais` (
  `id` int NOT NULL AUTO_INCREMENT,
  `type_operation` varchar(50) DEFAULT NULL,
  `start` int DEFAULT NULL,
  `end` int DEFAULT NULL,
  `type` varchar(50) DEFAULT NULL,
  `value` int DEFAULT NULL,
  `deleted` tinyint DEFAULT NULL,
  `created_at` datetime DEFAULT NULL,
  `updated_at` datetime DEFAULT NULL,
  PRIMARY KEY (`id`)
) ENGINE=InnoDB AUTO_INCREMENT=5 DEFAULT CHARSET=latin1;
/*!40101 SET character_set_client = @saved_cs_client */;

--
-- Dumping data for table `frais`
--

LOCK TABLES `frais` WRITE;
/*!40000 ALTER TABLE `frais` DISABLE KEYS */;
INSERT INTO `frais` VALUES (1,'retrait',1,5000,'Taux fixe',100,0,'2023-01-20 16:17:15','2023-01-20 16:17:15'),(2,'retrait',5001,20000,'Taux fixe',400,0,'2023-01-20 16:18:39','2023-01-20 16:18:39'),(3,'retrait',20001,100000,'Taux fixe',1000,0,'2023-01-20 16:19:16','2023-03-07 10:53:23'),(4,'retrait',100001,2000000,'Taux pourcentage',1,0,'2023-01-20 16:20:02','2023-01-20 16:20:02');
/*!40000 ALTER TABLE `frais` ENABLE KEYS */;
UNLOCK TABLES;

--
-- Table structure for table `gammes`
--

DROP TABLE IF EXISTS `gammes`;
/*!40101 SET @saved_cs_client     = @@character_set_client */;
/*!50503 SET character_set_client = utf8mb4 */;
CREATE TABLE `gammes` (
  `id` int NOT NULL AUTO_INCREMENT,
  `libelle` varchar(50) DEFAULT NULL,
  `prix` int DEFAULT NULL,
  `status` tinyint DEFAULT NULL,
  `deleted` tinyint DEFAULT NULL,
  `created_at` datetime DEFAULT NULL,
  `updated_at` datetime DEFAULT NULL,
  `type` varchar(50) DEFAULT NULL,
  `description` text,
  PRIMARY KEY (`id`)
) ENGINE=InnoDB AUTO_INCREMENT=4 DEFAULT CHARSET=latin1;
/*!40101 SET character_set_client = @saved_cs_client */;

--
-- Dumping data for table `gammes`
--

LOCK TABLES `gammes` WRITE;
/*!40000 ALTER TABLE `gammes` DISABLE KEYS */;
INSERT INTO `gammes` VALUES (1,'Agbonnon',5000,1,0,'2022-11-09 17:53:04','2022-11-10 09:16:11','physique','text de descriotion de la gamme 1'),(2,'Virtuelle',2000,1,0,'2022-12-29 08:26:42','2022-12-29 08:26:42','virtuelle','text de descriotion de la gamme 2'),(3,'Ewilzo',3000,1,0,'2023-01-03 11:50:45','2023-01-03 11:51:06','physique','text de descriotion de la gamme 3');
/*!40000 ALTER TABLE `gammes` ENABLE KEYS */;
UNLOCK TABLES;

--
-- Table structure for table `gtp_requests`
--

DROP TABLE IF EXISTS `gtp_requests`;
/*!40101 SET @saved_cs_client     = @@character_set_client */;
/*!50503 SET character_set_client = utf8mb4 */;
CREATE TABLE `gtp_requests` (
  `id` int NOT NULL AUTO_INCREMENT,
  `created_at` datetime DEFAULT NULL,
  `updated_at` datetime DEFAULT NULL,
  PRIMARY KEY (`id`)
) ENGINE=InnoDB AUTO_INCREMENT=12092 DEFAULT CHARSET=latin1;
/*!40101 SET character_set_client = @saved_cs_client */;

--
-- Dumping data for table `gtp_requests`
--

LOCK TABLES `gtp_requests` WRITE;
/*!40000 ALTER TABLE `gtp_requests` DISABLE KEYS */;
INSERT INTO `gtp_requests` VALUES (6792,'2023-01-20 16:33:58','2023-01-20 16:33:59'),(6793,'2023-01-20 16:56:12','2023-01-20 16:56:12'),(6794,'2023-01-20 16:56:17','2023-01-20 16:56:17'),(6795,'2023-01-20 16:56:17','2023-01-20 16:56:17'),(6796,'2023-01-20 16:56:17','2023-01-20 16:56:17'),(6797,'2023-01-20 16:56:18','2023-01-20 16:56:18'),(6798,'2023-01-20 16:56:18','2023-01-20 16:56:18'),(6799,'2023-01-20 16:56:18','2023-01-20 16:56:18'),(6800,'2023-01-20 16:56:56','2023-01-20 16:56:56'),(6801,'2023-01-20 16:56:57','2023-01-20 16:56:57'),(6802,'2023-01-20 16:57:01','2023-01-20 16:57:01'),(6803,'2023-01-20 16:57:02','2023-01-20 16:57:02'),(6804,'2023-01-20 19:34:28','2023-01-20 19:34:28'),(6805,'2023-01-21 12:27:29','2023-01-21 12:27:29'),(6806,'2023-01-21 12:30:29','2023-01-21 12:30:29'),(6807,'2023-01-21 12:31:34','2023-01-21 12:31:34'),(6808,'2023-01-21 12:31:56','2023-01-21 12:31:56'),(6809,'2023-01-23 10:48:15','2023-01-23 10:48:15'),(6810,'2023-01-23 10:49:37','2023-01-23 10:49:37'),(6811,'2023-01-23 10:52:41','2023-01-23 10:52:41'),(6812,'2023-01-23 11:03:12','2023-01-23 11:03:12'),(6813,'2023-01-23 11:14:06','2023-01-23 11:14:06'),(6814,'2023-01-23 11:17:26','2023-01-23 11:17:26'),(6815,'2023-01-23 11:18:45','2023-01-23 11:18:45'),(6816,'2023-01-23 11:18:57','2023-01-23 11:18:57'),(6817,'2023-01-23 11:29:49','2023-01-23 11:29:49'),(6818,'2023-01-23 11:30:13','2023-01-23 11:30:13'),(6819,'2023-01-23 11:52:50','2023-01-23 11:52:50'),(6820,'2023-01-23 11:52:51','2023-01-23 11:52:51'),(6821,'2023-01-23 11:52:52','2023-01-23 11:52:52'),(6822,'2023-01-23 12:04:11','2023-01-23 12:04:11'),(6823,'2023-01-23 12:04:12','2023-01-23 12:04:12'),(6824,'2023-01-23 12:04:12','2023-01-23 12:04:12'),(6825,'2023-01-23 15:02:40','2023-01-23 15:02:40'),(6826,'2023-01-23 15:02:40','2023-01-23 15:02:40'),(6827,'2023-01-23 15:02:41','2023-01-23 15:02:41'),(6828,'2023-01-23 15:11:46','2023-01-23 15:11:46'),(6829,'2023-01-23 15:11:47','2023-01-23 15:11:47'),(6830,'2023-01-23 15:11:47','2023-01-23 15:11:47'),(6831,'2023-01-23 15:12:16','2023-01-23 15:12:16'),(6832,'2023-01-23 15:12:17','2023-01-23 15:12:17'),(6833,'2023-01-23 15:12:17','2023-01-23 15:12:17'),(6834,'2023-01-23 15:14:41','2023-01-23 15:14:41'),(6835,'2023-01-23 15:14:41','2023-01-23 15:14:41'),(6836,'2023-01-23 15:14:42','2023-01-23 15:14:42'),(6837,'2023-01-23 15:49:46','2023-01-23 15:49:46'),(6838,'2023-01-23 15:49:47','2023-01-23 15:49:47'),(6839,'2023-01-23 15:49:47','2023-01-23 15:49:47'),(6840,'2023-01-23 15:50:39','2023-01-23 15:50:39'),(6841,'2023-01-23 15:50:40','2023-01-23 15:50:40'),(6842,'2023-01-23 15:50:40','2023-01-23 15:50:40'),(6843,'2023-01-23 15:52:53','2023-01-23 15:52:53'),(6844,'2023-01-23 15:52:54','2023-01-23 15:52:54'),(6845,'2023-01-23 15:52:55','2023-01-23 15:52:55'),(6846,'2023-01-23 16:16:40','2023-01-23 16:16:40'),(6847,'2023-01-23 16:16:40','2023-01-23 16:16:40'),(6848,'2023-01-23 16:16:41','2023-01-23 16:16:41'),(6849,'2023-01-23 16:18:10','2023-01-23 16:18:10'),(6850,'2023-01-23 16:18:10','2023-01-23 16:18:10'),(6851,'2023-01-23 16:18:11','2023-01-23 16:18:11'),(6852,'2023-01-23 16:18:27','2023-01-23 16:18:27'),(6853,'2023-01-23 16:18:28','2023-01-23 16:18:28'),(6854,'2023-01-23 16:18:29','2023-01-23 16:18:29'),(6855,'2023-01-23 16:18:37','2023-01-23 16:18:37'),(6856,'2023-01-23 16:18:38','2023-01-23 16:18:38'),(6857,'2023-01-23 16:18:39','2023-01-23 16:18:39'),(6858,'2023-01-23 16:43:38','2023-01-23 16:43:38'),(6859,'2023-01-23 16:43:39','2023-01-23 16:43:39'),(6860,'2023-01-23 16:43:40','2023-01-23 16:43:40'),(6861,'2023-01-23 16:43:45','2023-01-23 16:43:45'),(6862,'2023-01-23 16:43:45','2023-01-23 16:43:45'),(6863,'2023-01-23 16:43:46','2023-01-23 16:43:46'),(6864,'2023-01-23 16:46:45','2023-01-23 16:46:45'),(6865,'2023-01-23 16:46:46','2023-01-23 16:46:46'),(6866,'2023-01-23 16:46:47','2023-01-23 16:46:47'),(6867,'2023-01-23 16:52:00','2023-01-23 16:52:00'),(6868,'2023-01-23 16:52:01','2023-01-23 16:52:01'),(6869,'2023-01-23 16:52:01','2023-01-23 16:52:01'),(6870,'2023-01-23 16:52:49','2023-01-23 16:52:49'),(6871,'2023-01-23 16:52:50','2023-01-23 16:52:50'),(6872,'2023-01-23 16:52:50','2023-01-23 16:52:50'),(6873,'2023-01-23 17:05:23','2023-01-23 17:05:23'),(6874,'2023-01-23 17:05:24','2023-01-23 17:05:24'),(6875,'2023-01-23 17:05:24','2023-01-23 17:05:24'),(6876,'2023-01-23 17:06:40','2023-01-23 17:06:40'),(6877,'2023-01-23 17:06:40','2023-01-23 17:06:40'),(6878,'2023-01-23 17:06:41','2023-01-23 17:06:41'),(6879,'2023-01-23 17:07:16','2023-01-23 17:07:16'),(6880,'2023-01-23 17:07:16','2023-01-23 17:07:16'),(6881,'2023-01-23 17:07:17','2023-01-23 17:07:17'),(6882,'2023-01-23 17:10:07','2023-01-23 17:10:07'),(6883,'2023-01-23 17:10:08','2023-01-23 17:10:08'),(6884,'2023-01-23 17:10:08','2023-01-23 17:10:08'),(6885,'2023-01-23 17:38:21','2023-01-23 17:38:21'),(6886,'2023-01-23 17:38:32','2023-01-23 17:38:32'),(6887,'2023-01-23 17:38:33','2023-01-23 17:38:33'),(6888,'2023-01-23 17:38:33','2023-01-23 17:38:33'),(6889,'2023-01-23 18:01:05','2023-01-23 18:01:05'),(6890,'2023-01-23 18:01:06','2023-01-23 18:01:06'),(6891,'2023-01-23 18:01:06','2023-01-23 18:01:06'),(6892,'2023-01-23 18:50:59','2023-01-23 18:50:59'),(6893,'2023-01-23 18:50:59','2023-01-23 18:50:59'),(6894,'2023-01-23 18:51:00','2023-01-23 18:51:00'),(6895,'2023-01-23 18:51:08','2023-01-23 18:51:08'),(6896,'2023-01-23 18:51:09','2023-01-23 18:51:09'),(6897,'2023-01-23 18:55:15','2023-01-23 18:55:15'),(6898,'2023-01-23 18:55:16','2023-01-23 18:55:16'),(6899,'2023-01-23 19:36:21','2023-01-23 19:36:21'),(6900,'2023-01-23 19:36:21','2023-01-23 19:36:21'),(6901,'2023-01-23 19:36:22','2023-01-23 19:36:22'),(6902,'2023-01-23 20:22:43','2023-01-23 20:22:43'),(6903,'2023-01-23 20:25:59','2023-01-23 20:25:59'),(6904,'2023-01-23 20:25:59','2023-01-23 20:25:59'),(6905,'2023-01-23 20:27:00','2023-01-23 20:27:00'),(6906,'2023-01-23 20:27:01','2023-01-23 20:27:01'),(6907,'2023-01-23 20:27:25','2023-01-23 20:27:25'),(6908,'2023-01-23 20:27:26','2023-01-23 20:27:26'),(6909,'2023-01-23 20:27:27','2023-01-23 20:27:27'),(6910,'2023-01-23 20:28:18','2023-01-23 20:28:18'),(6911,'2023-01-23 20:28:18','2023-01-23 20:28:18'),(6912,'2023-01-23 20:28:19','2023-01-23 20:28:19'),(6913,'2023-01-23 22:18:01','2023-01-23 22:18:01'),(6914,'2023-01-23 22:18:02','2023-01-23 22:18:02'),(6915,'2023-01-23 22:18:02','2023-01-23 22:18:02'),(6916,'2023-01-23 23:02:06','2023-01-23 23:02:06'),(6917,'2023-01-23 23:02:06','2023-01-23 23:02:06'),(6918,'2023-01-23 23:02:07','2023-01-23 23:02:07'),(6919,'2023-01-23 23:34:12','2023-01-23 23:34:12'),(6920,'2023-01-23 23:34:13','2023-01-23 23:34:13'),(6921,'2023-01-24 00:03:18','2023-01-24 00:03:18'),(6922,'2023-01-24 00:03:18','2023-01-24 00:03:18'),(6923,'2023-01-24 00:11:11','2023-01-24 00:11:11'),(6924,'2023-01-24 00:11:12','2023-01-24 00:11:12'),(6925,'2023-01-24 00:11:12','2023-01-24 00:11:12'),(6926,'2023-01-24 00:23:14','2023-01-24 00:23:14'),(6927,'2023-01-24 00:26:06','2023-01-24 00:26:06'),(6928,'2023-01-24 00:29:00','2023-01-24 00:29:00'),(6929,'2023-01-24 00:31:57','2023-01-24 00:31:57'),(6930,'2023-01-24 00:35:07','2023-01-24 00:35:07'),(6931,'2023-01-24 00:36:25','2023-01-24 00:36:25'),(6932,'2023-01-24 00:39:29','2023-01-24 00:39:29'),(6933,'2023-01-24 00:42:12','2023-01-24 00:42:12'),(6934,'2023-01-24 00:44:36','2023-01-24 00:44:36'),(6935,'2023-01-24 01:00:46','2023-01-24 01:00:46'),(6936,'2023-01-24 01:00:47','2023-01-24 01:00:47'),(6937,'2023-01-24 01:00:48','2023-01-24 01:00:48'),(6938,'2023-01-24 01:05:10','2023-01-24 01:05:10'),(6939,'2023-01-24 01:05:11','2023-01-24 01:05:11'),(6940,'2023-01-24 01:05:25','2023-01-24 01:05:25'),(6941,'2023-01-24 01:05:25','2023-01-24 01:05:25'),(6942,'2023-01-24 01:05:26','2023-01-24 01:05:26'),(6943,'2023-01-24 01:06:54','2023-01-24 01:06:54'),(6944,'2023-01-24 01:06:54','2023-01-24 01:06:54'),(6945,'2023-01-24 10:50:11','2023-01-24 10:50:11'),(6946,'2023-01-24 10:50:11','2023-01-24 10:50:11'),(6947,'2023-01-24 10:50:12','2023-01-24 10:50:12'),(6948,'2023-01-24 12:05:25','2023-01-24 12:05:25'),(6949,'2023-01-24 12:05:26','2023-01-24 12:05:26'),(6950,'2023-01-24 12:05:27','2023-01-24 12:05:27'),(6951,'2023-01-24 12:06:44','2023-01-24 12:06:44'),(6952,'2023-01-24 12:06:45','2023-01-24 12:06:45'),(6953,'2023-01-24 12:06:45','2023-01-24 12:06:45'),(6954,'2023-01-24 12:07:06','2023-01-24 12:07:06'),(6955,'2023-01-24 12:07:06','2023-01-24 12:07:06'),(6956,'2023-01-24 12:07:07','2023-01-24 12:07:07'),(6957,'2023-01-24 12:07:13','2023-01-24 12:07:13'),(6958,'2023-01-24 12:07:14','2023-01-24 12:07:14'),(6959,'2023-01-24 12:07:15','2023-01-24 12:07:15'),(6960,'2023-01-24 12:07:20','2023-01-24 12:07:20'),(6961,'2023-01-24 12:07:20','2023-01-24 12:07:20'),(6962,'2023-01-24 12:08:41','2023-01-24 12:08:41'),(6963,'2023-01-24 12:08:42','2023-01-24 12:08:42'),(6964,'2023-01-24 12:08:42','2023-01-24 12:08:42'),(6965,'2023-01-24 12:09:47','2023-01-24 12:09:47'),(6966,'2023-01-24 12:09:48','2023-01-24 12:09:48'),(6967,'2023-01-24 12:09:48','2023-01-24 12:09:48'),(6968,'2023-01-24 12:10:22','2023-01-24 12:10:22'),(6969,'2023-01-24 12:10:23','2023-01-24 12:10:23'),(6970,'2023-01-24 12:10:23','2023-01-24 12:10:23'),(6971,'2023-01-24 12:11:28','2023-01-24 12:11:28'),(6972,'2023-01-24 12:11:28','2023-01-24 12:11:28'),(6973,'2023-01-24 12:11:29','2023-01-24 12:11:29'),(6974,'2023-01-24 12:52:52','2023-01-24 12:52:52'),(6975,'2023-01-24 12:52:53','2023-01-24 12:52:53'),(6976,'2023-01-24 12:52:54','2023-01-24 12:52:54'),(6977,'2023-01-24 12:59:44','2023-01-24 12:59:44'),(6978,'2023-01-24 12:59:45','2023-01-24 12:59:45'),(6979,'2023-01-24 12:59:48','2023-01-24 12:59:48'),(6980,'2023-01-24 12:59:49','2023-01-24 12:59:49'),(6981,'2023-01-24 12:59:50','2023-01-24 12:59:50'),(6982,'2023-01-24 15:29:57','2023-01-24 15:29:57'),(6983,'2023-01-24 15:29:57','2023-01-24 15:29:57'),(6984,'2023-01-24 16:31:37','2023-01-24 16:31:37'),(6985,'2023-01-24 16:35:38','2023-01-24 16:35:38'),(6986,'2023-01-24 16:35:39','2023-01-24 16:35:39'),(6987,'2023-01-24 16:37:39','2023-01-24 16:37:39'),(6988,'2023-01-24 16:37:40','2023-01-24 16:37:40'),(6989,'2023-01-24 16:37:45','2023-01-24 16:37:45'),(6990,'2023-01-24 16:37:45','2023-01-24 16:37:45'),(6991,'2023-01-24 16:40:46','2023-01-24 16:40:46'),(6992,'2023-01-24 16:40:47','2023-01-24 16:40:47'),(6993,'2023-01-24 16:42:23','2023-01-24 16:42:23'),(6994,'2023-01-24 16:42:23','2023-01-24 16:42:23'),(6995,'2023-01-24 16:42:24','2023-01-24 16:42:24'),(6996,'2023-01-24 16:42:38','2023-01-24 16:42:38'),(6997,'2023-01-24 16:42:38','2023-01-24 16:42:38'),(6998,'2023-01-24 16:42:52','2023-01-24 16:42:52'),(6999,'2023-01-24 16:42:53','2023-01-24 16:42:53'),(7000,'2023-01-24 16:42:53','2023-01-24 16:42:53'),(7001,'2023-01-24 16:45:04','2023-01-24 16:45:04'),(7002,'2023-01-24 16:45:05','2023-01-24 16:45:05'),(7003,'2023-01-24 17:32:10','2023-01-24 17:32:10'),(7004,'2023-01-24 17:32:11','2023-01-24 17:32:11'),(7005,'2023-01-24 17:36:02','2023-01-24 17:36:02'),(7006,'2023-01-24 17:36:03','2023-01-24 17:36:03'),(7007,'2023-01-24 17:36:04','2023-01-24 17:36:04'),(7008,'2023-01-24 17:37:48','2023-01-24 17:37:48'),(7009,'2023-01-24 17:37:49','2023-01-24 17:37:49'),(7010,'2023-01-24 17:37:49','2023-01-24 17:37:49'),(7011,'2023-01-24 17:37:56','2023-01-24 17:37:56'),(7012,'2023-01-24 17:37:57','2023-01-24 17:37:57'),(7013,'2023-01-24 17:38:07','2023-01-24 17:38:07'),(7014,'2023-01-24 17:38:08','2023-01-24 17:38:08'),(7015,'2023-01-24 17:38:22','2023-01-24 17:38:22'),(7016,'2023-01-24 17:38:23','2023-01-24 17:38:23'),(7017,'2023-01-24 17:38:23','2023-01-24 17:38:23'),(7018,'2023-01-24 17:50:53','2023-01-24 17:50:53'),(7019,'2023-01-24 17:50:54','2023-01-24 17:50:54'),(7020,'2023-01-24 17:55:14','2023-01-24 17:55:14'),(7021,'2023-01-24 17:55:14','2023-01-24 17:55:14'),(7022,'2023-01-24 17:55:15','2023-01-24 17:55:15'),(7023,'2023-01-24 17:55:54','2023-01-24 17:55:54'),(7024,'2023-01-24 17:55:54','2023-01-24 17:55:54'),(7025,'2023-01-24 17:56:16','2023-01-24 17:56:16'),(7026,'2023-01-24 17:56:17','2023-01-24 17:56:17'),(7027,'2023-01-24 17:56:48','2023-01-24 17:56:48'),(7028,'2023-01-24 17:56:49','2023-01-24 17:56:49'),(7029,'2023-01-24 17:56:49','2023-01-24 17:56:49'),(7030,'2023-01-24 17:57:24','2023-01-24 17:57:24'),(7031,'2023-01-24 17:57:24','2023-01-24 17:57:24'),(7032,'2023-01-24 17:57:25','2023-01-24 17:57:25'),(7033,'2023-01-24 17:57:35','2023-01-24 17:57:35'),(7034,'2023-01-24 17:57:35','2023-01-24 17:57:35'),(7035,'2023-01-24 18:09:43','2023-01-24 18:09:43'),(7036,'2023-01-24 18:09:44','2023-01-24 18:09:44'),(7037,'2023-01-24 18:09:44','2023-01-24 18:09:44'),(7038,'2023-01-24 18:14:57','2023-01-24 18:14:57'),(7039,'2023-01-24 18:14:57','2023-01-24 18:14:57'),(7040,'2023-01-24 18:14:58','2023-01-24 18:14:58'),(7041,'2023-01-24 18:14:59','2023-01-24 18:14:59'),(7042,'2023-01-24 18:15:00','2023-01-24 18:15:00'),(7043,'2023-01-24 18:16:46','2023-01-24 18:16:46'),(7044,'2023-01-24 18:16:47','2023-01-24 18:16:47'),(7045,'2023-01-24 18:16:48','2023-01-24 18:16:48'),(7046,'2023-01-24 18:16:49','2023-01-24 18:16:49'),(7047,'2023-01-24 18:16:49','2023-01-24 18:16:49'),(7048,'2023-01-24 18:24:15','2023-01-24 18:24:15'),(7049,'2023-01-24 18:24:15','2023-01-24 18:24:15'),(7050,'2023-01-24 18:24:16','2023-01-24 18:24:16'),(7051,'2023-01-24 18:24:23','2023-01-24 18:24:23'),(7052,'2023-01-24 18:24:24','2023-01-24 18:24:24'),(7053,'2023-01-24 18:24:24','2023-01-24 18:24:24'),(7054,'2023-01-24 18:24:28','2023-01-24 18:24:28'),(7055,'2023-01-24 18:24:28','2023-01-24 18:24:28'),(7056,'2023-01-24 18:25:36','2023-01-24 18:25:36'),(7057,'2023-01-24 18:25:37','2023-01-24 18:25:37'),(7058,'2023-01-24 18:25:38','2023-01-24 18:25:38'),(7059,'2023-01-24 18:26:03','2023-01-24 18:26:03'),(7060,'2023-01-24 18:26:03','2023-01-24 18:26:03'),(7061,'2023-01-24 18:26:04','2023-01-24 18:26:04'),(7062,'2023-01-24 18:26:22','2023-01-24 18:26:22'),(7063,'2023-01-24 18:26:23','2023-01-24 18:26:23'),(7064,'2023-01-24 18:27:26','2023-01-24 18:27:26'),(7065,'2023-01-24 18:27:27','2023-01-24 18:27:27'),(7066,'2023-01-24 18:27:27','2023-01-24 18:27:27'),(7067,'2023-01-24 18:28:50','2023-01-24 18:28:50'),(7068,'2023-01-24 18:28:51','2023-01-24 18:28:51'),(7069,'2023-01-24 18:31:00','2023-01-24 18:31:00'),(7070,'2023-01-24 18:31:01','2023-01-24 18:31:01'),(7071,'2023-01-24 18:32:10','2023-01-24 18:32:10'),(7072,'2023-01-24 18:32:11','2023-01-24 18:32:11'),(7073,'2023-01-24 18:32:12','2023-01-24 18:32:12'),(7074,'2023-01-24 18:33:18','2023-01-24 18:33:18'),(7075,'2023-01-24 18:33:19','2023-01-24 18:33:19'),(7076,'2023-01-24 18:33:19','2023-01-24 18:33:19'),(7077,'2023-01-24 18:33:25','2023-01-24 18:33:25'),(7078,'2023-01-24 18:33:26','2023-01-24 18:33:26'),(7079,'2023-01-24 18:33:27','2023-01-24 18:33:27'),(7080,'2023-01-24 18:45:01','2023-01-24 18:45:01'),(7081,'2023-01-24 19:35:39','2023-01-24 19:35:39'),(7082,'2023-01-24 19:35:39','2023-01-24 19:35:39'),(7083,'2023-01-24 19:35:40','2023-01-24 19:35:40'),(7084,'2023-01-24 19:36:09','2023-01-24 19:36:09'),(7085,'2023-01-24 19:36:10','2023-01-24 19:36:10'),(7086,'2023-01-24 19:40:50','2023-01-24 19:40:50'),(7087,'2023-01-24 19:40:50','2023-01-24 19:40:50'),(7088,'2023-01-24 19:40:51','2023-01-24 19:40:51'),(7089,'2023-01-24 19:40:59','2023-01-24 19:40:59'),(7090,'2023-01-24 19:41:00','2023-01-24 19:41:00'),(7091,'2023-01-24 19:41:01','2023-01-24 19:41:01'),(7092,'2023-01-24 19:41:54','2023-01-24 19:41:54'),(7093,'2023-01-24 19:41:55','2023-01-24 19:41:55'),(7094,'2023-01-24 19:41:56','2023-01-24 19:41:56'),(7095,'2023-01-24 19:51:56','2023-01-24 19:51:56'),(7096,'2023-01-24 19:51:56','2023-01-24 19:51:56'),(7097,'2023-01-24 19:51:57','2023-01-24 19:51:57'),(7098,'2023-01-24 19:53:52','2023-01-24 19:53:52'),(7099,'2023-01-24 19:53:53','2023-01-24 19:53:53'),(7100,'2023-01-24 19:53:54','2023-01-24 19:53:54'),(7101,'2023-01-24 19:55:02','2023-01-24 19:55:02'),(7102,'2023-01-24 19:55:03','2023-01-24 19:55:03'),(7103,'2023-01-24 19:55:03','2023-01-24 19:55:03'),(7104,'2023-01-24 19:57:00','2023-01-24 19:57:00'),(7105,'2023-01-24 19:57:01','2023-01-24 19:57:01'),(7106,'2023-01-24 19:57:01','2023-01-24 19:57:01'),(7107,'2023-01-24 19:57:26','2023-01-24 19:57:26'),(7108,'2023-01-24 19:57:26','2023-01-24 19:57:26'),(7109,'2023-01-24 19:59:12','2023-01-24 19:59:12'),(7110,'2023-01-24 19:59:12','2023-01-24 19:59:12'),(7111,'2023-01-24 19:59:13','2023-01-24 19:59:13'),(7112,'2023-01-24 19:59:41','2023-01-24 19:59:41'),(7113,'2023-01-24 19:59:42','2023-01-24 19:59:42'),(7114,'2023-01-24 19:59:42','2023-01-24 19:59:42'),(7115,'2023-01-24 19:59:47','2023-01-24 19:59:47'),(7116,'2023-01-24 19:59:47','2023-01-24 19:59:47'),(7117,'2023-01-24 19:59:48','2023-01-24 19:59:48'),(7118,'2023-01-24 20:00:47','2023-01-24 20:00:47'),(7119,'2023-01-24 20:00:48','2023-01-24 20:00:48'),(7120,'2023-01-24 20:00:48','2023-01-24 20:00:48'),(7121,'2023-01-24 20:05:10','2023-01-24 20:05:10'),(7122,'2023-01-24 20:05:11','2023-01-24 20:05:11'),(7123,'2023-01-24 20:05:12','2023-01-24 20:05:12'),(7124,'2023-01-24 20:09:52','2023-01-24 20:09:52'),(7125,'2023-01-24 20:09:52','2023-01-24 20:09:52'),(7126,'2023-01-24 20:09:53','2023-01-24 20:09:53'),(7127,'2023-01-24 20:10:20','2023-01-24 20:10:20'),(7128,'2023-01-24 20:10:20','2023-01-24 20:10:20'),(7129,'2023-01-24 20:13:06','2023-01-24 20:13:06'),(7130,'2023-01-24 20:13:07','2023-01-24 20:13:07'),(7131,'2023-01-24 20:13:45','2023-01-24 20:13:45'),(7132,'2023-01-24 20:13:45','2023-01-24 20:13:45'),(7133,'2023-01-24 20:14:04','2023-01-24 20:14:04'),(7134,'2023-01-24 20:14:05','2023-01-24 20:14:05'),(7135,'2023-01-24 20:14:06','2023-01-24 20:14:06'),(7136,'2023-01-24 20:16:06','2023-01-24 20:16:06'),(7137,'2023-01-24 20:16:07','2023-01-24 20:16:07'),(7138,'2023-01-24 20:16:07','2023-01-24 20:16:07'),(7139,'2023-01-24 20:17:39','2023-01-24 20:17:39'),(7140,'2023-01-24 20:17:40','2023-01-24 20:17:40'),(7141,'2023-01-24 20:17:40','2023-01-24 20:17:40'),(7142,'2023-01-24 20:17:43','2023-01-24 20:17:43'),(7143,'2023-01-24 20:17:44','2023-01-24 20:17:44'),(7144,'2023-01-24 20:17:45','2023-01-24 20:17:45'),(7145,'2023-01-24 20:20:25','2023-01-24 20:20:25'),(7146,'2023-01-24 20:20:25','2023-01-24 20:20:25'),(7147,'2023-01-24 20:20:26','2023-01-24 20:20:26'),(7148,'2023-01-24 20:20:27','2023-01-24 20:20:27'),(7149,'2023-01-24 20:20:27','2023-01-24 20:20:27'),(7150,'2023-01-24 20:22:03','2023-01-24 20:22:03'),(7151,'2023-01-24 20:22:04','2023-01-24 20:22:04'),(7152,'2023-01-24 20:22:05','2023-01-24 20:22:05'),(7153,'2023-01-24 20:22:06','2023-01-24 20:22:06'),(7154,'2023-01-24 20:22:06','2023-01-24 20:22:06'),(7155,'2023-01-24 20:22:32','2023-01-24 20:22:32'),(7156,'2023-01-24 20:22:33','2023-01-24 20:22:33'),(7157,'2023-01-24 20:22:33','2023-01-24 20:22:33'),(7158,'2023-01-24 20:23:27','2023-01-24 20:23:27'),(7159,'2023-01-24 20:23:28','2023-01-24 20:23:28'),(7160,'2023-01-24 20:23:28','2023-01-24 20:23:28'),(7161,'2023-01-24 20:24:20','2023-01-24 20:24:20'),(7162,'2023-01-24 20:24:21','2023-01-24 20:24:21'),(7163,'2023-01-24 20:24:21','2023-01-24 20:24:21'),(7164,'2023-01-24 20:45:53','2023-01-24 20:45:53'),(7165,'2023-01-24 20:45:54','2023-01-24 20:45:54'),(7166,'2023-01-24 20:45:55','2023-01-24 20:45:55'),(7167,'2023-01-24 20:46:13','2023-01-24 20:46:13'),(7168,'2023-01-24 20:46:13','2023-01-24 20:46:13'),(7169,'2023-01-24 21:02:37','2023-01-24 21:02:37'),(7170,'2023-01-24 21:02:37','2023-01-24 21:02:37'),(7171,'2023-01-24 21:02:38','2023-01-24 21:02:38'),(7172,'2023-01-24 21:02:57','2023-01-24 21:02:57'),(7173,'2023-01-24 21:02:58','2023-01-24 21:02:58'),(7174,'2023-01-24 21:02:58','2023-01-24 21:02:58'),(7175,'2023-01-24 21:03:05','2023-01-24 21:03:05'),(7176,'2023-01-24 21:03:06','2023-01-24 21:03:06'),(7177,'2023-01-24 21:03:32','2023-01-24 21:03:32'),(7178,'2023-01-24 21:03:33','2023-01-24 21:03:33'),(7179,'2023-01-24 21:03:36','2023-01-24 21:03:36'),(7180,'2023-01-24 21:03:37','2023-01-24 21:03:37'),(7181,'2023-01-24 21:03:38','2023-01-24 21:03:38'),(7182,'2023-01-24 21:03:40','2023-01-24 21:03:40'),(7183,'2023-01-24 21:03:41','2023-01-24 21:03:41'),(7184,'2023-01-24 21:03:42','2023-01-24 21:03:42'),(7185,'2023-01-24 21:03:48','2023-01-24 21:03:48'),(7186,'2023-01-24 21:03:48','2023-01-24 21:03:48'),(7187,'2023-01-24 21:03:49','2023-01-24 21:03:49'),(7188,'2023-01-24 21:14:46','2023-01-24 21:14:46'),(7189,'2023-01-24 21:14:46','2023-01-24 21:14:46'),(7190,'2023-01-24 21:14:47','2023-01-24 21:14:47'),(7191,'2023-01-24 21:15:21','2023-01-24 21:15:21'),(7192,'2023-01-24 21:15:22','2023-01-24 21:15:22'),(7193,'2023-01-25 07:09:37','2023-01-25 07:09:37'),(7194,'2023-01-25 07:09:38','2023-01-25 07:09:38'),(7195,'2023-01-25 07:09:49','2023-01-25 07:09:49'),(7196,'2023-01-25 07:09:54','2023-01-25 07:09:54'),(7197,'2023-01-25 07:43:46','2023-01-25 07:43:46'),(7198,'2023-01-25 07:43:46','2023-01-25 07:43:46'),(7199,'2023-01-25 07:43:47','2023-01-25 07:43:47'),(7200,'2023-01-25 07:44:01','2023-01-25 07:44:01'),(7201,'2023-01-25 07:44:02','2023-01-25 07:44:02'),(7202,'2023-01-25 07:45:41','2023-01-25 07:45:41'),(7203,'2023-01-25 07:45:42','2023-01-25 07:45:42'),(7204,'2023-01-25 07:45:42','2023-01-25 07:45:42'),(7205,'2023-01-25 07:46:09','2023-01-25 07:46:09'),(7206,'2023-01-25 07:46:10','2023-01-25 07:46:10'),(7207,'2023-01-25 09:56:54','2023-01-25 09:56:54'),(7208,'2023-01-25 09:56:55','2023-01-25 09:56:55'),(7209,'2023-01-25 09:56:56','2023-01-25 09:56:56'),(7210,'2023-01-25 12:57:18','2023-01-25 12:57:18'),(7211,'2023-01-25 12:57:19','2023-01-25 12:57:19'),(7212,'2023-01-25 13:00:07','2023-01-25 13:00:07'),(7213,'2023-01-25 13:00:07','2023-01-25 13:00:07'),(7214,'2023-01-25 13:00:08','2023-01-25 13:00:08'),(7215,'2023-01-25 13:01:18','2023-01-25 13:01:18'),(7216,'2023-01-25 13:01:19','2023-01-25 13:01:19'),(7217,'2023-01-25 15:04:40','2023-01-25 15:04:40'),(7218,'2023-01-25 15:04:41','2023-01-25 15:04:41'),(7219,'2023-01-25 15:04:41','2023-01-25 15:04:41'),(7220,'2023-01-25 16:09:38','2023-01-25 16:09:38'),(7221,'2023-01-25 16:09:38','2023-01-25 16:09:38'),(7222,'2023-01-25 16:09:39','2023-01-25 16:09:39'),(7223,'2023-01-25 16:16:26','2023-01-25 16:16:26'),(7224,'2023-01-25 16:16:27','2023-01-25 16:16:27'),(7225,'2023-01-25 16:16:27','2023-01-25 16:16:27'),(7226,'2023-01-25 16:18:13','2023-01-25 16:18:13'),(7227,'2023-01-25 16:18:13','2023-01-25 16:18:13'),(7228,'2023-01-25 16:18:40','2023-01-25 16:18:40'),(7229,'2023-01-25 16:18:41','2023-01-25 16:18:41'),(7230,'2023-01-25 16:18:42','2023-01-25 16:18:42'),(7231,'2023-01-25 16:18:48','2023-01-25 16:18:48'),(7232,'2023-01-25 16:18:56','2023-01-25 16:18:56'),(7233,'2023-01-25 16:18:57','2023-01-25 16:18:57'),(7234,'2023-01-25 16:18:57','2023-01-25 16:18:57'),(7235,'2023-01-25 16:19:05','2023-01-25 16:19:05'),(7236,'2023-01-25 16:19:06','2023-01-25 16:19:06'),(7237,'2023-01-25 16:19:13','2023-01-25 16:19:13'),(7238,'2023-01-25 16:19:14','2023-01-25 16:19:14'),(7239,'2023-01-25 16:19:14','2023-01-25 16:19:14'),(7240,'2023-01-25 16:19:19','2023-01-25 16:19:19'),(7241,'2023-01-25 16:19:19','2023-01-25 16:19:19'),(7242,'2023-01-25 16:19:37','2023-01-25 16:19:37'),(7243,'2023-01-25 16:19:37','2023-01-25 16:19:37'),(7244,'2023-01-25 16:19:48','2023-01-25 16:19:48'),(7245,'2023-01-25 16:19:49','2023-01-25 16:19:49'),(7246,'2023-01-25 16:19:50','2023-01-25 16:19:50'),(7247,'2023-01-25 16:21:59','2023-01-25 16:21:59'),(7248,'2023-01-25 16:21:59','2023-01-25 16:21:59'),(7249,'2023-01-25 16:22:00','2023-01-25 16:22:00'),(7250,'2023-01-25 16:22:05','2023-01-25 16:22:05'),(7251,'2023-01-25 16:22:09','2023-01-25 16:22:09'),(7252,'2023-01-25 16:22:09','2023-01-25 16:22:09'),(7253,'2023-01-25 16:28:23','2023-01-25 16:28:23'),(7254,'2023-01-25 16:28:24','2023-01-25 16:28:24'),(7255,'2023-01-25 16:28:25','2023-01-25 16:28:25'),(7256,'2023-01-25 16:29:13','2023-01-25 16:29:13'),(7257,'2023-01-25 16:29:13','2023-01-25 16:29:13'),(7258,'2023-01-25 16:29:14','2023-01-25 16:29:14'),(7259,'2023-01-28 13:23:38','2023-01-28 13:23:38'),(7260,'2023-01-28 13:23:39','2023-01-28 13:23:39'),(7261,'2023-01-28 13:23:40','2023-01-28 13:23:40'),(7262,'2023-01-30 08:33:21','2023-01-30 08:33:21'),(7263,'2023-01-30 08:33:21','2023-01-30 08:33:21'),(7264,'2023-01-30 08:33:22','2023-01-30 08:33:22'),(7265,'2023-01-30 10:15:32','2023-01-30 10:15:32'),(7266,'2023-01-30 10:15:33','2023-01-30 10:15:33'),(7267,'2023-01-30 10:15:33','2023-01-30 10:15:33'),(7268,'2023-01-30 11:04:50','2023-01-30 11:04:50'),(7269,'2023-01-30 11:04:50','2023-01-30 11:04:50'),(7270,'2023-01-30 11:04:51','2023-01-30 11:04:51'),(7271,'2023-01-30 11:05:25','2023-01-30 11:05:25'),(7272,'2023-01-30 11:05:26','2023-01-30 11:05:26'),(7273,'2023-01-30 11:05:26','2023-01-30 11:05:26'),(7274,'2023-01-30 11:09:30','2023-01-30 11:09:30'),(7275,'2023-01-30 11:09:30','2023-01-30 11:09:30'),(7276,'2023-01-30 11:09:31','2023-01-30 11:09:31'),(7277,'2023-01-30 11:11:37','2023-01-30 11:11:37'),(7278,'2023-01-30 11:11:38','2023-01-30 11:11:38'),(7279,'2023-01-30 11:11:38','2023-01-30 11:11:38'),(7280,'2023-01-30 11:11:57','2023-01-30 11:11:57'),(7281,'2023-01-30 11:11:58','2023-01-30 11:11:58'),(7282,'2023-01-30 11:11:59','2023-01-30 11:11:59'),(7283,'2023-01-30 11:12:31','2023-01-30 11:12:31'),(7284,'2023-01-30 11:12:31','2023-01-30 11:12:31'),(7285,'2023-01-30 11:12:32','2023-01-30 11:12:32'),(7286,'2023-01-30 11:13:43','2023-01-30 11:13:43'),(7287,'2023-01-30 11:13:44','2023-01-30 11:13:44'),(7288,'2023-01-30 11:13:44','2023-01-30 11:13:44'),(7289,'2023-01-30 11:14:09','2023-01-30 11:14:09'),(7290,'2023-01-30 11:14:10','2023-01-30 11:14:10'),(7291,'2023-01-30 11:14:11','2023-01-30 11:14:11'),(7292,'2023-01-30 11:36:51','2023-01-30 11:36:51'),(7293,'2023-01-30 11:36:52','2023-01-30 11:36:52'),(7294,'2023-01-30 11:36:52','2023-01-30 11:36:52'),(7295,'2023-01-30 11:37:01','2023-01-30 11:37:01'),(7296,'2023-01-30 11:37:01','2023-01-30 11:37:01'),(7297,'2023-01-30 11:56:22','2023-01-30 11:56:22'),(7298,'2023-01-30 11:56:22','2023-01-30 11:56:22'),(7299,'2023-01-30 11:56:23','2023-01-30 11:56:23'),(7300,'2023-01-30 12:00:22','2023-01-30 12:00:22'),(7301,'2023-01-30 12:00:23','2023-01-30 12:00:23'),(7302,'2023-01-30 12:00:24','2023-01-30 12:00:24'),(7303,'2023-01-30 12:01:40','2023-01-30 12:01:40'),(7304,'2023-01-30 12:01:41','2023-01-30 12:01:41'),(7305,'2023-01-30 12:01:42','2023-01-30 12:01:42'),(7306,'2023-01-30 12:03:44','2023-01-30 12:03:44'),(7307,'2023-01-30 12:03:45','2023-01-30 12:03:45'),(7308,'2023-01-30 12:03:45','2023-01-30 12:03:45'),(7309,'2023-01-30 12:08:23','2023-01-30 12:08:23'),(7310,'2023-01-30 12:08:24','2023-01-30 12:08:24'),(7311,'2023-01-30 12:08:24','2023-01-30 12:08:24'),(7312,'2023-01-30 12:08:49','2023-01-30 12:08:49'),(7313,'2023-01-30 12:08:50','2023-01-30 12:08:50'),(7314,'2023-01-30 12:08:50','2023-01-30 12:08:50'),(7315,'2023-01-30 12:09:02','2023-01-30 12:09:02'),(7316,'2023-01-30 12:09:03','2023-01-30 12:09:03'),(7317,'2023-01-30 12:09:03','2023-01-30 12:09:03'),(7318,'2023-01-30 12:09:25','2023-01-30 12:09:25'),(7319,'2023-01-30 12:09:25','2023-01-30 12:09:25'),(7320,'2023-01-30 12:09:34','2023-01-30 12:09:34'),(7321,'2023-01-30 12:09:35','2023-01-30 12:09:35'),(7322,'2023-01-30 12:10:27','2023-01-30 12:10:27'),(7323,'2023-01-30 12:10:28','2023-01-30 12:10:28'),(7324,'2023-01-30 12:10:42','2023-01-30 12:10:42'),(7325,'2023-01-30 12:10:43','2023-01-30 12:10:43'),(7326,'2023-01-30 12:10:43','2023-01-30 12:10:43'),(7327,'2023-01-30 12:10:50','2023-01-30 12:10:50'),(7328,'2023-01-30 12:10:51','2023-01-30 12:10:51'),(7329,'2023-01-30 12:10:52','2023-01-30 12:10:52'),(7330,'2023-01-30 12:13:55','2023-01-30 12:13:55'),(7331,'2023-01-30 12:13:56','2023-01-30 12:13:56'),(7332,'2023-01-30 12:13:57','2023-01-30 12:13:57'),(7333,'2023-01-30 12:14:09','2023-01-30 12:14:09'),(7334,'2023-01-30 12:14:09','2023-01-30 12:14:09'),(7335,'2023-01-30 12:14:10','2023-01-30 12:14:10'),(7336,'2023-01-30 12:14:16','2023-01-30 12:14:16'),(7337,'2023-01-30 12:14:17','2023-01-30 12:14:17'),(7338,'2023-01-30 12:14:50','2023-01-30 12:14:50'),(7339,'2023-01-30 12:14:50','2023-01-30 12:14:50'),(7340,'2023-01-30 15:21:52','2023-01-30 15:21:52'),(7341,'2023-01-30 15:21:53','2023-01-30 15:21:53'),(7342,'2023-01-30 15:21:53','2023-01-30 15:21:53'),(7343,'2023-01-30 15:31:39','2023-01-30 15:31:39'),(7344,'2023-01-30 15:31:39','2023-01-30 15:31:39'),(7345,'2023-01-30 15:31:40','2023-01-30 15:31:40'),(7346,'2023-01-30 15:32:26','2023-01-30 15:32:26'),(7347,'2023-01-30 15:32:26','2023-01-30 15:32:26'),(7348,'2023-01-30 15:32:47','2023-01-30 15:32:47'),(7349,'2023-01-30 15:32:48','2023-01-30 15:32:48'),(7350,'2023-01-30 15:32:49','2023-01-30 15:32:49'),(7351,'2023-01-30 15:57:16','2023-01-30 15:57:16'),(7352,'2023-01-30 15:57:17','2023-01-30 15:57:17'),(7353,'2023-01-30 15:57:17','2023-01-30 15:57:17'),(7354,'2023-01-30 16:00:00','2023-01-30 16:00:00'),(7355,'2023-01-30 16:00:00','2023-01-30 16:00:00'),(7356,'2023-01-30 16:00:01','2023-01-30 16:00:01'),(7357,'2023-01-30 16:06:50','2023-01-30 16:06:50'),(7358,'2023-01-30 16:06:51','2023-01-30 16:06:51'),(7359,'2023-01-30 16:06:52','2023-01-30 16:06:52'),(7360,'2023-01-30 16:09:45','2023-01-30 16:09:45'),(7361,'2023-01-30 16:09:46','2023-01-30 16:09:46'),(7362,'2023-01-30 16:09:46','2023-01-30 16:09:46'),(7363,'2023-01-30 16:26:16','2023-01-30 16:26:16'),(7364,'2023-01-30 16:26:16','2023-01-30 16:26:16'),(7365,'2023-01-30 16:26:17','2023-01-30 16:26:17'),(7366,'2023-01-30 16:27:48','2023-01-30 16:27:48'),(7367,'2023-01-30 16:27:49','2023-01-30 16:27:49'),(7368,'2023-01-30 16:27:49','2023-01-30 16:27:49'),(7369,'2023-01-30 16:29:20','2023-01-30 16:29:20'),(7370,'2023-01-30 16:29:20','2023-01-30 16:29:20'),(7371,'2023-01-30 16:29:21','2023-01-30 16:29:21'),(7372,'2023-01-30 16:44:06','2023-01-30 16:44:06'),(7373,'2023-01-30 16:44:07','2023-01-30 16:44:07'),(7374,'2023-01-30 16:44:07','2023-01-30 16:44:07'),(7375,'2023-01-30 16:44:28','2023-01-30 16:44:28'),(7376,'2023-01-30 16:44:28','2023-01-30 16:44:28'),(7377,'2023-01-30 16:44:54','2023-01-30 16:44:54'),(7378,'2023-01-30 16:44:54','2023-01-30 16:44:54'),(7379,'2023-01-30 16:44:55','2023-01-30 16:44:55'),(7380,'2023-01-30 16:46:46','2023-01-30 16:46:46'),(7381,'2023-01-30 16:46:46','2023-01-30 16:46:46'),(7382,'2023-01-30 16:46:47','2023-01-30 16:46:47'),(7383,'2023-01-30 16:48:20','2023-01-30 16:48:20'),(7384,'2023-01-30 16:48:21','2023-01-30 16:48:21'),(7385,'2023-01-30 16:48:22','2023-01-30 16:48:22'),(7386,'2023-01-30 16:50:06','2023-01-30 16:50:06'),(7387,'2023-01-30 16:50:06','2023-01-30 16:50:06'),(7388,'2023-01-30 16:50:07','2023-01-30 16:50:07'),(7389,'2023-01-30 16:51:51','2023-01-30 16:51:51'),(7390,'2023-01-30 16:51:52','2023-01-30 16:51:52'),(7391,'2023-01-30 16:51:53','2023-01-30 16:51:53'),(7392,'2023-01-30 16:52:54','2023-01-30 16:52:54'),(7393,'2023-01-30 16:52:55','2023-01-30 16:52:55'),(7394,'2023-01-30 16:52:56','2023-01-30 16:52:56'),(7395,'2023-01-30 16:53:32','2023-01-30 16:53:32'),(7396,'2023-01-30 16:53:32','2023-01-30 16:53:32'),(7397,'2023-01-30 16:53:36','2023-01-30 16:53:36'),(7398,'2023-01-30 16:53:37','2023-01-30 16:53:37'),(7399,'2023-01-30 16:53:38','2023-01-30 16:53:38'),(7400,'2023-01-30 16:55:09','2023-01-30 16:55:09'),(7401,'2023-01-30 16:55:10','2023-01-30 16:55:10'),(7402,'2023-01-30 16:55:11','2023-01-30 16:55:11'),(7403,'2023-01-30 16:56:26','2023-01-30 16:56:26'),(7404,'2023-01-30 16:56:27','2023-01-30 16:56:27'),(7405,'2023-01-30 16:56:27','2023-01-30 16:56:27'),(7406,'2023-01-30 16:56:51','2023-01-30 16:56:51'),(7407,'2023-01-30 16:56:51','2023-01-30 16:56:51'),(7408,'2023-01-30 16:56:58','2023-01-30 16:56:58'),(7409,'2023-01-30 16:56:59','2023-01-30 16:56:59'),(7410,'2023-01-30 16:56:59','2023-01-30 16:56:59'),(7411,'2023-01-30 16:57:03','2023-01-30 16:57:03'),(7412,'2023-01-30 16:57:04','2023-01-30 16:57:04'),(7413,'2023-01-30 16:58:03','2023-01-30 16:58:03'),(7414,'2023-01-30 16:58:03','2023-01-30 16:58:03'),(7415,'2023-01-30 16:58:47','2023-01-30 16:58:47'),(7416,'2023-01-30 16:58:48','2023-01-30 16:58:48'),(7417,'2023-01-30 16:58:51','2023-01-30 16:58:51'),(7418,'2023-01-30 16:58:57','2023-01-30 16:58:57'),(7419,'2023-01-30 16:59:52','2023-01-30 16:59:52'),(7420,'2023-01-30 16:59:53','2023-01-30 16:59:53'),(7421,'2023-01-30 17:10:42','2023-01-30 17:10:42'),(7422,'2023-01-30 17:10:42','2023-01-30 17:10:42'),(7423,'2023-01-30 17:10:43','2023-01-30 17:10:43'),(7424,'2023-01-30 17:11:11','2023-01-30 17:11:11'),(7425,'2023-01-30 17:11:12','2023-01-30 17:11:12'),(7426,'2023-01-30 17:11:13','2023-01-30 17:11:13'),(7427,'2023-01-30 17:11:13','2023-01-30 17:11:13'),(7428,'2023-01-30 17:11:14','2023-01-30 17:11:14'),(7429,'2023-01-30 17:14:15','2023-01-30 17:14:15'),(7430,'2023-01-30 17:14:16','2023-01-30 17:14:16'),(7431,'2023-01-30 17:14:16','2023-01-30 17:14:16'),(7432,'2023-01-30 17:14:33','2023-01-30 17:14:33'),(7433,'2023-01-30 17:14:33','2023-01-30 17:14:33'),(7434,'2023-01-30 17:31:31','2023-01-30 17:31:31'),(7435,'2023-01-30 17:31:32','2023-01-30 17:31:32'),(7436,'2023-01-30 17:31:32','2023-01-30 17:31:32'),(7437,'2023-01-30 17:38:29','2023-01-30 17:38:29'),(7438,'2023-01-30 17:38:30','2023-01-30 17:38:30'),(7439,'2023-01-30 17:38:30','2023-01-30 17:38:30'),(7440,'2023-01-30 17:38:31','2023-01-30 17:38:31'),(7441,'2023-01-30 17:38:32','2023-01-30 17:38:32'),(7442,'2023-01-30 17:48:26','2023-01-30 17:48:26'),(7443,'2023-01-30 17:48:26','2023-01-30 17:48:26'),(7444,'2023-01-30 17:48:27','2023-01-30 17:48:27'),(7445,'2023-01-30 17:48:28','2023-01-30 17:48:28'),(7446,'2023-01-30 17:48:28','2023-01-30 17:48:28'),(7447,'2023-01-30 17:50:25','2023-01-30 17:50:25'),(7448,'2023-01-30 17:50:26','2023-01-30 17:50:26'),(7449,'2023-01-30 17:50:26','2023-01-30 17:50:26'),(7450,'2023-01-30 17:50:27','2023-01-30 17:50:27'),(7451,'2023-01-30 17:50:28','2023-01-30 17:50:28'),(7452,'2023-01-30 18:02:44','2023-01-30 18:02:44'),(7453,'2023-01-30 18:02:45','2023-01-30 18:02:45'),(7454,'2023-01-30 18:02:45','2023-01-30 18:02:45'),(7455,'2023-01-30 18:05:41','2023-01-30 18:05:41'),(7456,'2023-01-30 18:05:42','2023-01-30 18:05:42'),(7457,'2023-01-30 18:05:44','2023-01-30 18:05:44'),(7458,'2023-01-30 20:28:25','2023-01-30 20:28:25'),(7459,'2023-01-30 20:28:25','2023-01-30 20:28:25'),(7460,'2023-01-30 20:28:26','2023-01-30 20:28:26'),(7461,'2023-01-30 20:36:37','2023-01-30 20:36:37'),(7462,'2023-01-30 20:36:38','2023-01-30 20:36:38'),(7463,'2023-01-30 20:36:39','2023-01-30 20:36:39'),(7464,'2023-01-30 20:46:10','2023-01-30 20:46:10'),(7465,'2023-01-30 20:46:11','2023-01-30 20:46:11'),(7466,'2023-01-30 20:46:12','2023-01-30 20:46:12'),(7467,'2023-01-30 20:55:35','2023-01-30 20:55:35'),(7468,'2023-01-30 20:55:36','2023-01-30 20:55:36'),(7469,'2023-01-30 20:55:37','2023-01-30 20:55:37'),(7470,'2023-01-30 20:56:39','2023-01-30 20:56:39'),(7471,'2023-01-30 20:56:39','2023-01-30 20:56:39'),(7472,'2023-01-30 20:56:40','2023-01-30 20:56:40'),(7473,'2023-01-30 21:14:37','2023-01-30 21:14:37'),(7474,'2023-01-30 21:14:37','2023-01-30 21:14:37'),(7475,'2023-01-30 21:14:38','2023-01-30 21:14:38'),(7476,'2023-01-30 21:42:44','2023-01-30 21:42:44'),(7477,'2023-01-30 21:42:44','2023-01-30 21:42:44'),(7478,'2023-01-30 21:42:45','2023-01-30 21:42:45'),(7479,'2023-01-30 21:44:52','2023-01-30 21:44:52'),(7480,'2023-01-30 21:44:53','2023-01-30 21:44:53'),(7481,'2023-01-30 21:44:53','2023-01-30 21:44:53'),(7482,'2023-01-30 23:41:29','2023-01-30 23:41:29'),(7483,'2023-01-30 23:41:29','2023-01-30 23:41:29'),(7484,'2023-01-30 23:41:30','2023-01-30 23:41:30'),(7485,'2023-01-30 23:46:57','2023-01-30 23:46:57'),(7486,'2023-01-30 23:46:57','2023-01-30 23:46:57'),(7487,'2023-01-30 23:46:58','2023-01-30 23:46:58'),(7488,'2023-01-30 23:50:20','2023-01-30 23:50:20'),(7489,'2023-01-30 23:50:20','2023-01-30 23:50:20'),(7490,'2023-01-30 23:50:21','2023-01-30 23:50:21'),(7491,'2023-01-30 23:50:28','2023-01-30 23:50:28'),(7492,'2023-01-30 23:50:29','2023-01-30 23:50:29'),(7493,'2023-01-31 00:25:32','2023-01-31 00:25:32'),(7494,'2023-01-31 00:30:27','2023-01-31 00:30:27'),(7495,'2023-01-31 00:35:51','2023-01-31 00:35:51'),(7496,'2023-01-31 00:35:51','2023-01-31 00:35:51'),(7497,'2023-01-31 00:35:52','2023-01-31 00:35:52'),(7498,'2023-01-31 00:42:08','2023-01-31 00:42:08'),(7499,'2023-01-31 00:42:08','2023-01-31 00:42:08'),(7500,'2023-01-31 00:42:57','2023-01-31 00:42:57'),(7501,'2023-01-31 00:42:58','2023-01-31 00:42:58'),(7502,'2023-01-31 00:43:33','2023-01-31 00:43:33'),(7503,'2023-01-31 00:43:33','2023-01-31 00:43:33'),(7504,'2023-01-31 00:43:34','2023-01-31 00:43:34'),(7505,'2023-01-31 00:43:39','2023-01-31 00:43:39'),(7506,'2023-01-31 00:43:40','2023-01-31 00:43:40'),(7507,'2023-01-31 00:43:40','2023-01-31 00:43:40'),(7508,'2023-01-31 00:44:20','2023-01-31 00:44:20'),(7509,'2023-01-31 00:44:21','2023-01-31 00:44:21'),(7510,'2023-01-31 00:44:22','2023-01-31 00:44:22'),(7511,'2023-01-31 00:46:14','2023-01-31 00:46:14'),(7512,'2023-01-31 00:46:14','2023-01-31 00:46:14'),(7513,'2023-01-31 00:46:15','2023-01-31 00:46:15'),(7514,'2023-01-31 00:47:03','2023-01-31 00:47:03'),(7515,'2023-01-31 00:47:04','2023-01-31 00:47:04'),(7516,'2023-01-31 00:47:05','2023-01-31 00:47:05'),(7517,'2023-01-31 00:50:22','2023-01-31 00:50:22'),(7518,'2023-01-31 00:50:22','2023-01-31 00:50:22'),(7519,'2023-01-31 00:50:23','2023-01-31 00:50:23'),(7520,'2023-01-31 00:51:22','2023-01-31 00:51:22'),(7521,'2023-01-31 00:51:22','2023-01-31 00:51:22'),(7522,'2023-01-31 00:51:26','2023-01-31 00:51:26'),(7523,'2023-01-31 00:51:27','2023-01-31 00:51:27'),(7524,'2023-01-31 00:51:27','2023-01-31 00:51:27'),(7525,'2023-01-31 00:53:19','2023-01-31 00:53:19'),(7526,'2023-01-31 00:53:19','2023-01-31 00:53:19'),(7527,'2023-01-31 00:53:20','2023-01-31 00:53:20'),(7528,'2023-01-31 00:54:48','2023-01-31 00:54:48'),(7529,'2023-01-31 00:54:49','2023-01-31 00:54:49'),(7530,'2023-01-31 00:54:50','2023-01-31 00:54:50'),(7531,'2023-01-31 00:54:51','2023-01-31 00:54:51'),(7532,'2023-01-31 00:54:51','2023-01-31 00:54:51'),(7533,'2023-01-31 00:55:38','2023-01-31 00:55:38'),(7534,'2023-01-31 00:55:39','2023-01-31 00:55:39'),(7535,'2023-01-31 00:55:39','2023-01-31 00:55:39'),(7536,'2023-01-31 00:56:01','2023-01-31 00:56:01'),(7537,'2023-01-31 00:56:02','2023-01-31 00:56:02'),(7538,'2023-01-31 00:56:02','2023-01-31 00:56:02'),(7539,'2023-01-31 00:56:51','2023-01-31 00:56:51'),(7540,'2023-01-31 00:56:52','2023-01-31 00:56:52'),(7541,'2023-01-31 01:38:33','2023-01-31 01:38:33'),(7542,'2023-01-31 01:38:34','2023-01-31 01:38:34'),(7543,'2023-01-31 01:38:35','2023-01-31 01:38:35'),(7544,'2023-01-31 01:42:34','2023-01-31 01:42:34'),(7545,'2023-01-31 01:42:34','2023-01-31 01:42:34'),(7546,'2023-01-31 01:42:41','2023-01-31 01:42:41'),(7547,'2023-01-31 01:42:42','2023-01-31 01:42:42'),(7548,'2023-01-31 01:42:43','2023-01-31 01:42:43'),(7549,'2023-01-31 09:25:21','2023-01-31 09:25:21'),(7550,'2023-01-31 09:25:22','2023-01-31 09:25:22'),(7551,'2023-01-31 09:25:23','2023-01-31 09:25:23'),(7552,'2023-01-31 09:36:35','2023-01-31 09:36:35'),(7553,'2023-01-31 09:36:36','2023-01-31 09:36:36'),(7554,'2023-01-31 09:36:36','2023-01-31 09:36:36'),(7555,'2023-01-31 13:57:35','2023-01-31 13:57:35'),(7556,'2023-01-31 13:57:36','2023-01-31 13:57:36'),(7557,'2023-01-31 13:57:36','2023-01-31 13:57:36'),(7558,'2023-01-31 14:13:29','2023-01-31 14:13:29'),(7559,'2023-01-31 14:13:29','2023-01-31 14:13:29'),(7560,'2023-01-31 14:13:30','2023-01-31 14:13:30'),(7561,'2023-01-31 14:29:31','2023-01-31 14:29:31'),(7562,'2023-01-31 14:29:32','2023-01-31 14:29:32'),(7563,'2023-01-31 14:29:32','2023-01-31 14:29:32'),(7564,'2023-01-31 17:46:35','2023-01-31 17:46:35'),(7565,'2023-01-31 17:46:36','2023-01-31 17:46:36'),(7566,'2023-01-31 17:46:36','2023-01-31 17:46:36'),(7567,'2023-01-31 17:46:45','2023-01-31 17:46:45'),(7568,'2023-01-31 17:46:46','2023-01-31 17:46:46'),(7569,'2023-01-31 17:46:46','2023-01-31 17:46:46'),(7570,'2023-01-31 17:46:53','2023-01-31 17:46:53'),(7571,'2023-01-31 17:46:53','2023-01-31 17:46:53'),(7572,'2023-01-31 17:47:05','2023-01-31 17:47:05'),(7573,'2023-01-31 17:47:06','2023-01-31 17:47:06'),(7574,'2023-01-31 17:47:07','2023-01-31 17:47:07'),(7575,'2023-01-31 18:24:08','2023-01-31 18:24:08'),(7576,'2023-01-31 18:24:08','2023-01-31 18:24:08'),(7577,'2023-01-31 18:24:09','2023-01-31 18:24:09'),(7578,'2023-01-31 18:25:10','2023-01-31 18:25:10'),(7579,'2023-01-31 18:25:10','2023-01-31 18:25:10'),(7580,'2023-01-31 18:25:11','2023-01-31 18:25:11'),(7581,'2023-01-31 18:25:30','2023-01-31 18:25:30'),(7582,'2023-01-31 18:25:31','2023-01-31 18:25:31'),(7583,'2023-01-31 18:25:31','2023-01-31 18:25:31'),(7584,'2023-01-31 18:25:54','2023-01-31 18:25:54'),(7585,'2023-01-31 18:25:54','2023-01-31 18:25:54'),(7586,'2023-01-31 18:25:55','2023-01-31 18:25:55'),(7587,'2023-01-31 18:26:57','2023-01-31 18:26:57'),(7588,'2023-01-31 18:26:58','2023-01-31 18:26:58'),(7589,'2023-01-31 18:26:58','2023-01-31 18:26:58'),(7590,'2023-01-31 18:26:59','2023-01-31 18:26:59'),(7591,'2023-01-31 18:27:00','2023-01-31 18:27:00'),(7592,'2023-01-31 18:27:16','2023-01-31 18:27:16'),(7593,'2023-01-31 18:27:16','2023-01-31 18:27:16'),(7594,'2023-01-31 18:27:17','2023-01-31 18:27:17'),(7595,'2023-02-02 13:32:48','2023-02-02 13:32:48'),(7596,'2023-02-02 13:32:49','2023-02-02 13:32:49'),(7597,'2023-02-02 13:32:49','2023-02-02 13:32:49'),(7598,'2023-02-02 13:33:06','2023-02-02 13:33:06'),(7599,'2023-02-02 13:33:07','2023-02-02 13:33:07'),(7600,'2023-02-02 13:33:08','2023-02-02 13:33:08'),(7601,'2023-02-03 14:16:27','2023-02-03 14:16:27'),(7602,'2023-02-03 14:16:41','2023-02-03 14:16:41'),(7603,'2023-02-03 14:20:54','2023-02-03 14:20:54'),(7604,'2023-02-03 14:25:29','2023-02-03 14:25:29'),(7605,'2023-02-03 14:26:26','2023-02-03 14:26:26'),(7606,'2023-02-03 14:30:42','2023-02-03 14:30:42'),(7607,'2023-02-03 14:35:28','2023-02-03 14:35:28'),(7608,'2023-02-03 14:37:12','2023-02-03 14:37:12'),(7609,'2023-02-03 14:39:05','2023-02-03 14:39:05'),(7610,'2023-02-03 15:00:29','2023-02-03 15:00:29'),(7611,'2023-02-03 15:00:29','2023-02-03 15:00:29'),(7612,'2023-02-03 15:01:55','2023-02-03 15:01:55'),(7613,'2023-02-03 15:01:56','2023-02-03 15:01:56'),(7614,'2023-02-03 15:10:48','2023-02-03 15:10:48'),(7615,'2023-02-03 15:10:49','2023-02-03 15:10:49'),(7616,'2023-02-03 15:20:07','2023-02-03 15:20:07'),(7617,'2023-02-03 15:20:07','2023-02-03 15:20:07'),(7618,'2023-02-03 15:20:08','2023-02-03 15:20:08'),(7619,'2023-02-05 10:09:49','2023-02-05 10:09:49'),(7620,'2023-02-05 10:13:19','2023-02-05 10:13:19'),(7621,'2023-02-05 10:49:42','2023-02-05 10:49:42'),(7622,'2023-02-05 10:58:08','2023-02-05 10:58:08'),(7623,'2023-02-05 12:31:54','2023-02-05 12:31:54'),(7624,'2023-02-05 12:39:19','2023-02-05 12:39:19'),(7625,'2023-02-05 12:40:28','2023-02-05 12:40:28'),(7626,'2023-02-05 19:33:45','2023-02-05 19:33:45'),(7627,'2023-02-05 19:34:10','2023-02-05 19:34:10'),(7628,'2023-02-05 19:34:11','2023-02-05 19:34:11'),(7629,'2023-02-05 19:35:16','2023-02-05 19:35:16'),(7630,'2023-02-05 19:35:17','2023-02-05 19:35:17'),(7631,'2023-02-05 19:35:18','2023-02-05 19:35:18'),(7632,'2023-02-05 19:35:22','2023-02-05 19:35:22'),(7633,'2023-02-05 19:35:23','2023-02-05 19:35:23'),(7634,'2023-02-05 19:35:56','2023-02-05 19:35:56'),(7635,'2023-02-05 19:35:56','2023-02-05 19:35:56'),(7636,'2023-02-05 19:35:57','2023-02-05 19:35:57'),(7637,'2023-02-05 19:38:21','2023-02-05 19:38:21'),(7638,'2023-02-05 19:38:21','2023-02-05 19:38:21'),(7639,'2023-02-05 19:38:22','2023-02-05 19:38:22'),(7640,'2023-02-05 19:38:36','2023-02-05 19:38:36'),(7641,'2023-02-05 19:38:37','2023-02-05 19:38:37'),(7642,'2023-02-05 19:38:37','2023-02-05 19:38:37'),(7643,'2023-02-05 19:38:53','2023-02-05 19:38:53'),(7644,'2023-02-05 19:38:54','2023-02-05 19:38:54'),(7645,'2023-02-05 19:38:54','2023-02-05 19:38:54'),(7646,'2023-02-05 19:39:39','2023-02-05 19:39:39'),(7647,'2023-02-05 19:39:40','2023-02-05 19:39:40'),(7648,'2023-02-05 19:40:01','2023-02-05 19:40:01'),(7649,'2023-02-05 19:40:02','2023-02-05 19:40:02'),(7650,'2023-02-05 19:40:03','2023-02-05 19:40:03'),(7651,'2023-02-05 19:42:26','2023-02-05 19:42:26'),(7652,'2023-02-05 20:05:26','2023-02-05 20:05:26'),(7653,'2023-02-05 20:05:27','2023-02-05 20:05:27'),(7654,'2023-02-05 20:05:28','2023-02-05 20:05:28'),(7655,'2023-02-05 20:05:41','2023-02-05 20:05:41'),(7656,'2023-02-05 20:05:42','2023-02-05 20:05:42'),(7657,'2023-02-05 20:05:42','2023-02-05 20:05:42'),(7658,'2023-02-05 20:06:03','2023-02-05 20:06:03'),(7659,'2023-02-05 20:06:40','2023-02-05 20:06:40'),(7660,'2023-02-05 20:06:41','2023-02-05 20:06:41'),(7661,'2023-02-05 20:07:35','2023-02-05 20:07:35'),(7662,'2023-02-05 20:07:36','2023-02-05 20:07:36'),(7663,'2023-02-05 20:07:36','2023-02-05 20:07:36'),(7664,'2023-02-05 20:08:40','2023-02-05 20:08:40'),(7665,'2023-02-05 20:08:40','2023-02-05 20:08:40'),(7666,'2023-02-05 20:08:51','2023-02-05 20:08:51'),(7667,'2023-02-05 20:08:52','2023-02-05 20:08:52'),(7668,'2023-02-05 20:08:53','2023-02-05 20:08:53'),(7669,'2023-02-05 20:11:21','2023-02-05 20:11:21'),(7670,'2023-02-05 20:11:21','2023-02-05 20:11:21'),(7671,'2023-02-05 20:11:22','2023-02-05 20:11:22'),(7672,'2023-02-05 20:11:58','2023-02-05 20:11:58'),(7673,'2023-02-05 20:11:58','2023-02-05 20:11:58'),(7674,'2023-02-05 20:11:59','2023-02-05 20:11:59'),(7675,'2023-02-05 20:12:36','2023-02-05 20:12:36'),(7676,'2023-02-05 20:12:36','2023-02-05 20:12:36'),(7677,'2023-02-06 10:45:39','2023-02-06 10:45:39'),(7678,'2023-02-07 16:27:43','2023-02-07 16:27:43'),(7679,'2023-02-07 16:27:44','2023-02-07 16:27:44'),(7680,'2023-02-07 16:27:45','2023-02-07 16:27:45'),(7681,'2023-02-09 08:52:44','2023-02-09 08:52:44'),(7682,'2023-02-09 08:52:52','2023-02-09 08:52:52'),(7683,'2023-02-09 08:52:57','2023-02-09 08:52:57'),(7684,'2023-02-09 15:57:22','2023-02-09 15:57:22'),(7685,'2023-02-09 15:57:22','2023-02-09 15:57:22'),(7686,'2023-02-09 15:57:23','2023-02-09 15:57:23'),(7687,'2023-02-09 17:24:06','2023-02-09 17:24:06'),(7688,'2023-02-09 17:24:06','2023-02-09 17:24:06'),(7689,'2023-02-09 17:24:07','2023-02-09 17:24:07'),(7690,'2023-02-09 17:24:37','2023-02-09 17:24:37'),(7691,'2023-02-09 17:24:38','2023-02-09 17:24:38'),(7692,'2023-02-09 17:25:06','2023-02-09 17:25:06'),(7693,'2023-02-09 17:25:06','2023-02-09 17:25:06'),(7694,'2023-02-09 17:25:07','2023-02-09 17:25:07'),(7695,'2023-02-12 19:15:07','2023-02-12 19:15:07'),(7696,'2023-02-12 19:15:08','2023-02-12 19:15:08'),(7697,'2023-02-12 19:15:08','2023-02-12 19:15:08'),(7698,'2023-02-12 19:15:46','2023-02-12 19:15:46'),(7699,'2023-02-12 19:15:47','2023-02-12 19:15:47'),(7700,'2023-02-12 19:15:47','2023-02-12 19:15:47'),(7701,'2023-02-12 19:16:18','2023-02-12 19:16:18'),(7702,'2023-02-12 19:16:19','2023-02-12 19:16:19'),(7703,'2023-02-12 19:16:19','2023-02-12 19:16:19'),(7704,'2023-02-12 19:16:28','2023-02-12 19:16:28'),(7705,'2023-02-12 19:16:29','2023-02-12 19:16:29'),(7706,'2023-02-12 19:16:30','2023-02-12 19:16:30'),(7707,'2023-02-12 19:16:41','2023-02-12 19:16:41'),(7708,'2023-02-12 19:16:41','2023-02-12 19:16:41'),(7709,'2023-02-12 19:16:42','2023-02-12 19:16:42'),(7710,'2023-02-12 19:17:04','2023-02-12 19:17:04'),(7711,'2023-02-12 19:17:04','2023-02-12 19:17:04'),(7712,'2023-02-12 19:17:05','2023-02-12 19:17:05'),(7713,'2023-02-12 19:17:42','2023-02-12 19:17:42'),(7714,'2023-02-12 19:17:43','2023-02-12 19:17:43'),(7715,'2023-02-12 19:17:44','2023-02-12 19:17:44'),(7716,'2023-02-12 19:17:55','2023-02-12 19:17:55'),(7717,'2023-02-12 19:17:56','2023-02-12 19:17:56'),(7718,'2023-02-12 19:17:56','2023-02-12 19:17:56'),(7719,'2023-02-12 19:18:05','2023-02-12 19:18:05'),(7720,'2023-02-12 19:18:05','2023-02-12 19:18:05'),(7721,'2023-02-12 19:18:06','2023-02-12 19:18:06'),(7722,'2023-02-12 19:18:35','2023-02-12 19:18:35'),(7723,'2023-02-12 19:18:36','2023-02-12 19:18:36'),(7724,'2023-02-12 19:18:36','2023-02-12 19:18:36'),(7725,'2023-02-12 19:18:59','2023-02-12 19:18:59'),(7726,'2023-02-12 19:18:59','2023-02-12 19:18:59'),(7727,'2023-02-12 19:19:00','2023-02-12 19:19:00'),(7728,'2023-02-12 19:19:19','2023-02-12 19:19:19'),(7729,'2023-02-12 19:19:20','2023-02-12 19:19:20'),(7730,'2023-02-12 19:19:20','2023-02-12 19:19:20'),(7731,'2023-02-12 19:56:37','2023-02-12 19:56:37'),(7732,'2023-02-12 19:56:38','2023-02-12 19:56:38'),(7733,'2023-02-12 19:56:39','2023-02-12 19:56:39'),(7734,'2023-02-12 19:59:54','2023-02-12 19:59:54'),(7735,'2023-02-12 19:59:55','2023-02-12 19:59:55'),(7736,'2023-02-12 20:19:39','2023-02-12 20:19:39'),(7737,'2023-02-12 20:19:40','2023-02-12 20:19:40'),(7738,'2023-02-12 20:19:40','2023-02-12 20:19:40'),(7739,'2023-02-12 20:20:20','2023-02-12 20:20:20'),(7740,'2023-02-12 20:20:21','2023-02-12 20:20:21'),(7741,'2023-02-12 20:21:46','2023-02-12 20:21:46'),(7742,'2023-02-12 20:21:53','2023-02-12 20:21:53'),(7743,'2023-02-12 20:22:31','2023-02-12 20:22:31'),(7744,'2023-02-12 20:22:32','2023-02-12 20:22:32'),(7745,'2023-02-12 20:23:49','2023-02-12 20:23:49'),(7746,'2023-02-12 20:23:50','2023-02-12 20:23:50'),(7747,'2023-02-12 20:48:43','2023-02-12 20:48:43'),(7748,'2023-02-12 20:48:44','2023-02-12 20:48:44'),(7749,'2023-02-12 20:48:45','2023-02-12 20:48:45'),(7750,'2023-02-12 20:49:19','2023-02-12 20:49:19'),(7751,'2023-02-12 20:49:20','2023-02-12 20:49:20'),(7752,'2023-02-12 20:51:48','2023-02-12 20:51:48'),(7753,'2023-02-12 20:51:49','2023-02-12 20:51:49'),(7754,'2023-02-12 20:52:33','2023-02-12 20:52:33'),(7755,'2023-02-12 20:52:33','2023-02-12 20:52:33'),(7756,'2023-02-12 20:52:40','2023-02-12 20:52:40'),(7757,'2023-02-12 20:52:40','2023-02-12 20:52:40'),(7758,'2023-02-12 20:52:41','2023-02-12 20:52:41'),(7759,'2023-02-12 21:09:26','2023-02-12 21:09:26'),(7760,'2023-02-12 21:09:26','2023-02-12 21:09:26'),(7761,'2023-02-12 21:13:29','2023-02-12 21:13:29'),(7762,'2023-02-12 21:13:30','2023-02-12 21:13:30'),(7763,'2023-02-12 21:16:10','2023-02-12 21:16:10'),(7764,'2023-02-12 21:16:11','2023-02-12 21:16:11'),(7765,'2023-02-12 21:16:12','2023-02-12 21:16:12'),(7766,'2023-02-14 14:55:12','2023-02-14 14:55:12'),(7767,'2023-02-14 14:55:13','2023-02-14 14:55:13'),(7768,'2023-02-14 14:55:13','2023-02-14 14:55:13'),(7769,'2023-02-14 19:40:48','2023-02-14 19:40:48'),(7770,'2023-02-14 19:40:49','2023-02-14 19:40:49'),(7771,'2023-02-14 19:40:50','2023-02-14 19:40:50'),(7772,'2023-02-14 19:53:09','2023-02-14 19:53:09'),(7773,'2023-02-14 19:53:09','2023-02-14 19:53:09'),(7774,'2023-02-14 19:53:10','2023-02-14 19:53:10'),(7775,'2023-02-14 20:00:45','2023-02-14 20:00:45'),(7776,'2023-02-14 20:01:43','2023-02-14 20:01:43'),(7777,'2023-02-14 20:03:19','2023-02-14 20:03:19'),(7778,'2023-02-14 20:03:26','2023-02-14 20:03:26'),(7779,'2023-02-14 20:03:58','2023-02-14 20:03:58'),(7780,'2023-02-14 20:04:04','2023-02-14 20:04:04'),(7781,'2023-02-14 20:04:07','2023-02-14 20:04:07'),(7782,'2023-02-14 20:04:22','2023-02-14 20:04:22'),(7783,'2023-02-14 20:04:35','2023-02-14 20:04:35'),(7784,'2023-02-15 12:32:46','2023-02-15 12:32:46'),(7785,'2023-02-15 12:32:47','2023-02-15 12:32:47'),(7786,'2023-02-15 12:32:47','2023-02-15 12:32:47'),(7787,'2023-02-15 13:20:39','2023-02-15 13:20:39'),(7788,'2023-02-15 13:20:39','2023-02-15 13:20:39'),(7789,'2023-02-15 13:20:40','2023-02-15 13:20:40'),(7790,'2023-02-15 13:20:57','2023-02-15 13:20:57'),(7791,'2023-02-15 13:20:57','2023-02-15 13:20:57'),(7792,'2023-02-15 13:20:58','2023-02-15 13:20:58'),(7793,'2023-02-15 15:06:59','2023-02-15 15:06:59'),(7794,'2023-02-15 15:11:25','2023-02-15 15:11:25'),(7795,'2023-02-15 15:16:37','2023-02-15 15:16:37'),(7796,'2023-02-15 15:18:58','2023-02-15 15:18:58'),(7797,'2023-02-15 15:19:02','2023-02-15 15:19:02'),(7798,'2023-02-15 15:19:03','2023-02-15 15:19:03'),(7799,'2023-02-15 15:19:03','2023-02-15 15:19:03'),(7800,'2023-02-15 15:19:42','2023-02-15 15:19:42'),(7801,'2023-02-15 15:19:43','2023-02-15 15:19:43'),(7802,'2023-02-15 15:20:02','2023-02-15 15:20:02'),(7803,'2023-02-15 15:20:02','2023-02-15 15:20:02'),(7804,'2023-02-15 15:20:03','2023-02-15 15:20:03'),(7805,'2023-02-15 15:21:32','2023-02-15 15:21:32'),(7806,'2023-02-15 15:21:32','2023-02-15 15:21:32'),(7807,'2023-02-15 15:21:33','2023-02-15 15:21:33'),(7808,'2023-02-15 15:22:02','2023-02-15 15:22:02'),(7809,'2023-02-15 15:22:03','2023-02-15 15:22:03'),(7810,'2023-02-15 15:22:04','2023-02-15 15:22:04'),(7811,'2023-02-15 15:22:41','2023-02-15 15:22:41'),(7812,'2023-02-15 15:22:42','2023-02-15 15:22:42'),(7813,'2023-02-15 15:22:43','2023-02-15 15:22:43'),(7814,'2023-02-15 15:23:14','2023-02-15 15:23:14'),(7815,'2023-02-15 15:23:15','2023-02-15 15:23:15'),(7816,'2023-02-15 15:23:15','2023-02-15 15:23:15'),(7817,'2023-02-15 15:23:26','2023-02-15 15:23:26'),(7818,'2023-02-15 15:23:26','2023-02-15 15:23:26'),(7819,'2023-02-15 15:23:27','2023-02-15 15:23:27'),(7820,'2023-02-15 15:25:51','2023-02-15 15:25:51'),(7821,'2023-02-15 15:25:51','2023-02-15 15:25:51'),(7822,'2023-02-15 15:27:33','2023-02-15 15:27:33'),(7823,'2023-02-15 15:27:34','2023-02-15 15:27:34'),(7824,'2023-02-15 15:27:35','2023-02-15 15:27:35'),(7825,'2023-02-15 16:24:21','2023-02-15 16:24:21'),(7826,'2023-02-15 16:24:22','2023-02-15 16:24:22'),(7827,'2023-02-15 16:24:22','2023-02-15 16:24:22'),(7828,'2023-02-15 17:21:43','2023-02-15 17:21:43'),(7829,'2023-02-15 17:21:51','2023-02-15 17:21:51'),(7830,'2023-02-15 17:58:57','2023-02-15 17:58:57'),(7831,'2023-02-15 17:58:57','2023-02-15 17:58:57'),(7832,'2023-02-15 18:47:12','2023-02-15 18:47:12'),(7833,'2023-02-15 18:47:13','2023-02-15 18:47:13'),(7834,'2023-02-15 18:47:14','2023-02-15 18:47:14'),(7835,'2023-02-15 18:47:28','2023-02-15 18:47:28'),(7836,'2023-02-15 18:47:29','2023-02-15 18:47:29'),(7837,'2023-02-15 18:47:37','2023-02-15 18:47:37'),(7838,'2023-02-15 18:47:37','2023-02-15 18:47:37'),(7839,'2023-02-15 18:47:38','2023-02-15 18:47:38'),(7840,'2023-02-15 18:55:44','2023-02-15 18:55:44'),(7841,'2023-02-15 18:55:47','2023-02-15 18:55:47'),(7842,'2023-02-15 18:55:48','2023-02-15 18:55:48'),(7843,'2023-02-15 18:55:49','2023-02-15 18:55:49'),(7844,'2023-02-15 18:55:59','2023-02-15 18:55:59'),(7845,'2023-02-15 18:56:00','2023-02-15 18:56:00'),(7846,'2023-02-15 18:56:07','2023-02-15 18:56:07'),(7847,'2023-02-15 18:56:08','2023-02-15 18:56:08'),(7848,'2023-02-15 18:56:09','2023-02-15 18:56:09'),(7849,'2023-02-15 18:56:18','2023-02-15 18:56:18'),(7850,'2023-02-15 18:56:19','2023-02-15 18:56:19'),(7851,'2023-02-15 18:56:20','2023-02-15 18:56:20'),(7852,'2023-02-15 18:56:59','2023-02-15 18:56:59'),(7853,'2023-02-15 18:57:00','2023-02-15 18:57:00'),(7854,'2023-02-15 18:57:00','2023-02-15 18:57:00'),(7855,'2023-02-15 18:57:30','2023-02-15 18:57:30'),(7856,'2023-02-15 18:57:31','2023-02-15 18:57:31'),(7857,'2023-02-15 18:57:32','2023-02-15 18:57:32'),(7858,'2023-02-15 18:57:33','2023-02-15 18:57:33'),(7859,'2023-02-15 18:57:33','2023-02-15 18:57:33'),(7860,'2023-02-15 18:57:48','2023-02-15 18:57:48'),(7861,'2023-02-15 18:57:49','2023-02-15 18:57:49'),(7862,'2023-02-15 18:57:50','2023-02-15 18:57:50'),(7863,'2023-02-15 18:58:21','2023-02-15 18:58:21'),(7864,'2023-02-15 18:58:21','2023-02-15 18:58:21'),(7865,'2023-02-15 18:58:22','2023-02-15 18:58:22'),(7866,'2023-02-15 20:22:50','2023-02-15 20:22:50'),(7867,'2023-02-15 20:23:34','2023-02-15 20:23:34'),(7868,'2023-02-15 20:23:34','2023-02-15 20:23:34'),(7869,'2023-02-15 20:24:00','2023-02-15 20:24:00'),(7870,'2023-02-15 20:24:01','2023-02-15 20:24:01'),(7871,'2023-02-15 20:24:01','2023-02-15 20:24:01'),(7872,'2023-02-15 20:25:10','2023-02-15 20:25:10'),(7873,'2023-02-15 20:25:11','2023-02-15 20:25:11'),(7874,'2023-02-15 20:26:00','2023-02-15 20:26:00'),(7875,'2023-02-15 20:26:01','2023-02-15 20:26:01'),(7876,'2023-02-15 20:26:01','2023-02-15 20:26:01'),(7877,'2023-02-15 20:27:00','2023-02-15 20:27:00'),(7878,'2023-02-15 20:27:10','2023-02-15 20:27:10'),(7879,'2023-02-15 20:27:16','2023-02-15 20:27:16'),(7880,'2023-02-15 20:27:36','2023-02-15 20:27:36'),(7881,'2023-02-15 20:40:22','2023-02-15 20:40:22'),(7882,'2023-02-15 20:43:23','2023-02-15 20:43:23'),(7883,'2023-02-15 20:43:49','2023-02-15 20:43:49'),(7884,'2023-02-15 20:43:49','2023-02-15 20:43:49'),(7885,'2023-02-15 20:43:50','2023-02-15 20:43:50'),(7886,'2023-02-15 20:45:59','2023-02-15 20:45:59'),(7887,'2023-02-15 20:45:59','2023-02-15 20:45:59'),(7888,'2023-02-15 20:48:15','2023-02-15 20:48:15'),(7889,'2023-02-15 20:49:10','2023-02-15 20:49:10'),(7890,'2023-02-15 20:49:11','2023-02-15 20:49:11'),(7891,'2023-02-15 20:49:12','2023-02-15 20:49:12'),(7892,'2023-02-15 20:49:47','2023-02-15 20:49:47'),(7893,'2023-02-15 20:49:47','2023-02-15 20:49:47'),(7894,'2023-02-15 20:50:23','2023-02-15 20:50:23'),(7895,'2023-02-15 20:50:23','2023-02-15 20:50:23'),(7896,'2023-02-15 20:50:24','2023-02-15 20:50:24'),(7897,'2023-02-18 09:44:59','2023-02-18 09:44:59'),(7898,'2023-02-18 09:45:12','2023-02-18 09:45:12'),(7899,'2023-02-18 09:46:30','2023-02-18 09:46:30'),(7900,'2023-02-18 09:47:49','2023-02-18 09:47:49'),(7901,'2023-02-18 09:49:17','2023-02-18 09:49:17'),(7902,'2023-02-18 10:24:36','2023-02-18 10:24:36'),(7903,'2023-02-18 10:28:45','2023-02-18 10:28:45'),(7904,'2023-02-18 10:37:36','2023-02-18 10:37:36'),(7905,'2023-02-18 10:42:40','2023-02-18 10:42:40'),(7906,'2023-02-18 10:54:43','2023-02-18 10:54:43'),(7907,'2023-02-18 10:54:46','2023-02-18 10:54:46'),(7908,'2023-02-18 10:54:47','2023-02-18 10:54:47'),(7909,'2023-02-18 10:54:47','2023-02-18 10:54:47'),(7910,'2023-02-18 10:54:55','2023-02-18 10:54:55'),(7911,'2023-02-18 10:54:56','2023-02-18 10:54:56'),(7912,'2023-02-19 06:26:53','2023-02-19 06:26:53'),(7913,'2023-02-19 06:27:40','2023-02-19 06:27:40'),(7914,'2023-02-19 06:28:39','2023-02-19 06:28:39'),(7915,'2023-02-19 06:28:51','2023-02-19 06:28:51'),(7916,'2023-02-19 06:32:06','2023-02-19 06:32:06'),(7917,'2023-02-19 06:33:46','2023-02-19 06:33:46'),(7918,'2023-02-19 06:36:52','2023-02-19 06:36:52'),(7919,'2023-02-19 06:38:53','2023-02-19 06:38:53'),(7920,'2023-02-19 09:57:37','2023-02-19 09:57:37'),(7921,'2023-02-19 09:57:37','2023-02-19 09:57:37'),(7922,'2023-02-19 09:57:38','2023-02-19 09:57:38'),(7923,'2023-02-19 09:57:52','2023-02-19 09:57:52'),(7924,'2023-02-19 09:57:53','2023-02-19 09:57:53'),(7925,'2023-02-19 09:57:53','2023-02-19 09:57:53'),(7926,'2023-02-19 09:58:01','2023-02-19 09:58:01'),(7927,'2023-02-19 09:58:02','2023-02-19 09:58:02'),(7928,'2023-02-19 10:16:07','2023-02-19 10:16:07'),(7929,'2023-02-19 10:30:40','2023-02-19 10:30:40'),(7930,'2023-02-19 10:34:23','2023-02-19 10:34:23'),(7931,'2023-02-19 10:37:43','2023-02-19 10:37:43'),(7932,'2023-02-19 10:44:38','2023-02-19 10:44:38'),(7933,'2023-02-19 10:45:07','2023-02-19 10:45:07'),(7934,'2023-02-19 11:05:32','2023-02-19 11:05:32'),(7935,'2023-02-19 11:05:33','2023-02-19 11:05:33'),(7936,'2023-02-19 11:05:34','2023-02-19 11:05:34'),(7937,'2023-02-19 11:05:38','2023-02-19 11:05:38'),(7938,'2023-02-19 11:05:39','2023-02-19 11:05:39'),(7939,'2023-02-19 12:11:28','2023-02-19 12:11:28'),(7940,'2023-02-19 12:11:29','2023-02-19 12:11:29'),(7941,'2023-02-19 12:11:29','2023-02-19 12:11:29'),(7942,'2023-02-19 12:13:54','2023-02-19 12:13:54'),(7943,'2023-02-19 12:13:55','2023-02-19 12:13:55'),(7944,'2023-02-19 12:13:56','2023-02-19 12:13:56'),(7945,'2023-02-19 12:14:25','2023-02-19 12:14:25'),(7946,'2023-02-19 12:14:26','2023-02-19 12:14:26'),(7947,'2023-02-19 12:14:27','2023-02-19 12:14:27'),(7948,'2023-02-19 12:18:52','2023-02-19 12:18:52'),(7949,'2023-02-19 12:18:53','2023-02-19 12:18:53'),(7950,'2023-02-19 12:18:53','2023-02-19 12:18:53'),(7951,'2023-02-19 12:19:00','2023-02-19 12:19:00'),(7952,'2023-02-19 12:19:00','2023-02-19 12:19:00'),(7953,'2023-02-19 12:19:01','2023-02-19 12:19:01'),(7954,'2023-02-19 12:21:18','2023-02-19 12:21:18'),(7955,'2023-02-19 12:21:18','2023-02-19 12:21:18'),(7956,'2023-02-19 12:21:34','2023-02-19 12:21:34'),(7957,'2023-02-19 12:21:35','2023-02-19 12:21:35'),(7958,'2023-02-19 12:21:35','2023-02-19 12:21:35'),(7959,'2023-02-19 14:12:07','2023-02-19 14:12:07'),(7960,'2023-02-19 14:12:08','2023-02-19 14:12:08'),(7961,'2023-02-19 14:12:09','2023-02-19 14:12:09'),(7962,'2023-02-19 14:13:56','2023-02-19 14:13:56'),(7963,'2023-02-19 14:13:56','2023-02-19 14:13:56'),(7964,'2023-02-19 14:13:57','2023-02-19 14:13:57'),(7965,'2023-02-19 14:14:43','2023-02-19 14:14:43'),(7966,'2023-02-19 14:14:43','2023-02-19 14:14:43'),(7967,'2023-02-19 14:14:44','2023-02-19 14:14:44'),(7968,'2023-02-19 14:15:11','2023-02-19 14:15:11'),(7969,'2023-02-19 14:15:11','2023-02-19 14:15:11'),(7970,'2023-02-19 14:15:12','2023-02-19 14:15:12'),(7971,'2023-02-19 14:15:43','2023-02-19 14:15:43'),(7972,'2023-02-19 14:15:44','2023-02-19 14:15:44'),(7973,'2023-02-19 14:15:52','2023-02-19 14:15:52'),(7974,'2023-02-19 14:15:52','2023-02-19 14:15:52'),(7975,'2023-02-19 14:15:53','2023-02-19 14:15:53'),(7976,'2023-02-19 14:16:09','2023-02-19 14:16:09'),(7977,'2023-02-19 14:16:10','2023-02-19 14:16:10'),(7978,'2023-02-19 14:16:10','2023-02-19 14:16:10'),(7979,'2023-02-19 14:22:13','2023-02-19 14:22:13'),(7980,'2023-02-19 14:22:13','2023-02-19 14:22:13'),(7981,'2023-02-19 14:22:14','2023-02-19 14:22:14'),(7982,'2023-02-19 14:22:51','2023-02-19 14:22:51'),(7983,'2023-02-19 14:22:51','2023-02-19 14:22:51'),(7984,'2023-02-19 14:24:10','2023-02-19 14:24:10'),(7985,'2023-02-19 14:24:11','2023-02-19 14:24:11'),(7986,'2023-02-19 14:24:11','2023-02-19 14:24:11'),(7987,'2023-02-19 14:25:32','2023-02-19 14:25:32'),(7988,'2023-02-19 14:25:33','2023-02-19 14:25:33'),(7989,'2023-02-19 14:25:34','2023-02-19 14:25:34'),(7990,'2023-02-19 14:28:33','2023-02-19 14:28:33'),(7991,'2023-02-19 14:28:33','2023-02-19 14:28:33'),(7992,'2023-02-19 14:28:34','2023-02-19 14:28:34'),(7993,'2023-02-19 14:28:45','2023-02-19 14:28:45'),(7994,'2023-02-19 14:28:46','2023-02-19 14:28:46'),(7995,'2023-02-19 14:31:28','2023-02-19 14:31:28'),(7996,'2023-02-19 14:31:29','2023-02-19 14:31:29'),(7997,'2023-02-19 14:33:06','2023-02-19 14:33:06'),(7998,'2023-02-19 14:33:06','2023-02-19 14:33:06'),(7999,'2023-02-19 14:33:07','2023-02-19 14:33:07'),(8000,'2023-02-19 14:33:14','2023-02-19 14:33:14'),(8001,'2023-02-19 14:33:15','2023-02-19 14:33:15'),(8002,'2023-02-19 14:33:55','2023-02-19 14:33:55'),(8003,'2023-02-19 14:33:56','2023-02-19 14:33:56'),(8004,'2023-02-19 14:34:33','2023-02-19 14:34:33'),(8005,'2023-02-19 14:34:33','2023-02-19 14:34:33'),(8006,'2023-02-19 14:35:04','2023-02-19 14:35:04'),(8007,'2023-02-19 14:35:05','2023-02-19 14:35:05'),(8008,'2023-02-19 14:39:20','2023-02-19 14:39:20'),(8009,'2023-02-19 14:39:21','2023-02-19 14:39:21'),(8010,'2023-02-19 14:40:24','2023-02-19 14:40:24'),(8011,'2023-02-19 14:40:25','2023-02-19 14:40:25'),(8012,'2023-02-19 14:40:25','2023-02-19 14:40:25'),(8013,'2023-02-19 14:44:10','2023-02-19 14:44:10'),(8014,'2023-02-19 14:44:11','2023-02-19 14:44:11'),(8015,'2023-02-19 14:44:40','2023-02-19 14:44:40'),(8016,'2023-02-19 14:44:41','2023-02-19 14:44:41'),(8017,'2023-02-19 14:53:03','2023-02-19 14:53:03'),(8018,'2023-02-19 14:53:04','2023-02-19 14:53:04'),(8019,'2023-02-19 14:53:04','2023-02-19 14:53:04'),(8020,'2023-02-19 14:53:15','2023-02-19 14:53:15'),(8021,'2023-02-19 14:53:16','2023-02-19 14:53:16'),(8022,'2023-02-19 14:55:58','2023-02-19 14:55:58'),(8023,'2023-02-19 14:55:59','2023-02-19 14:55:59'),(8024,'2023-02-19 14:57:52','2023-02-19 14:57:52'),(8025,'2023-02-19 14:57:52','2023-02-19 14:57:52'),(8026,'2023-02-19 15:04:43','2023-02-19 15:04:43'),(8027,'2023-02-19 15:04:43','2023-02-19 15:04:43'),(8028,'2023-02-19 15:04:44','2023-02-19 15:04:44'),(8029,'2023-02-19 15:05:19','2023-02-19 15:05:19'),(8030,'2023-02-19 15:05:20','2023-02-19 15:05:20'),(8031,'2023-02-19 15:13:44','2023-02-19 15:13:44'),(8032,'2023-02-19 15:13:45','2023-02-19 15:13:45'),(8033,'2023-02-19 15:13:45','2023-02-19 15:13:45'),(8034,'2023-02-19 15:14:11','2023-02-19 15:14:11'),(8035,'2023-02-19 15:14:11','2023-02-19 15:14:11'),(8036,'2023-02-19 15:15:31','2023-02-19 15:15:31'),(8037,'2023-02-19 15:15:32','2023-02-19 15:15:32'),(8038,'2023-02-19 15:15:32','2023-02-19 15:15:32'),(8039,'2023-02-19 15:19:31','2023-02-19 15:19:31'),(8040,'2023-02-19 15:19:32','2023-02-19 15:19:32'),(8041,'2023-02-19 15:19:33','2023-02-19 15:19:33'),(8042,'2023-02-19 15:19:39','2023-02-19 15:19:39'),(8043,'2023-02-19 15:19:39','2023-02-19 15:19:39'),(8044,'2023-02-19 15:19:40','2023-02-19 15:19:40'),(8045,'2023-02-19 15:20:23','2023-02-19 15:20:23'),(8046,'2023-02-19 15:20:24','2023-02-19 15:20:24'),(8047,'2023-02-19 15:20:31','2023-02-19 15:20:31'),(8048,'2023-02-19 15:20:32','2023-02-19 15:20:32'),(8049,'2023-02-19 15:20:33','2023-02-19 15:20:33'),(8050,'2023-02-19 16:11:45','2023-02-19 16:11:45'),(8051,'2023-02-19 16:11:45','2023-02-19 16:11:45'),(8052,'2023-02-19 16:11:46','2023-02-19 16:11:46'),(8053,'2023-02-19 16:12:28','2023-02-19 16:12:28'),(8054,'2023-02-19 16:12:29','2023-02-19 16:12:29'),(8055,'2023-02-19 16:12:30','2023-02-19 16:12:30'),(8056,'2023-02-19 16:13:26','2023-02-19 16:13:26'),(8057,'2023-02-19 16:13:26','2023-02-19 16:13:26'),(8058,'2023-02-19 16:13:40','2023-02-19 16:13:40'),(8059,'2023-02-19 16:13:40','2023-02-19 16:13:40'),(8060,'2023-02-19 16:13:41','2023-02-19 16:13:41'),(8061,'2023-02-19 16:15:04','2023-02-19 16:15:04'),(8062,'2023-02-19 16:15:05','2023-02-19 16:15:05'),(8063,'2023-02-19 16:16:30','2023-02-19 16:16:30'),(8064,'2023-02-19 16:16:35','2023-02-19 16:16:35'),(8065,'2023-02-19 16:17:39','2023-02-19 16:17:39'),(8066,'2023-02-19 16:17:40','2023-02-19 16:17:40'),(8067,'2023-02-19 16:17:56','2023-02-19 16:17:56'),(8068,'2023-02-19 16:17:57','2023-02-19 16:17:57'),(8069,'2023-02-19 16:19:49','2023-02-19 16:19:49'),(8070,'2023-02-19 16:20:16','2023-02-19 16:20:16'),(8071,'2023-02-19 16:20:17','2023-02-19 16:20:17'),(8072,'2023-02-19 16:20:17','2023-02-19 16:20:17'),(8073,'2023-02-19 16:20:54','2023-02-19 16:20:54'),(8074,'2023-02-19 16:20:54','2023-02-19 16:20:54'),(8075,'2023-02-19 16:47:18','2023-02-19 16:47:18'),(8076,'2023-02-19 16:47:19','2023-02-19 16:47:19'),(8077,'2023-02-19 16:47:20','2023-02-19 16:47:20'),(8078,'2023-02-19 16:49:03','2023-02-19 16:49:03'),(8079,'2023-02-19 16:49:04','2023-02-19 16:49:04'),(8080,'2023-02-19 16:49:04','2023-02-19 16:49:04'),(8081,'2023-02-19 16:49:05','2023-02-19 16:49:05'),(8082,'2023-02-19 16:49:06','2023-02-19 16:49:06'),(8083,'2023-02-19 16:51:40','2023-02-19 16:51:40'),(8084,'2023-02-19 16:51:40','2023-02-19 16:51:40'),(8085,'2023-02-19 16:51:41','2023-02-19 16:51:41'),(8086,'2023-02-19 17:51:21','2023-02-19 17:51:21'),(8087,'2023-02-19 17:51:22','2023-02-19 17:51:22'),(8088,'2023-02-19 17:51:22','2023-02-19 17:51:22'),(8089,'2023-02-19 17:51:46','2023-02-19 17:51:46'),(8090,'2023-02-19 17:51:46','2023-02-19 17:51:46'),(8091,'2023-02-19 17:51:46','2023-02-19 17:51:46'),(8092,'2023-02-19 17:51:46','2023-02-19 17:51:46'),(8093,'2023-02-19 17:51:47','2023-02-19 17:51:47'),(8094,'2023-02-19 17:51:57','2023-02-19 17:51:57'),(8095,'2023-02-19 17:51:57','2023-02-19 17:51:57'),(8096,'2023-02-19 17:51:58','2023-02-19 17:51:58'),(8097,'2023-02-20 08:07:40','2023-02-20 08:07:40'),(8098,'2023-02-20 08:07:41','2023-02-20 08:07:41'),(8099,'2023-02-20 08:07:41','2023-02-20 08:07:41'),(8100,'2023-02-20 10:31:12','2023-02-20 10:31:12'),(8101,'2023-02-20 10:31:13','2023-02-20 10:31:13'),(8102,'2023-02-20 10:31:14','2023-02-20 10:31:14'),(8103,'2023-02-20 10:59:50','2023-02-20 10:59:50'),(8104,'2023-02-20 10:59:51','2023-02-20 10:59:51'),(8105,'2023-02-20 10:59:52','2023-02-20 10:59:52'),(8106,'2023-02-20 11:00:03','2023-02-20 11:00:03'),(8107,'2023-02-20 11:00:04','2023-02-20 11:00:04'),(8108,'2023-02-20 11:00:04','2023-02-20 11:00:04'),(8109,'2023-02-20 11:19:20','2023-02-20 11:19:20'),(8110,'2023-02-20 11:19:21','2023-02-20 11:19:21'),(8111,'2023-02-20 11:19:21','2023-02-20 11:19:21'),(8112,'2023-02-20 11:22:36','2023-02-20 11:22:36'),(8113,'2023-02-20 11:22:36','2023-02-20 11:22:36'),(8114,'2023-02-20 11:22:37','2023-02-20 11:22:37'),(8115,'2023-02-20 12:18:06','2023-02-20 12:18:06'),(8116,'2023-02-20 12:18:07','2023-02-20 12:18:07'),(8117,'2023-02-20 12:18:07','2023-02-20 12:18:07'),(8118,'2023-02-20 13:40:11','2023-02-20 13:40:11'),(8119,'2023-02-20 13:48:59','2023-02-20 13:48:59'),(8120,'2023-02-20 13:49:00','2023-02-20 13:49:00'),(8121,'2023-02-20 13:49:00','2023-02-20 13:49:00'),(8122,'2023-02-20 13:49:27','2023-02-20 13:49:27'),(8123,'2023-02-20 13:49:28','2023-02-20 13:49:28'),(8124,'2023-02-20 13:49:28','2023-02-20 13:49:28'),(8125,'2023-02-20 13:49:32','2023-02-20 13:49:32'),(8126,'2023-02-20 13:49:32','2023-02-20 13:49:32'),(8127,'2023-02-20 13:51:18','2023-02-20 13:51:18'),(8128,'2023-02-20 13:51:18','2023-02-20 13:51:18'),(8129,'2023-02-20 13:52:35','2023-02-20 13:52:35'),(8130,'2023-02-20 13:53:05','2023-02-20 13:53:05'),(8131,'2023-02-20 13:53:06','2023-02-20 13:53:06'),(8132,'2023-02-20 13:53:43','2023-02-20 13:53:43'),(8133,'2023-02-20 13:58:50','2023-02-20 13:58:50'),(8134,'2023-02-20 13:58:50','2023-02-20 13:58:50'),(8135,'2023-02-20 13:58:54','2023-02-20 13:58:54'),(8136,'2023-02-20 14:03:53','2023-02-20 14:03:53'),(8137,'2023-02-20 14:03:54','2023-02-20 14:03:54'),(8138,'2023-02-20 14:04:01','2023-02-20 14:04:01'),(8139,'2023-02-20 14:04:02','2023-02-20 14:04:02'),(8140,'2023-02-20 14:04:12','2023-02-20 14:04:12'),(8141,'2023-02-20 14:04:13','2023-02-20 14:04:13'),(8142,'2023-02-20 14:04:36','2023-02-20 14:04:36'),(8143,'2023-02-20 14:04:37','2023-02-20 14:04:37'),(8144,'2023-02-20 14:05:34','2023-02-20 14:05:34'),(8145,'2023-02-20 14:05:34','2023-02-20 14:05:34'),(8146,'2023-02-20 14:06:08','2023-02-20 14:06:08'),(8147,'2023-02-20 14:06:09','2023-02-20 14:06:09'),(8148,'2023-02-20 14:06:25','2023-02-20 14:06:25'),(8149,'2023-02-20 14:06:25','2023-02-20 14:06:25'),(8150,'2023-02-20 14:07:04','2023-02-20 14:07:04'),(8151,'2023-02-20 14:09:55','2023-02-20 14:09:55'),(8152,'2023-02-20 14:09:56','2023-02-20 14:09:56'),(8153,'2023-02-20 14:11:38','2023-02-20 14:11:38'),(8154,'2023-02-20 14:11:39','2023-02-20 14:11:39'),(8155,'2023-02-20 14:12:52','2023-02-20 14:12:52'),(8156,'2023-02-20 14:12:53','2023-02-20 14:12:53'),(8157,'2023-02-20 14:13:09','2023-02-20 14:13:09'),(8158,'2023-02-20 14:13:09','2023-02-20 14:13:09'),(8159,'2023-02-20 14:17:08','2023-02-20 14:17:08'),(8160,'2023-02-20 14:17:08','2023-02-20 14:17:08'),(8161,'2023-02-20 14:17:14','2023-02-20 14:17:14'),(8162,'2023-02-20 14:19:08','2023-02-20 14:19:08'),(8163,'2023-02-20 14:20:48','2023-02-20 14:20:48'),(8164,'2023-02-20 14:22:01','2023-02-20 14:22:01'),(8165,'2023-02-20 14:25:47','2023-02-20 14:25:47'),(8166,'2023-02-20 14:29:14','2023-02-20 14:29:14'),(8167,'2023-02-20 14:29:15','2023-02-20 14:29:15'),(8168,'2023-02-20 14:32:49','2023-02-20 14:32:49'),(8169,'2023-02-20 14:32:50','2023-02-20 14:32:50'),(8170,'2023-02-20 14:32:53','2023-02-20 14:32:53'),(8171,'2023-02-20 14:36:54','2023-02-20 14:36:54'),(8172,'2023-02-20 14:38:37','2023-02-20 14:38:37'),(8173,'2023-02-20 14:38:38','2023-02-20 14:38:38'),(8174,'2023-02-20 14:38:42','2023-02-20 14:38:42'),(8175,'2023-02-20 14:40:42','2023-02-20 14:40:42'),(8176,'2023-02-20 14:40:43','2023-02-20 14:40:43'),(8177,'2023-02-20 14:40:46','2023-02-20 14:40:46'),(8178,'2023-02-20 14:43:46','2023-02-20 14:43:46'),(8179,'2023-02-20 14:43:47','2023-02-20 14:43:47'),(8180,'2023-02-20 14:43:50','2023-02-20 14:43:50'),(8181,'2023-02-20 14:44:23','2023-02-20 14:44:23'),(8182,'2023-02-20 14:44:23','2023-02-20 14:44:23'),(8183,'2023-02-20 14:44:50','2023-02-20 14:44:50'),(8184,'2023-02-20 14:45:28','2023-02-20 14:45:28'),(8185,'2023-02-20 14:46:44','2023-02-20 14:46:44'),(8186,'2023-02-20 14:46:44','2023-02-20 14:46:44'),(8187,'2023-02-20 14:46:48','2023-02-20 14:46:48'),(8188,'2023-02-20 14:51:57','2023-02-20 14:51:57'),(8189,'2023-02-20 14:51:58','2023-02-20 14:51:58'),(8190,'2023-02-20 14:52:00','2023-02-20 14:52:00'),(8191,'2023-02-20 14:53:46','2023-02-20 14:53:46'),(8192,'2023-02-20 14:54:43','2023-02-20 14:54:43'),(8193,'2023-02-20 14:55:26','2023-02-20 14:55:26'),(8194,'2023-02-20 15:00:06','2023-02-20 15:00:06'),(8195,'2023-02-20 15:00:07','2023-02-20 15:00:07'),(8196,'2023-02-20 15:00:07','2023-02-20 15:00:07'),(8197,'2023-02-20 15:04:29','2023-02-20 15:04:29'),(8198,'2023-02-20 15:04:30','2023-02-20 15:04:30'),(8199,'2023-02-20 15:04:30','2023-02-20 15:04:30'),(8200,'2023-02-21 14:32:44','2023-02-21 14:32:44'),(8201,'2023-02-21 14:32:45','2023-02-21 14:32:45'),(8202,'2023-02-21 14:32:46','2023-02-21 14:32:46'),(8203,'2023-02-21 14:50:13','2023-02-21 14:50:13'),(8204,'2023-02-21 14:50:13','2023-02-21 14:50:13'),(8205,'2023-02-21 14:50:14','2023-02-21 14:50:14'),(8206,'2023-02-21 14:50:50','2023-02-21 14:50:50'),(8207,'2023-02-21 14:50:51','2023-02-21 14:50:51'),(8208,'2023-02-21 14:50:52','2023-02-21 14:50:52'),(8209,'2023-02-21 15:43:45','2023-02-21 15:43:45'),(8210,'2023-02-21 15:43:45','2023-02-21 15:43:45'),(8211,'2023-02-21 15:43:46','2023-02-21 15:43:46'),(8212,'2023-02-21 15:43:46','2023-02-21 15:43:46'),(8213,'2023-02-21 15:43:59','2023-02-21 15:43:59'),(8214,'2023-02-21 15:44:00','2023-02-21 15:44:00'),(8215,'2023-02-21 15:44:00','2023-02-21 15:44:00'),(8216,'2023-02-21 15:44:03','2023-02-21 15:44:03'),(8217,'2023-02-21 15:44:03','2023-02-21 15:44:03'),(8218,'2023-02-21 15:44:03','2023-02-21 15:44:03'),(8219,'2023-02-21 15:44:04','2023-02-21 15:44:04'),(8220,'2023-02-21 15:44:06','2023-02-21 15:44:06'),(8221,'2023-02-21 15:44:07','2023-02-21 15:44:07'),(8222,'2023-02-21 15:44:10','2023-02-21 15:44:10'),(8223,'2023-02-21 15:44:11','2023-02-21 15:44:11'),(8224,'2023-02-21 15:44:32','2023-02-21 15:44:32'),(8225,'2023-02-21 15:44:33','2023-02-21 15:44:33'),(8226,'2023-02-21 15:44:33','2023-02-21 15:44:33'),(8227,'2023-02-21 15:44:42','2023-02-21 15:44:42'),(8228,'2023-02-21 15:44:42','2023-02-21 15:44:42'),(8229,'2023-02-21 15:44:43','2023-02-21 15:44:43'),(8230,'2023-02-21 15:44:44','2023-02-21 15:44:44'),(8231,'2023-02-21 15:44:45','2023-02-21 15:44:45'),(8232,'2023-02-21 15:44:45','2023-02-21 15:44:45'),(8233,'2023-02-21 15:44:49','2023-02-21 15:44:49'),(8234,'2023-02-21 15:44:50','2023-02-21 15:44:50'),(8235,'2023-02-21 15:44:50','2023-02-21 15:44:50'),(8236,'2023-02-21 15:49:46','2023-02-21 15:49:46'),(8237,'2023-02-21 15:49:46','2023-02-21 15:49:46'),(8238,'2023-02-21 15:49:50','2023-02-21 15:49:50'),(8239,'2023-02-21 15:49:50','2023-02-21 15:49:50'),(8240,'2023-02-21 15:49:51','2023-02-21 15:49:51'),(8241,'2023-02-21 15:49:51','2023-02-21 15:49:51'),(8242,'2023-02-21 15:49:58','2023-02-21 15:49:58'),(8243,'2023-02-21 15:49:59','2023-02-21 15:49:59'),(8244,'2023-02-21 15:50:19','2023-02-21 15:50:19'),(8245,'2023-02-21 15:50:19','2023-02-21 15:50:19'),(8246,'2023-02-21 15:50:20','2023-02-21 15:50:20'),(8247,'2023-02-21 15:50:20','2023-02-21 15:50:20'),(8248,'2023-02-21 15:50:20','2023-02-21 15:50:20'),(8249,'2023-02-21 15:50:21','2023-02-21 15:50:21'),(8250,'2023-02-21 15:51:03','2023-02-21 15:51:03'),(8251,'2023-02-21 15:51:03','2023-02-21 15:51:03'),(8252,'2023-02-21 15:51:04','2023-02-21 15:51:04'),(8253,'2023-02-21 15:51:32','2023-02-21 15:51:32'),(8254,'2023-02-21 15:51:33','2023-02-21 15:51:33'),(8255,'2023-02-21 15:51:34','2023-02-21 15:51:34'),(8256,'2023-02-21 15:51:50','2023-02-21 15:51:50'),(8257,'2023-02-21 15:53:00','2023-02-21 15:53:00'),(8258,'2023-02-21 15:53:00','2023-02-21 15:53:00'),(8259,'2023-02-21 15:53:01','2023-02-21 15:53:01'),(8260,'2023-02-21 15:53:26','2023-02-21 15:53:26'),(8261,'2023-02-21 15:53:27','2023-02-21 15:53:27'),(8262,'2023-02-21 15:54:18','2023-02-21 15:54:18'),(8263,'2023-02-21 15:54:19','2023-02-21 15:54:19'),(8264,'2023-02-21 15:54:19','2023-02-21 15:54:19'),(8265,'2023-02-21 15:54:20','2023-02-21 15:54:20'),(8266,'2023-02-21 21:53:01','2023-02-21 21:53:01'),(8267,'2023-02-21 21:53:01','2023-02-21 21:53:01'),(8268,'2023-02-21 21:53:02','2023-02-21 21:53:02'),(8269,'2023-02-21 21:59:26','2023-02-21 21:59:26'),(8270,'2023-02-21 21:59:26','2023-02-21 21:59:26'),(8271,'2023-02-21 21:59:27','2023-02-21 21:59:27'),(8272,'2023-02-22 12:43:56','2023-02-22 12:43:56'),(8273,'2023-02-22 12:43:57','2023-02-22 12:43:57'),(8274,'2023-02-22 12:43:58','2023-02-22 12:43:58'),(8275,'2023-02-22 12:44:14','2023-02-22 12:44:14'),(8276,'2023-02-22 12:44:15','2023-02-22 12:44:15'),(8277,'2023-02-22 17:01:26','2023-02-22 17:01:26'),(8278,'2023-02-22 17:01:27','2023-02-22 17:01:27'),(8279,'2023-02-22 17:01:28','2023-02-22 17:01:28'),(8280,'2023-02-22 17:17:18','2023-02-22 17:17:18'),(8281,'2023-02-22 17:17:19','2023-02-22 17:17:19'),(8282,'2023-02-22 17:17:20','2023-02-22 17:17:20'),(8283,'2023-02-22 17:31:37','2023-02-22 17:31:37'),(8284,'2023-02-22 17:31:38','2023-02-22 17:31:38'),(8285,'2023-02-22 17:31:39','2023-02-22 17:31:39'),(8286,'2023-02-22 17:31:45','2023-02-22 17:31:45'),(8287,'2023-02-22 17:31:46','2023-02-22 17:31:46'),(8288,'2023-02-22 17:31:54','2023-02-22 17:31:54'),(8289,'2023-02-22 17:31:55','2023-02-22 17:31:55'),(8290,'2023-02-22 17:31:56','2023-02-22 17:31:56'),(8291,'2023-02-22 17:33:31','2023-02-22 17:33:31'),(8292,'2023-02-22 17:33:32','2023-02-22 17:33:32'),(8293,'2023-02-22 17:33:32','2023-02-22 17:33:32'),(8294,'2023-02-23 17:11:08','2023-02-23 17:11:08'),(8295,'2023-02-23 17:14:11','2023-02-23 17:14:11'),(8296,'2023-02-23 17:14:11','2023-02-23 17:14:11'),(8297,'2023-02-23 17:17:09','2023-02-23 17:17:09'),(8298,'2023-02-24 17:19:00','2023-02-24 17:19:00'),(8299,'2023-02-24 17:19:01','2023-02-24 17:19:01'),(8300,'2023-02-24 17:19:02','2023-02-24 17:19:02'),(8301,'2023-02-24 17:21:58','2023-02-24 17:21:58'),(8302,'2023-02-24 17:21:59','2023-02-24 17:21:59'),(8303,'2023-02-24 17:22:00','2023-02-24 17:22:00'),(8304,'2023-02-24 17:26:38','2023-02-24 17:26:38'),(8305,'2023-02-24 17:26:39','2023-02-24 17:26:39'),(8306,'2023-02-24 17:26:39','2023-02-24 17:26:39'),(8307,'2023-02-24 17:27:28','2023-02-24 17:27:28'),(8308,'2023-02-24 17:27:28','2023-02-24 17:27:28'),(8309,'2023-02-24 17:27:29','2023-02-24 17:27:29'),(8310,'2023-02-24 17:27:37','2023-02-24 17:27:37'),(8311,'2023-02-24 17:27:37','2023-02-24 17:27:37'),(8312,'2023-02-24 17:27:38','2023-02-24 17:27:38'),(8313,'2023-02-24 17:27:51','2023-02-24 17:27:51'),(8314,'2023-02-24 17:27:51','2023-02-24 17:27:51'),(8315,'2023-02-24 17:27:52','2023-02-24 17:27:52'),(8316,'2023-02-24 17:28:05','2023-02-24 17:28:05'),(8317,'2023-02-24 17:28:05','2023-02-24 17:28:05'),(8318,'2023-02-24 17:28:06','2023-02-24 17:28:06'),(8319,'2023-02-24 17:28:44','2023-02-24 17:28:44'),(8320,'2023-02-24 17:28:44','2023-02-24 17:28:44'),(8321,'2023-02-24 17:28:45','2023-02-24 17:28:45'),(8322,'2023-02-24 17:28:55','2023-02-24 17:28:55'),(8323,'2023-02-24 17:28:56','2023-02-24 17:28:56'),(8324,'2023-02-24 17:28:57','2023-02-24 17:28:57'),(8325,'2023-02-24 17:28:59','2023-02-24 17:28:59'),(8326,'2023-02-24 17:29:00','2023-02-24 17:29:00'),(8327,'2023-02-24 17:29:01','2023-02-24 17:29:01'),(8328,'2023-02-24 17:29:07','2023-02-24 17:29:07'),(8329,'2023-02-24 17:29:07','2023-02-24 17:29:07'),(8330,'2023-02-24 17:29:08','2023-02-24 17:29:08'),(8331,'2023-02-24 17:32:22','2023-02-24 17:32:22'),(8332,'2023-02-24 17:32:23','2023-02-24 17:32:23'),(8333,'2023-02-24 17:32:23','2023-02-24 17:32:23'),(8334,'2023-02-24 17:32:31','2023-02-24 17:32:31'),(8335,'2023-02-24 17:32:31','2023-02-24 17:32:31'),(8336,'2023-02-24 17:32:32','2023-02-24 17:32:32'),(8337,'2023-02-24 17:33:02','2023-02-24 17:33:02'),(8338,'2023-02-24 17:33:03','2023-02-24 17:33:03'),(8339,'2023-02-24 17:33:04','2023-02-24 17:33:04'),(8340,'2023-02-24 17:33:37','2023-02-24 17:33:37'),(8341,'2023-02-24 17:33:37','2023-02-24 17:33:37'),(8342,'2023-02-24 17:33:37','2023-02-24 17:33:37'),(8343,'2023-02-24 17:33:37','2023-02-24 17:33:37'),(8344,'2023-02-24 17:33:44','2023-02-24 17:33:44'),(8345,'2023-02-24 17:33:44','2023-02-24 17:33:44'),(8346,'2023-02-24 17:33:45','2023-02-24 17:33:45'),(8347,'2023-02-24 17:33:49','2023-02-24 17:33:49'),(8348,'2023-02-24 17:33:50','2023-02-24 17:33:50'),(8349,'2023-02-24 17:33:51','2023-02-24 17:33:51'),(8350,'2023-02-24 17:34:02','2023-02-24 17:34:02'),(8351,'2023-02-24 17:34:03','2023-02-24 17:34:03'),(8352,'2023-02-24 17:34:03','2023-02-24 17:34:03'),(8353,'2023-02-24 17:35:48','2023-02-24 17:35:48'),(8354,'2023-02-24 17:35:49','2023-02-24 17:35:49'),(8355,'2023-02-24 17:35:50','2023-02-24 17:35:50'),(8356,'2023-02-24 17:35:56','2023-02-24 17:35:56'),(8357,'2023-02-24 17:35:57','2023-02-24 17:35:57'),(8358,'2023-02-24 17:36:31','2023-02-24 17:36:31'),(8359,'2023-02-24 17:36:31','2023-02-24 17:36:31'),(8360,'2023-02-24 17:36:42','2023-02-24 17:36:42'),(8361,'2023-02-24 17:36:42','2023-02-24 17:36:42'),(8362,'2023-02-24 17:36:43','2023-02-24 17:36:43'),(8363,'2023-02-24 17:36:52','2023-02-24 17:36:52'),(8364,'2023-02-24 17:36:53','2023-02-24 17:36:53'),(8365,'2023-02-24 17:36:53','2023-02-24 17:36:53'),(8366,'2023-02-24 17:38:52','2023-02-24 17:38:52'),(8367,'2023-02-24 17:38:53','2023-02-24 17:38:53'),(8368,'2023-02-24 17:38:54','2023-02-24 17:38:54'),(8369,'2023-02-24 17:39:32','2023-02-24 17:39:32'),(8370,'2023-02-24 17:39:33','2023-02-24 17:39:33'),(8371,'2023-02-24 17:39:33','2023-02-24 17:39:33'),(8372,'2023-02-24 17:39:34','2023-02-24 17:39:34'),(8373,'2023-02-24 17:39:35','2023-02-24 17:39:35'),(8374,'2023-02-24 17:39:43','2023-02-24 17:39:43'),(8375,'2023-02-24 17:39:43','2023-02-24 17:39:43'),(8376,'2023-02-24 17:39:44','2023-02-24 17:39:44'),(8377,'2023-02-24 17:39:44','2023-02-24 17:39:44'),(8378,'2023-02-24 17:39:45','2023-02-24 17:39:45'),(8379,'2023-02-24 17:39:45','2023-02-24 17:39:45'),(8380,'2023-02-24 17:39:46','2023-02-24 17:39:46'),(8381,'2023-02-24 17:39:47','2023-02-24 17:39:47'),(8382,'2023-02-24 17:39:59','2023-02-24 17:39:59'),(8383,'2023-02-24 17:39:59','2023-02-24 17:39:59'),(8384,'2023-02-24 17:40:00','2023-02-24 17:40:00'),(8385,'2023-02-24 17:40:43','2023-02-24 17:40:43'),(8386,'2023-02-24 17:40:43','2023-02-24 17:40:43'),(8387,'2023-02-24 17:40:44','2023-02-24 17:40:44'),(8388,'2023-02-24 17:40:45','2023-02-24 17:40:45'),(8389,'2023-02-24 17:40:45','2023-02-24 17:40:45'),(8390,'2023-02-24 17:42:23','2023-02-24 17:42:23'),(8391,'2023-02-24 17:42:23','2023-02-24 17:42:23'),(8392,'2023-02-24 17:42:24','2023-02-24 17:42:24'),(8393,'2023-02-24 17:42:25','2023-02-24 17:42:25'),(8394,'2023-02-24 17:42:25','2023-02-24 17:42:25'),(8395,'2023-02-24 17:42:54','2023-02-24 17:42:54'),(8396,'2023-02-24 17:42:54','2023-02-24 17:42:54'),(8397,'2023-02-24 17:42:55','2023-02-24 17:42:55'),(8398,'2023-02-24 17:44:25','2023-02-24 17:44:25'),(8399,'2023-02-24 17:44:26','2023-02-24 17:44:26'),(8400,'2023-02-24 17:44:26','2023-02-24 17:44:26'),(8401,'2023-02-24 17:45:12','2023-02-24 17:45:12'),(8402,'2023-02-24 17:45:12','2023-02-24 17:45:12'),(8403,'2023-02-24 17:45:13','2023-02-24 17:45:13'),(8404,'2023-02-24 17:45:13','2023-02-24 17:45:13'),(8405,'2023-02-24 17:45:22','2023-02-24 17:45:22'),(8406,'2023-02-24 17:45:23','2023-02-24 17:45:23'),(8407,'2023-02-24 17:45:24','2023-02-24 17:45:24'),(8408,'2023-02-24 17:45:24','2023-02-24 17:45:24'),(8409,'2023-02-24 17:46:23','2023-02-24 17:46:23'),(8410,'2023-02-24 17:46:23','2023-02-24 17:46:23'),(8411,'2023-02-24 17:46:24','2023-02-24 17:46:24'),(8412,'2023-02-24 17:47:36','2023-02-24 17:47:36'),(8413,'2023-02-24 17:47:37','2023-02-24 17:47:37'),(8414,'2023-02-24 17:47:38','2023-02-24 17:47:38'),(8415,'2023-02-24 18:20:45','2023-02-24 18:20:45'),(8416,'2023-02-24 18:20:46','2023-02-24 18:20:46'),(8417,'2023-02-24 18:20:47','2023-02-24 18:20:47'),(8418,'2023-02-24 18:22:18','2023-02-24 18:22:18'),(8419,'2023-02-24 18:22:18','2023-02-24 18:22:18'),(8420,'2023-02-24 18:22:19','2023-02-24 18:22:19'),(8421,'2023-02-24 18:23:08','2023-02-24 18:23:08'),(8422,'2023-02-24 18:23:09','2023-02-24 18:23:09'),(8423,'2023-02-24 18:23:09','2023-02-24 18:23:09'),(8424,'2023-02-26 18:56:46','2023-02-26 18:56:46'),(8425,'2023-02-26 18:56:46','2023-02-26 18:56:46'),(8426,'2023-02-26 18:56:47','2023-02-26 18:56:47'),(8427,'2023-02-26 19:19:44','2023-02-26 19:19:44'),(8428,'2023-02-26 19:19:45','2023-02-26 19:19:45'),(8429,'2023-02-26 19:19:45','2023-02-26 19:19:45'),(8430,'2023-02-26 19:31:47','2023-02-26 19:31:47'),(8431,'2023-02-26 19:31:48','2023-02-26 19:31:48'),(8432,'2023-02-26 19:31:48','2023-02-26 19:31:48'),(8433,'2023-02-26 19:34:06','2023-02-26 19:34:06'),(8434,'2023-02-26 19:34:07','2023-02-26 19:34:07'),(8435,'2023-02-26 19:34:07','2023-02-26 19:34:07'),(8436,'2023-02-26 19:34:51','2023-02-26 19:34:51'),(8437,'2023-02-26 19:34:51','2023-02-26 19:34:51'),(8438,'2023-02-26 19:34:52','2023-02-26 19:34:52'),(8439,'2023-02-26 19:37:08','2023-02-26 19:37:08'),(8440,'2023-02-26 19:37:09','2023-02-26 19:37:09'),(8441,'2023-02-26 19:37:09','2023-02-26 19:37:09'),(8442,'2023-02-26 19:37:14','2023-02-26 19:37:14'),(8443,'2023-02-26 19:37:14','2023-02-26 19:37:14'),(8444,'2023-02-26 19:37:15','2023-02-26 19:37:15'),(8445,'2023-02-26 19:37:57','2023-02-26 19:37:57'),(8446,'2023-02-26 19:37:58','2023-02-26 19:37:58'),(8447,'2023-02-26 19:37:58','2023-02-26 19:37:58'),(8448,'2023-02-26 19:40:35','2023-02-26 19:40:35'),(8449,'2023-02-26 19:40:35','2023-02-26 19:40:35'),(8450,'2023-02-26 19:40:40','2023-02-26 19:40:40'),(8451,'2023-02-26 19:40:41','2023-02-26 19:40:41'),(8452,'2023-02-26 19:40:41','2023-02-26 19:40:41'),(8453,'2023-02-26 19:43:02','2023-02-26 19:43:02'),(8454,'2023-02-26 19:43:03','2023-02-26 19:43:03'),(8455,'2023-02-26 19:43:03','2023-02-26 19:43:03'),(8456,'2023-02-26 19:45:18','2023-02-26 19:45:18'),(8457,'2023-02-26 19:45:18','2023-02-26 19:45:18'),(8458,'2023-02-26 19:45:19','2023-02-26 19:45:19'),(8459,'2023-02-26 19:50:43','2023-02-26 19:50:43'),(8460,'2023-02-26 19:50:44','2023-02-26 19:50:44'),(8461,'2023-02-26 19:50:44','2023-02-26 19:50:44'),(8462,'2023-02-26 19:51:26','2023-02-26 19:51:26'),(8463,'2023-02-26 19:51:27','2023-02-26 19:51:27'),(8464,'2023-02-26 19:51:27','2023-02-26 19:51:27'),(8465,'2023-02-26 20:37:38','2023-02-26 20:37:38'),(8466,'2023-02-26 20:37:39','2023-02-26 20:37:39'),(8467,'2023-02-26 20:37:40','2023-02-26 20:37:40'),(8468,'2023-02-26 20:40:20','2023-02-26 20:40:20'),(8469,'2023-02-26 20:40:21','2023-02-26 20:40:21'),(8470,'2023-02-26 20:40:22','2023-02-26 20:40:22'),(8471,'2023-02-26 20:47:59','2023-02-26 20:47:59'),(8472,'2023-02-26 20:47:59','2023-02-26 20:47:59'),(8473,'2023-02-26 20:48:00','2023-02-26 20:48:00'),(8474,'2023-02-26 20:48:16','2023-02-26 20:48:16'),(8475,'2023-02-26 20:48:17','2023-02-26 20:48:17'),(8476,'2023-02-26 20:48:18','2023-02-26 20:48:18'),(8477,'2023-02-26 20:48:38','2023-02-26 20:48:38'),(8478,'2023-02-26 20:48:38','2023-02-26 20:48:38'),(8479,'2023-02-26 20:48:39','2023-02-26 20:48:39'),(8480,'2023-02-26 20:48:46','2023-02-26 20:48:46'),(8481,'2023-02-26 20:48:47','2023-02-26 20:48:47'),(8482,'2023-02-26 20:48:57','2023-02-26 20:48:57'),(8483,'2023-02-26 20:48:58','2023-02-26 20:48:58'),(8484,'2023-02-26 20:48:58','2023-02-26 20:48:58'),(8485,'2023-02-26 20:49:25','2023-02-26 20:49:25'),(8486,'2023-02-26 20:49:25','2023-02-26 20:49:25'),(8487,'2023-02-26 20:49:26','2023-02-26 20:49:26'),(8488,'2023-02-26 20:49:44','2023-02-26 20:49:44'),(8489,'2023-02-26 20:49:44','2023-02-26 20:49:44'),(8490,'2023-02-26 20:49:45','2023-02-26 20:49:45'),(8491,'2023-02-26 20:50:16','2023-02-26 20:50:16'),(8492,'2023-02-26 20:50:16','2023-02-26 20:50:16'),(8493,'2023-02-26 20:50:17','2023-02-26 20:50:17'),(8494,'2023-02-27 12:06:55','2023-02-27 12:06:55'),(8495,'2023-02-27 12:06:56','2023-02-27 12:06:56'),(8496,'2023-02-27 12:06:56','2023-02-27 12:06:56'),(8497,'2023-02-27 12:25:32','2023-02-27 12:25:32'),(8498,'2023-02-27 12:25:32','2023-02-27 12:25:32'),(8499,'2023-02-27 12:25:33','2023-02-27 12:25:33'),(8500,'2023-02-27 12:36:08','2023-02-27 12:36:08'),(8501,'2023-02-27 12:36:08','2023-02-27 12:36:08'),(8502,'2023-02-27 12:36:09','2023-02-27 12:36:09'),(8503,'2023-02-27 13:12:46','2023-02-27 13:12:46'),(8504,'2023-02-27 13:12:47','2023-02-27 13:12:47'),(8505,'2023-02-27 13:12:47','2023-02-27 13:12:47'),(8506,'2023-02-27 13:16:22','2023-02-27 13:16:22'),(8507,'2023-02-27 13:16:23','2023-02-27 13:16:23'),(8508,'2023-02-27 13:16:24','2023-02-27 13:16:24'),(8509,'2023-02-27 13:16:33','2023-02-27 13:16:33'),(8510,'2023-02-27 13:16:34','2023-02-27 13:16:34'),(8511,'2023-02-27 13:16:39','2023-02-27 13:16:39'),(8512,'2023-02-27 13:16:39','2023-02-27 13:16:39'),(8513,'2023-02-27 13:16:40','2023-02-27 13:16:40'),(8514,'2023-02-27 13:18:25','2023-02-27 13:18:25'),(8515,'2023-02-27 13:18:26','2023-02-27 13:18:26'),(8516,'2023-02-27 13:18:27','2023-02-27 13:18:27'),(8517,'2023-02-27 13:18:48','2023-02-27 13:18:48'),(8518,'2023-02-27 13:18:49','2023-02-27 13:18:49'),(8519,'2023-02-27 13:18:49','2023-02-27 13:18:49'),(8520,'2023-02-27 14:00:11','2023-02-27 14:00:11'),(8521,'2023-02-27 14:00:11','2023-02-27 14:00:11'),(8522,'2023-02-27 14:00:12','2023-02-27 14:00:12'),(8523,'2023-02-27 14:17:56','2023-02-27 14:17:56'),(8524,'2023-02-27 14:17:57','2023-02-27 14:17:57'),(8525,'2023-02-27 14:17:57','2023-02-27 14:17:57'),(8526,'2023-02-27 14:18:39','2023-02-27 14:18:39'),(8527,'2023-02-27 14:18:40','2023-02-27 14:18:40'),(8528,'2023-02-27 14:38:27','2023-02-27 14:38:27'),(8529,'2023-02-27 14:38:27','2023-02-27 14:38:27'),(8530,'2023-02-27 14:42:53','2023-02-27 14:42:53'),(8531,'2023-02-27 14:42:54','2023-02-27 14:42:54'),(8532,'2023-02-27 14:45:45','2023-02-27 14:45:45'),(8533,'2023-02-27 14:45:46','2023-02-27 14:45:46'),(8534,'2023-02-27 14:48:03','2023-02-27 14:48:03'),(8535,'2023-02-27 14:48:03','2023-02-27 14:48:03'),(8536,'2023-02-27 14:48:04','2023-02-27 14:48:04'),(8537,'2023-02-27 14:48:46','2023-02-27 14:48:46'),(8538,'2023-02-27 14:48:46','2023-02-27 14:48:46'),(8539,'2023-02-27 14:48:47','2023-02-27 14:48:47'),(8540,'2023-02-27 14:49:55','2023-02-27 14:49:55'),(8541,'2023-02-27 14:49:56','2023-02-27 14:49:56'),(8542,'2023-02-27 14:49:57','2023-02-27 14:49:57'),(8543,'2023-02-27 14:52:48','2023-02-27 14:52:48'),(8544,'2023-02-27 14:52:48','2023-02-27 14:52:48'),(8545,'2023-02-27 14:52:49','2023-02-27 14:52:49'),(8546,'2023-02-27 14:53:16','2023-02-27 14:53:16'),(8547,'2023-02-27 14:53:17','2023-02-27 14:53:17'),(8548,'2023-02-27 14:53:24','2023-02-27 14:53:24'),(8549,'2023-02-27 14:53:25','2023-02-27 14:53:25'),(8550,'2023-02-27 14:53:26','2023-02-27 14:53:26'),(8551,'2023-02-27 14:53:53','2023-02-27 14:53:53'),(8552,'2023-02-27 14:53:54','2023-02-27 14:53:54'),(8553,'2023-02-27 14:53:55','2023-02-27 14:53:55'),(8554,'2023-02-27 14:54:26','2023-02-27 14:54:26'),(8555,'2023-02-27 14:54:26','2023-02-27 14:54:26'),(8556,'2023-02-27 14:54:27','2023-02-27 14:54:27'),(8557,'2023-02-27 14:54:57','2023-02-27 14:54:57'),(8558,'2023-02-27 14:54:58','2023-02-27 14:54:58'),(8559,'2023-02-27 14:58:46','2023-02-27 14:58:46'),(8560,'2023-02-27 14:58:46','2023-02-27 14:58:46'),(8561,'2023-02-27 14:59:47','2023-02-27 14:59:47'),(8562,'2023-02-27 14:59:47','2023-02-27 14:59:47'),(8563,'2023-02-27 14:59:48','2023-02-27 14:59:48'),(8564,'2023-02-27 15:00:38','2023-02-27 15:00:38'),(8565,'2023-02-27 15:00:39','2023-02-27 15:00:39'),(8566,'2023-02-27 15:00:47','2023-02-27 15:00:47'),(8567,'2023-02-27 15:00:48','2023-02-27 15:00:48'),(8568,'2023-02-27 15:00:49','2023-02-27 15:00:49'),(8569,'2023-02-27 15:01:47','2023-02-27 15:01:47'),(8570,'2023-02-27 15:01:48','2023-02-27 15:01:48'),(8571,'2023-02-27 15:01:48','2023-02-27 15:01:48'),(8572,'2023-02-27 15:01:56','2023-02-27 15:01:56'),(8573,'2023-02-27 15:01:57','2023-02-27 15:01:57'),(8574,'2023-02-27 15:01:58','2023-02-27 15:01:58'),(8575,'2023-02-27 15:02:19','2023-02-27 15:02:19'),(8576,'2023-02-27 15:02:20','2023-02-27 15:02:20'),(8577,'2023-02-27 15:02:20','2023-02-27 15:02:20'),(8578,'2023-02-27 15:02:27','2023-02-27 15:02:27'),(8579,'2023-02-27 15:02:28','2023-02-27 15:02:28'),(8580,'2023-02-27 15:02:28','2023-02-27 15:02:28'),(8581,'2023-02-27 15:03:27','2023-02-27 15:03:27'),(8582,'2023-02-27 15:03:27','2023-02-27 15:03:27'),(8583,'2023-02-27 15:03:28','2023-02-27 15:03:28'),(8584,'2023-02-27 15:05:31','2023-02-27 15:05:31'),(8585,'2023-02-27 15:05:31','2023-02-27 15:05:31'),(8586,'2023-02-27 15:05:32','2023-02-27 15:05:32'),(8587,'2023-02-27 15:05:33','2023-02-27 15:05:33'),(8588,'2023-02-27 15:05:34','2023-02-27 15:05:34'),(8589,'2023-02-27 15:05:46','2023-02-27 15:05:46'),(8590,'2023-02-27 15:05:47','2023-02-27 15:05:47'),(8591,'2023-02-27 15:05:47','2023-02-27 15:05:47'),(8592,'2023-02-27 15:07:20','2023-02-27 15:07:20'),(8593,'2023-02-27 15:07:21','2023-02-27 15:07:21'),(8594,'2023-02-27 15:13:13','2023-02-27 15:13:13'),(8595,'2023-02-27 15:13:14','2023-02-27 15:13:14'),(8596,'2023-02-27 15:17:25','2023-02-27 15:17:25'),(8597,'2023-02-27 15:17:26','2023-02-27 15:17:26'),(8598,'2023-02-27 15:17:26','2023-02-27 15:17:26'),(8599,'2023-02-27 15:17:44','2023-02-27 15:17:44'),(8600,'2023-02-27 15:17:44','2023-02-27 15:17:44'),(8601,'2023-02-27 15:17:45','2023-02-27 15:17:45'),(8602,'2023-02-27 15:20:55','2023-02-27 15:20:55'),(8603,'2023-02-27 15:20:55','2023-02-27 15:20:55'),(8604,'2023-02-27 15:20:56','2023-02-27 15:20:56'),(8605,'2023-02-27 15:21:33','2023-02-27 15:21:33'),(8606,'2023-02-27 15:21:34','2023-02-27 15:21:34'),(8607,'2023-02-27 15:21:53','2023-02-27 15:21:53'),(8608,'2023-02-27 15:21:54','2023-02-27 15:21:54'),(8609,'2023-02-27 15:21:54','2023-02-27 15:21:54'),(8610,'2023-02-27 15:22:11','2023-02-27 15:22:11'),(8611,'2023-02-27 15:22:11','2023-02-27 15:22:11'),(8612,'2023-02-27 15:30:27','2023-02-27 15:30:27'),(8613,'2023-02-27 15:30:28','2023-02-27 15:30:28'),(8614,'2023-02-27 15:33:55','2023-02-27 15:33:55'),(8615,'2023-02-27 15:33:56','2023-02-27 15:33:56'),(8616,'2023-02-27 15:51:07','2023-02-27 15:51:07'),(8617,'2023-02-27 15:51:08','2023-02-27 15:51:08'),(8618,'2023-02-27 15:51:38','2023-02-27 15:51:38'),(8619,'2023-02-27 15:51:38','2023-02-27 15:51:38'),(8620,'2023-02-27 16:01:21','2023-02-27 16:01:21'),(8621,'2023-02-27 16:01:22','2023-02-27 16:01:22'),(8622,'2023-02-27 16:01:52','2023-02-27 16:01:52'),(8623,'2023-02-27 16:01:52','2023-02-27 16:01:52'),(8624,'2023-02-27 16:01:53','2023-02-27 16:01:53'),(8625,'2023-02-27 16:02:42','2023-02-27 16:02:42'),(8626,'2023-02-27 16:02:42','2023-02-27 16:02:42'),(8627,'2023-02-27 16:04:08','2023-02-27 16:04:08'),(8628,'2023-02-27 16:04:09','2023-02-27 16:04:09'),(8629,'2023-02-27 16:07:17','2023-02-27 16:07:17'),(8630,'2023-02-27 16:07:19','2023-02-27 16:07:19'),(8631,'2023-02-27 16:07:28','2023-02-27 16:07:28'),(8632,'2023-02-27 16:07:28','2023-02-27 16:07:28'),(8633,'2023-02-27 16:08:33','2023-02-27 16:08:33'),(8634,'2023-02-27 16:08:33','2023-02-27 16:08:33'),(8635,'2023-02-27 16:08:38','2023-02-27 16:08:38'),(8636,'2023-02-27 16:08:39','2023-02-27 16:08:39'),(8637,'2023-02-27 16:08:40','2023-02-27 16:08:40'),(8638,'2023-02-27 16:08:51','2023-02-27 16:08:51'),(8639,'2023-02-27 16:08:52','2023-02-27 16:08:52'),(8640,'2023-02-27 16:08:53','2023-02-27 16:08:53'),(8641,'2023-02-27 16:09:04','2023-02-27 16:09:04'),(8642,'2023-02-27 16:09:04','2023-02-27 16:09:04'),(8643,'2023-02-27 16:09:05','2023-02-27 16:09:05'),(8644,'2023-02-27 16:19:54','2023-02-27 16:19:54'),(8645,'2023-02-27 16:19:55','2023-02-27 16:19:55'),(8646,'2023-02-27 16:19:56','2023-02-27 16:19:56'),(8647,'2023-02-27 16:20:01','2023-02-27 16:20:01'),(8648,'2023-02-27 16:20:02','2023-02-27 16:20:02'),(8649,'2023-02-27 16:20:03','2023-02-27 16:20:03'),(8650,'2023-02-27 16:20:24','2023-02-27 16:20:24'),(8651,'2023-02-27 16:20:25','2023-02-27 16:20:25'),(8652,'2023-02-27 16:20:25','2023-02-27 16:20:25'),(8653,'2023-02-27 16:31:43','2023-02-27 16:31:43'),(8654,'2023-02-27 16:31:44','2023-02-27 16:31:44'),(8655,'2023-02-27 16:31:45','2023-02-27 16:31:45'),(8656,'2023-02-27 16:31:55','2023-02-27 16:31:55'),(8657,'2023-02-27 16:31:55','2023-02-27 16:31:55'),(8658,'2023-02-27 16:31:56','2023-02-27 16:31:56'),(8659,'2023-02-27 16:37:03','2023-02-27 16:37:03'),(8660,'2023-02-27 16:37:04','2023-02-27 16:37:04'),(8661,'2023-02-27 16:37:04','2023-02-27 16:37:04'),(8662,'2023-02-27 17:00:11','2023-02-27 17:00:11'),(8663,'2023-02-27 17:00:11','2023-02-27 17:00:11'),(8664,'2023-02-27 17:00:12','2023-02-27 17:00:12'),(8665,'2023-02-27 17:17:46','2023-02-27 17:17:46'),(8666,'2023-02-27 17:17:47','2023-02-27 17:17:47'),(8667,'2023-02-27 17:17:48','2023-02-27 17:17:48'),(8668,'2023-02-27 17:39:15','2023-02-27 17:39:15'),(8669,'2023-02-27 17:39:15','2023-02-27 17:39:15'),(8670,'2023-02-27 17:39:16','2023-02-27 17:39:16'),(8671,'2023-02-27 17:39:26','2023-02-27 17:39:26'),(8672,'2023-02-27 17:39:27','2023-02-27 17:39:27'),(8673,'2023-02-27 17:39:27','2023-02-27 17:39:27'),(8674,'2023-02-27 17:56:58','2023-02-27 17:56:58'),(8675,'2023-02-27 17:56:59','2023-02-27 17:56:59'),(8676,'2023-02-27 17:56:59','2023-02-27 17:56:59'),(8677,'2023-02-27 18:02:08','2023-02-27 18:02:08'),(8678,'2023-02-27 18:02:09','2023-02-27 18:02:09'),(8679,'2023-02-27 18:02:10','2023-02-27 18:02:10'),(8680,'2023-02-27 18:03:28','2023-02-27 18:03:28'),(8681,'2023-02-27 18:03:29','2023-02-27 18:03:29'),(8682,'2023-02-27 18:03:30','2023-02-27 18:03:30'),(8683,'2023-02-27 18:06:30','2023-02-27 18:06:30'),(8684,'2023-02-27 18:06:31','2023-02-27 18:06:31'),(8685,'2023-02-27 18:06:32','2023-02-27 18:06:32'),(8686,'2023-02-27 18:23:47','2023-02-27 18:23:47'),(8687,'2023-02-27 18:23:48','2023-02-27 18:23:48'),(8688,'2023-02-27 18:23:48','2023-02-27 18:23:48'),(8689,'2023-02-27 18:24:03','2023-02-27 18:24:03'),(8690,'2023-02-27 18:24:04','2023-02-27 18:24:04'),(8691,'2023-02-27 18:24:05','2023-02-27 18:24:05'),(8692,'2023-02-27 19:18:49','2023-02-27 19:18:49'),(8693,'2023-02-27 19:18:50','2023-02-27 19:18:50'),(8694,'2023-02-27 19:18:50','2023-02-27 19:18:50'),(8695,'2023-02-27 19:22:35','2023-02-27 19:22:35'),(8696,'2023-02-27 19:22:35','2023-02-27 19:22:35'),(8697,'2023-02-27 19:22:36','2023-02-27 19:22:36'),(8698,'2023-02-27 19:23:04','2023-02-27 19:23:04'),(8699,'2023-02-27 19:23:04','2023-02-27 19:23:04'),(8700,'2023-02-27 19:23:05','2023-02-27 19:23:05'),(8701,'2023-02-27 19:55:42','2023-02-27 19:55:42'),(8702,'2023-02-27 19:55:42','2023-02-27 19:55:42'),(8703,'2023-02-27 19:55:43','2023-02-27 19:55:43'),(8704,'2023-02-27 20:02:42','2023-02-27 20:02:42'),(8705,'2023-02-27 20:02:43','2023-02-27 20:02:43'),(8706,'2023-02-27 20:02:43','2023-02-27 20:02:43'),(8707,'2023-02-27 20:03:51','2023-02-27 20:03:51'),(8708,'2023-02-27 20:03:52','2023-02-27 20:03:52'),(8709,'2023-02-27 20:03:53','2023-02-27 20:03:53'),(8710,'2023-02-27 20:04:09','2023-02-27 20:04:09'),(8711,'2023-02-27 20:04:09','2023-02-27 20:04:09'),(8712,'2023-02-27 20:04:10','2023-02-27 20:04:10'),(8713,'2023-02-27 20:04:23','2023-02-27 20:04:23'),(8714,'2023-02-27 20:04:23','2023-02-27 20:04:23'),(8715,'2023-02-27 20:04:24','2023-02-27 20:04:24'),(8716,'2023-02-27 20:05:23','2023-02-27 20:05:23'),(8717,'2023-02-27 20:05:24','2023-02-27 20:05:24'),(8718,'2023-02-27 20:05:24','2023-02-27 20:05:24'),(8719,'2023-02-27 20:05:49','2023-02-27 20:05:49'),(8720,'2023-02-27 20:05:49','2023-02-27 20:05:49'),(8721,'2023-02-27 20:05:50','2023-02-27 20:05:50'),(8722,'2023-02-27 20:07:31','2023-02-27 20:07:31'),(8723,'2023-02-27 20:07:32','2023-02-27 20:07:32'),(8724,'2023-02-27 20:07:32','2023-02-27 20:07:32'),(8725,'2023-02-27 20:13:09','2023-02-27 20:13:09'),(8726,'2023-02-27 20:13:09','2023-02-27 20:13:09'),(8727,'2023-02-27 20:13:10','2023-02-27 20:13:10'),(8728,'2023-02-27 20:14:40','2023-02-27 20:14:40'),(8729,'2023-02-27 20:14:41','2023-02-27 20:14:41'),(8730,'2023-02-27 20:14:42','2023-02-27 20:14:42'),(8731,'2023-02-27 20:18:06','2023-02-27 20:18:06'),(8732,'2023-02-27 20:18:07','2023-02-27 20:18:07'),(8733,'2023-02-27 20:18:08','2023-02-27 20:18:08'),(8734,'2023-02-27 20:18:23','2023-02-27 20:18:23'),(8735,'2023-02-27 20:18:24','2023-02-27 20:18:24'),(8736,'2023-02-27 20:18:24','2023-02-27 20:18:24'),(8737,'2023-02-27 20:20:30','2023-02-27 20:20:30'),(8738,'2023-02-27 20:20:31','2023-02-27 20:20:31'),(8739,'2023-02-27 20:20:32','2023-02-27 20:20:32'),(8740,'2023-02-27 20:25:04','2023-02-27 20:25:04'),(8741,'2023-02-27 20:25:04','2023-02-27 20:25:04'),(8742,'2023-02-27 20:25:05','2023-02-27 20:25:05'),(8743,'2023-02-27 20:25:52','2023-02-27 20:25:52'),(8744,'2023-02-27 20:25:52','2023-02-27 20:25:52'),(8745,'2023-02-27 20:25:53','2023-02-27 20:25:53'),(8746,'2023-02-27 20:27:38','2023-02-27 20:27:38'),(8747,'2023-02-27 20:27:39','2023-02-27 20:27:39'),(8748,'2023-02-27 20:27:39','2023-02-27 20:27:39'),(8749,'2023-02-27 20:27:55','2023-02-27 20:27:55'),(8750,'2023-02-27 20:27:56','2023-02-27 20:27:56'),(8751,'2023-02-27 20:27:56','2023-02-27 20:27:56'),(8752,'2023-02-27 20:32:39','2023-02-27 20:32:39'),(8753,'2023-02-27 20:32:41','2023-02-27 20:32:41'),(8754,'2023-02-27 20:32:41','2023-02-27 20:32:41'),(8755,'2023-02-27 20:36:50','2023-02-27 20:36:50'),(8756,'2023-02-27 20:36:50','2023-02-27 20:36:50'),(8757,'2023-02-27 20:37:26','2023-02-27 20:37:26'),(8758,'2023-02-27 20:37:26','2023-02-27 20:37:26'),(8759,'2023-02-27 20:37:27','2023-02-27 20:37:27'),(8760,'2023-02-27 21:12:56','2023-02-27 21:12:56'),(8761,'2023-02-27 21:12:57','2023-02-27 21:12:57'),(8762,'2023-02-27 21:12:58','2023-02-27 21:12:58'),(8763,'2023-02-27 21:15:02','2023-02-27 21:15:02'),(8764,'2023-02-27 21:15:03','2023-02-27 21:15:03'),(8765,'2023-02-27 21:16:27','2023-02-27 21:16:27'),(8766,'2023-02-27 21:16:27','2023-02-27 21:16:27'),(8767,'2023-02-27 21:17:13','2023-02-27 21:17:13'),(8768,'2023-02-27 21:17:14','2023-02-27 21:17:14'),(8769,'2023-02-27 21:17:33','2023-02-27 21:17:33'),(8770,'2023-02-27 21:17:34','2023-02-27 21:17:34'),(8771,'2023-02-27 21:19:50','2023-02-27 21:19:50'),(8772,'2023-02-27 21:19:51','2023-02-27 21:19:51'),(8773,'2023-02-27 21:21:25','2023-02-27 21:21:25'),(8774,'2023-02-27 21:21:25','2023-02-27 21:21:25'),(8775,'2023-02-27 21:22:24','2023-02-27 21:22:24'),(8776,'2023-02-27 21:22:25','2023-02-27 21:22:25'),(8777,'2023-02-27 21:23:04','2023-02-27 21:23:04'),(8778,'2023-02-27 21:23:05','2023-02-27 21:23:05'),(8779,'2023-02-28 07:56:27','2023-02-28 07:56:27'),(8780,'2023-02-28 07:56:28','2023-02-28 07:56:28'),(8781,'2023-02-28 07:56:29','2023-02-28 07:56:29'),(8782,'2023-02-28 07:56:41','2023-02-28 07:56:41'),(8783,'2023-02-28 07:56:41','2023-02-28 07:56:41'),(8784,'2023-02-28 08:02:23','2023-02-28 08:02:23'),(8785,'2023-02-28 08:02:24','2023-02-28 08:02:24'),(8786,'2023-02-28 08:02:25','2023-02-28 08:02:25'),(8787,'2023-02-28 08:49:18','2023-02-28 08:49:18'),(8788,'2023-02-28 08:49:19','2023-02-28 08:49:19'),(8789,'2023-02-28 08:49:20','2023-02-28 08:49:20'),(8790,'2023-02-28 10:17:25','2023-02-28 10:17:25'),(8791,'2023-02-28 10:17:26','2023-02-28 10:17:26'),(8792,'2023-02-28 10:17:27','2023-02-28 10:17:27'),(8793,'2023-02-28 10:24:23','2023-02-28 10:24:23'),(8794,'2023-02-28 10:24:24','2023-02-28 10:24:24'),(8795,'2023-02-28 10:24:24','2023-02-28 10:24:24'),(8796,'2023-02-28 10:26:28','2023-02-28 10:26:28'),(8797,'2023-02-28 10:26:28','2023-02-28 10:26:28'),(8798,'2023-02-28 10:26:29','2023-02-28 10:26:29'),(8799,'2023-02-28 10:30:57','2023-02-28 10:30:57'),(8800,'2023-02-28 10:30:57','2023-02-28 10:30:57'),(8801,'2023-02-28 10:32:42','2023-02-28 10:32:42'),(8802,'2023-02-28 10:32:43','2023-02-28 10:32:43'),(8803,'2023-02-28 10:33:16','2023-02-28 10:33:16'),(8804,'2023-02-28 10:33:17','2023-02-28 10:33:17'),(8805,'2023-02-28 10:34:15','2023-02-28 10:34:15'),(8806,'2023-02-28 10:34:16','2023-02-28 10:34:16'),(8807,'2023-02-28 10:34:47','2023-02-28 10:34:47'),(8808,'2023-02-28 10:34:47','2023-02-28 10:34:47'),(8809,'2023-02-28 10:36:04','2023-02-28 10:36:04'),(8810,'2023-02-28 10:36:05','2023-02-28 10:36:05'),(8811,'2023-02-28 10:36:47','2023-02-28 10:36:47'),(8812,'2023-02-28 10:36:47','2023-02-28 10:36:47'),(8813,'2023-02-28 10:37:33','2023-02-28 10:37:33'),(8814,'2023-02-28 10:37:33','2023-02-28 10:37:33'),(8815,'2023-02-28 10:37:49','2023-02-28 10:37:49'),(8816,'2023-02-28 10:37:50','2023-02-28 10:37:50'),(8817,'2023-02-28 10:39:13','2023-02-28 10:39:13'),(8818,'2023-02-28 10:39:14','2023-02-28 10:39:14'),(8819,'2023-02-28 10:39:57','2023-02-28 10:39:57'),(8820,'2023-02-28 10:39:57','2023-02-28 10:39:57'),(8821,'2023-02-28 10:40:54','2023-02-28 10:40:54'),(8822,'2023-02-28 10:40:54','2023-02-28 10:40:54'),(8823,'2023-02-28 10:49:49','2023-02-28 10:49:49'),(8824,'2023-02-28 10:49:49','2023-02-28 10:49:49'),(8825,'2023-02-28 10:56:50','2023-02-28 10:56:50'),(8826,'2023-02-28 10:56:50','2023-02-28 10:56:50'),(8827,'2023-02-28 10:56:51','2023-02-28 10:56:51'),(8828,'2023-02-28 10:56:59','2023-02-28 10:56:59'),(8829,'2023-02-28 10:57:00','2023-02-28 10:57:00'),(8830,'2023-02-28 10:57:01','2023-02-28 10:57:01'),(8831,'2023-02-28 11:20:16','2023-02-28 11:20:16'),(8832,'2023-02-28 11:20:17','2023-02-28 11:20:17'),(8833,'2023-02-28 11:20:17','2023-02-28 11:20:17'),(8834,'2023-02-28 11:32:10','2023-02-28 11:32:10'),(8835,'2023-02-28 11:32:11','2023-02-28 11:32:11'),(8836,'2023-02-28 11:32:12','2023-02-28 11:32:12'),(8837,'2023-02-28 11:36:34','2023-02-28 11:36:34'),(8838,'2023-02-28 11:36:34','2023-02-28 11:36:34'),(8839,'2023-02-28 11:36:35','2023-02-28 11:36:35'),(8840,'2023-02-28 11:39:41','2023-02-28 11:39:41'),(8841,'2023-02-28 11:39:42','2023-02-28 11:39:42'),(8842,'2023-02-28 11:39:46','2023-02-28 11:39:46'),(8843,'2023-02-28 11:39:47','2023-02-28 11:39:47'),(8844,'2023-02-28 11:39:47','2023-02-28 11:39:47'),(8845,'2023-02-28 11:40:19','2023-02-28 11:40:19'),(8846,'2023-02-28 11:40:20','2023-02-28 11:40:20'),(8847,'2023-02-28 11:40:20','2023-02-28 11:40:20'),(8848,'2023-02-28 11:41:12','2023-02-28 11:41:12'),(8849,'2023-02-28 11:41:13','2023-02-28 11:41:13'),(8850,'2023-02-28 11:41:14','2023-02-28 11:41:14'),(8851,'2023-02-28 11:49:29','2023-02-28 11:49:29'),(8852,'2023-02-28 11:49:30','2023-02-28 11:49:30'),(8853,'2023-02-28 11:49:31','2023-02-28 11:49:31'),(8854,'2023-02-28 11:49:52','2023-02-28 11:49:52'),(8855,'2023-02-28 11:49:52','2023-02-28 11:49:52'),(8856,'2023-02-28 11:52:20','2023-02-28 11:52:20'),(8857,'2023-02-28 11:52:21','2023-02-28 11:52:21'),(8858,'2023-02-28 11:52:21','2023-02-28 11:52:21'),(8859,'2023-02-28 12:25:24','2023-02-28 12:25:24'),(8860,'2023-02-28 12:25:24','2023-02-28 12:25:24'),(8861,'2023-02-28 12:25:25','2023-02-28 12:25:25'),(8862,'2023-02-28 12:26:45','2023-02-28 12:26:45'),(8863,'2023-02-28 12:26:46','2023-02-28 12:26:46'),(8864,'2023-02-28 12:27:30','2023-02-28 12:27:30'),(8865,'2023-02-28 12:27:31','2023-02-28 12:27:31'),(8866,'2023-02-28 12:27:31','2023-02-28 12:27:31'),(8867,'2023-02-28 13:00:12','2023-02-28 13:00:12'),(8868,'2023-02-28 13:00:13','2023-02-28 13:00:13'),(8869,'2023-02-28 13:00:14','2023-02-28 13:00:14'),(8870,'2023-02-28 13:19:38','2023-02-28 13:19:38'),(8871,'2023-02-28 13:19:39','2023-02-28 13:19:39'),(8872,'2023-02-28 13:19:40','2023-02-28 13:19:40'),(8873,'2023-02-28 13:30:00','2023-02-28 13:30:00'),(8874,'2023-02-28 13:30:01','2023-02-28 13:30:01'),(8875,'2023-02-28 13:30:02','2023-02-28 13:30:02'),(8876,'2023-02-28 13:31:44','2023-02-28 13:31:44'),(8877,'2023-02-28 13:31:45','2023-02-28 13:31:45'),(8878,'2023-02-28 13:31:45','2023-02-28 13:31:45'),(8879,'2023-02-28 13:32:31','2023-02-28 13:32:31'),(8880,'2023-02-28 13:32:32','2023-02-28 13:32:32'),(8881,'2023-02-28 13:32:33','2023-02-28 13:32:33'),(8882,'2023-02-28 13:32:38','2023-02-28 13:32:38'),(8883,'2023-02-28 13:32:39','2023-02-28 13:32:39'),(8884,'2023-02-28 13:32:39','2023-02-28 13:32:39'),(8885,'2023-02-28 13:32:56','2023-02-28 13:32:56'),(8886,'2023-02-28 13:32:57','2023-02-28 13:32:57'),(8887,'2023-02-28 13:32:57','2023-02-28 13:32:57'),(8888,'2023-02-28 13:33:19','2023-02-28 13:33:19'),(8889,'2023-02-28 13:33:20','2023-02-28 13:33:20'),(8890,'2023-02-28 13:33:20','2023-02-28 13:33:20'),(8891,'2023-02-28 13:33:39','2023-02-28 13:33:39'),(8892,'2023-02-28 13:33:39','2023-02-28 13:33:39'),(8893,'2023-02-28 13:33:40','2023-02-28 13:33:40'),(8894,'2023-02-28 13:33:50','2023-02-28 13:33:50'),(8895,'2023-02-28 13:33:50','2023-02-28 13:33:50'),(8896,'2023-02-28 13:33:51','2023-02-28 13:33:51'),(8897,'2023-02-28 13:34:01','2023-02-28 13:34:01'),(8898,'2023-02-28 13:34:01','2023-02-28 13:34:01'),(8899,'2023-02-28 13:34:02','2023-02-28 13:34:02'),(8900,'2023-02-28 13:34:15','2023-02-28 13:34:15'),(8901,'2023-02-28 13:34:16','2023-02-28 13:34:16'),(8902,'2023-02-28 13:34:16','2023-02-28 13:34:16'),(8903,'2023-02-28 13:34:21','2023-02-28 13:34:21'),(8904,'2023-02-28 13:34:22','2023-02-28 13:34:22'),(8905,'2023-02-28 13:34:22','2023-02-28 13:34:22'),(8906,'2023-02-28 13:35:31','2023-02-28 13:35:31'),(8907,'2023-02-28 13:35:31','2023-02-28 13:35:31'),(8908,'2023-02-28 13:35:32','2023-02-28 13:35:32'),(8909,'2023-02-28 13:35:45','2023-02-28 13:35:45'),(8910,'2023-02-28 13:35:45','2023-02-28 13:35:45'),(8911,'2023-02-28 13:35:46','2023-02-28 13:35:46'),(8912,'2023-02-28 13:35:54','2023-02-28 13:35:54'),(8913,'2023-02-28 13:35:55','2023-02-28 13:35:55'),(8914,'2023-02-28 13:35:55','2023-02-28 13:35:55'),(8915,'2023-02-28 13:55:46','2023-02-28 13:55:46'),(8916,'2023-02-28 13:55:46','2023-02-28 13:55:46'),(8917,'2023-02-28 13:55:47','2023-02-28 13:55:47'),(8918,'2023-02-28 14:08:21','2023-02-28 14:08:21'),(8919,'2023-02-28 14:08:22','2023-02-28 14:08:22'),(8920,'2023-02-28 14:08:23','2023-02-28 14:08:23'),(8921,'2023-02-28 14:11:19','2023-02-28 14:11:19'),(8922,'2023-02-28 14:11:20','2023-02-28 14:11:20'),(8923,'2023-02-28 14:11:20','2023-02-28 14:11:20'),(8924,'2023-02-28 14:11:54','2023-02-28 14:11:54'),(8925,'2023-02-28 14:11:55','2023-02-28 14:11:55'),(8926,'2023-02-28 14:11:55','2023-02-28 14:11:55'),(8927,'2023-02-28 14:14:20','2023-02-28 14:14:20'),(8928,'2023-02-28 14:14:21','2023-02-28 14:14:21'),(8929,'2023-02-28 14:14:23','2023-02-28 14:14:23'),(8930,'2023-02-28 14:14:42','2023-02-28 14:14:42'),(8931,'2023-02-28 14:14:44','2023-02-28 14:14:44'),(8932,'2023-02-28 14:14:45','2023-02-28 14:14:45'),(8933,'2023-02-28 14:31:28','2023-02-28 14:31:28'),(8934,'2023-02-28 14:31:29','2023-02-28 14:31:29'),(8935,'2023-02-28 14:31:30','2023-02-28 14:31:30'),(8936,'2023-02-28 14:32:07','2023-02-28 14:32:07'),(8937,'2023-02-28 14:32:07','2023-02-28 14:32:07'),(8938,'2023-02-28 14:32:08','2023-02-28 14:32:08'),(8939,'2023-02-28 14:32:36','2023-02-28 14:32:36'),(8940,'2023-02-28 14:32:37','2023-02-28 14:32:37'),(8941,'2023-02-28 14:32:37','2023-02-28 14:32:37'),(8942,'2023-02-28 14:33:18','2023-02-28 14:33:18'),(8943,'2023-02-28 14:33:19','2023-02-28 14:33:19'),(8944,'2023-02-28 14:33:20','2023-02-28 14:33:20'),(8945,'2023-02-28 14:36:45','2023-02-28 14:36:45'),(8946,'2023-02-28 14:46:29','2023-02-28 14:46:29'),(8947,'2023-02-28 14:46:30','2023-02-28 14:46:30'),(8948,'2023-02-28 14:46:30','2023-02-28 14:46:30'),(8949,'2023-02-28 14:47:20','2023-02-28 14:47:20'),(8950,'2023-02-28 14:47:21','2023-02-28 14:47:21'),(8951,'2023-02-28 14:47:21','2023-02-28 14:47:21'),(8952,'2023-02-28 14:53:33','2023-02-28 14:53:33'),(8953,'2023-02-28 14:53:34','2023-02-28 14:53:34'),(8954,'2023-02-28 14:53:34','2023-02-28 14:53:34'),(8955,'2023-02-28 14:54:13','2023-02-28 14:54:13'),(8956,'2023-02-28 14:54:13','2023-02-28 14:54:13'),(8957,'2023-02-28 14:54:14','2023-02-28 14:54:14'),(8958,'2023-02-28 14:54:51','2023-02-28 14:54:51'),(8959,'2023-02-28 14:54:52','2023-02-28 14:54:52'),(8960,'2023-02-28 14:54:53','2023-02-28 14:54:53'),(8961,'2023-02-28 14:57:59','2023-02-28 14:57:59'),(8962,'2023-02-28 14:57:59','2023-02-28 14:57:59'),(8963,'2023-02-28 14:58:00','2023-02-28 14:58:00'),(8964,'2023-02-28 14:58:22','2023-02-28 14:58:22'),(8965,'2023-02-28 14:58:23','2023-02-28 14:58:23'),(8966,'2023-02-28 14:58:23','2023-02-28 14:58:23'),(8967,'2023-02-28 15:09:06','2023-02-28 15:09:06'),(8968,'2023-02-28 15:09:07','2023-02-28 15:09:07'),(8969,'2023-02-28 15:09:07','2023-02-28 15:09:07'),(8970,'2023-02-28 15:09:20','2023-02-28 15:09:20'),(8971,'2023-02-28 15:09:20','2023-02-28 15:09:20'),(8972,'2023-02-28 15:09:21','2023-02-28 15:09:21'),(8973,'2023-02-28 15:11:56','2023-02-28 15:11:56'),(8974,'2023-02-28 15:11:57','2023-02-28 15:11:57'),(8975,'2023-02-28 15:11:58','2023-02-28 15:11:58'),(8976,'2023-02-28 15:13:50','2023-02-28 15:13:50'),(8977,'2023-02-28 15:13:51','2023-02-28 15:13:51'),(8978,'2023-02-28 15:13:52','2023-02-28 15:13:52'),(8979,'2023-02-28 15:16:12','2023-02-28 15:16:12'),(8980,'2023-02-28 15:16:13','2023-02-28 15:16:13'),(8981,'2023-02-28 15:16:13','2023-02-28 15:16:13'),(8982,'2023-02-28 15:16:32','2023-02-28 15:16:32'),(8983,'2023-02-28 15:16:33','2023-02-28 15:16:33'),(8984,'2023-02-28 15:16:33','2023-02-28 15:16:33'),(8985,'2023-02-28 15:18:20','2023-02-28 15:18:20'),(8986,'2023-02-28 15:18:21','2023-02-28 15:18:21'),(8987,'2023-02-28 15:18:21','2023-02-28 15:18:21'),(8988,'2023-02-28 15:22:07','2023-02-28 15:22:07'),(8989,'2023-02-28 15:22:08','2023-02-28 15:22:08'),(8990,'2023-02-28 15:22:08','2023-02-28 15:22:08'),(8991,'2023-02-28 15:22:31','2023-02-28 15:22:31'),(8992,'2023-02-28 15:22:32','2023-02-28 15:22:32'),(8993,'2023-02-28 15:22:33','2023-02-28 15:22:33'),(8994,'2023-02-28 15:22:52','2023-02-28 15:22:52'),(8995,'2023-02-28 15:22:53','2023-02-28 15:22:53'),(8996,'2023-02-28 15:22:54','2023-02-28 15:22:54'),(8997,'2023-02-28 15:25:52','2023-02-28 15:25:52'),(8998,'2023-02-28 15:25:53','2023-02-28 15:25:53'),(8999,'2023-02-28 15:25:53','2023-02-28 15:25:53'),(9000,'2023-02-28 15:26:05','2023-02-28 15:26:05'),(9001,'2023-02-28 15:26:05','2023-02-28 15:26:05'),(9002,'2023-02-28 15:26:06','2023-02-28 15:26:06'),(9003,'2023-02-28 15:31:23','2023-02-28 15:31:23'),(9004,'2023-02-28 15:31:23','2023-02-28 15:31:23'),(9005,'2023-02-28 15:31:24','2023-02-28 15:31:24'),(9006,'2023-02-28 15:31:50','2023-02-28 15:31:50'),(9007,'2023-02-28 15:31:51','2023-02-28 15:31:51'),(9008,'2023-02-28 15:31:52','2023-02-28 15:31:52'),(9009,'2023-02-28 15:40:29','2023-02-28 15:40:29'),(9010,'2023-02-28 15:40:30','2023-02-28 15:40:30'),(9011,'2023-02-28 15:40:31','2023-02-28 15:40:31'),(9012,'2023-02-28 15:46:12','2023-02-28 15:46:12'),(9013,'2023-02-28 15:46:13','2023-02-28 15:46:13'),(9014,'2023-02-28 15:46:13','2023-02-28 15:46:13'),(9015,'2023-02-28 15:58:22','2023-02-28 15:58:22'),(9016,'2023-02-28 15:59:11','2023-02-28 15:59:11'),(9017,'2023-02-28 16:00:03','2023-02-28 16:00:03'),(9018,'2023-02-28 16:00:30','2023-02-28 16:00:30'),(9019,'2023-02-28 16:01:26','2023-02-28 16:01:26'),(9020,'2023-02-28 16:01:27','2023-02-28 16:01:27'),(9021,'2023-02-28 16:01:27','2023-02-28 16:01:27'),(9022,'2023-02-28 16:01:31','2023-02-28 16:01:31'),(9023,'2023-02-28 16:12:45','2023-02-28 16:12:45'),(9024,'2023-02-28 16:12:46','2023-02-28 16:12:46'),(9025,'2023-02-28 16:12:46','2023-02-28 16:12:46'),(9026,'2023-02-28 16:13:12','2023-02-28 16:13:12'),(9027,'2023-02-28 16:15:16','2023-02-28 16:15:16'),(9028,'2023-02-28 16:15:17','2023-02-28 16:15:17'),(9029,'2023-02-28 16:15:18','2023-02-28 16:15:18'),(9030,'2023-02-28 16:17:43','2023-02-28 16:17:43'),(9031,'2023-02-28 16:17:44','2023-02-28 16:17:44'),(9032,'2023-02-28 16:17:45','2023-02-28 16:17:45'),(9033,'2023-02-28 16:18:08','2023-02-28 16:18:08'),(9034,'2023-02-28 16:20:03','2023-02-28 16:20:03'),(9035,'2023-02-28 16:20:04','2023-02-28 16:20:04'),(9036,'2023-02-28 16:20:05','2023-02-28 16:20:05'),(9037,'2023-02-28 16:20:21','2023-02-28 16:20:21'),(9038,'2023-02-28 16:20:21','2023-02-28 16:20:21'),(9039,'2023-02-28 16:20:22','2023-02-28 16:20:22'),(9040,'2023-02-28 16:20:32','2023-02-28 16:20:32'),(9041,'2023-02-28 16:20:35','2023-02-28 16:20:35'),(9042,'2023-02-28 16:20:36','2023-02-28 16:20:36'),(9043,'2023-02-28 16:20:36','2023-02-28 16:20:36'),(9044,'2023-02-28 16:20:59','2023-02-28 16:20:59'),(9045,'2023-02-28 16:20:59','2023-02-28 16:20:59'),(9046,'2023-02-28 16:21:00','2023-02-28 16:21:00'),(9047,'2023-02-28 16:33:40','2023-02-28 16:33:40'),(9048,'2023-02-28 16:33:41','2023-02-28 16:33:41'),(9049,'2023-02-28 16:33:41','2023-02-28 16:33:41'),(9050,'2023-02-28 17:26:58','2023-02-28 17:26:58'),(9051,'2023-02-28 17:26:59','2023-02-28 17:26:59'),(9052,'2023-02-28 17:26:59','2023-02-28 17:26:59'),(9053,'2023-02-28 17:54:20','2023-02-28 17:54:20'),(9054,'2023-02-28 17:54:21','2023-02-28 17:54:21'),(9055,'2023-02-28 17:54:22','2023-02-28 17:54:22'),(9056,'2023-02-28 17:57:47','2023-02-28 17:57:47'),(9057,'2023-02-28 17:57:48','2023-02-28 17:57:48'),(9058,'2023-02-28 17:57:48','2023-02-28 17:57:48'),(9059,'2023-02-28 19:10:55','2023-02-28 19:10:55'),(9060,'2023-02-28 19:10:55','2023-02-28 19:10:55'),(9061,'2023-02-28 19:10:56','2023-02-28 19:10:56'),(9062,'2023-02-28 19:16:28','2023-02-28 19:16:28'),(9063,'2023-02-28 19:16:29','2023-02-28 19:16:29'),(9064,'2023-02-28 19:16:29','2023-02-28 19:16:29'),(9065,'2023-02-28 19:33:24','2023-02-28 19:33:24'),(9066,'2023-02-28 19:33:24','2023-02-28 19:33:24'),(9067,'2023-02-28 19:33:25','2023-02-28 19:33:25'),(9068,'2023-02-28 19:35:58','2023-02-28 19:35:58'),(9069,'2023-02-28 19:35:59','2023-02-28 19:35:59'),(9070,'2023-02-28 19:36:00','2023-02-28 19:36:00'),(9071,'2023-02-28 19:42:18','2023-02-28 19:42:18'),(9072,'2023-02-28 19:42:19','2023-02-28 19:42:19'),(9073,'2023-02-28 19:42:19','2023-02-28 19:42:19'),(9074,'2023-02-28 19:45:30','2023-02-28 19:45:30'),(9075,'2023-02-28 19:45:30','2023-02-28 19:45:30'),(9076,'2023-02-28 19:45:31','2023-02-28 19:45:31'),(9077,'2023-02-28 19:53:03','2023-02-28 19:53:03'),(9078,'2023-02-28 19:53:04','2023-02-28 19:53:04'),(9079,'2023-02-28 19:53:04','2023-02-28 19:53:04'),(9080,'2023-02-28 19:58:05','2023-02-28 19:58:05'),(9081,'2023-02-28 19:58:05','2023-02-28 19:58:05'),(9082,'2023-02-28 19:58:06','2023-02-28 19:58:06'),(9083,'2023-02-28 21:18:42','2023-02-28 21:18:42'),(9084,'2023-02-28 21:18:42','2023-02-28 21:18:42'),(9085,'2023-02-28 21:18:43','2023-02-28 21:18:43'),(9086,'2023-02-28 21:18:59','2023-02-28 21:18:59'),(9087,'2023-02-28 21:19:00','2023-02-28 21:19:00'),(9088,'2023-02-28 21:19:00','2023-02-28 21:19:00'),(9089,'2023-02-28 22:41:16','2023-02-28 22:41:16'),(9090,'2023-02-28 22:41:17','2023-02-28 22:41:17'),(9091,'2023-02-28 22:41:17','2023-02-28 22:41:17'),(9092,'2023-02-28 22:41:35','2023-02-28 22:41:35'),(9093,'2023-02-28 22:47:08','2023-02-28 22:47:08'),(9094,'2023-02-28 22:47:09','2023-02-28 22:47:09'),(9095,'2023-02-28 22:47:09','2023-02-28 22:47:09'),(9096,'2023-03-01 08:37:42','2023-03-01 08:37:42'),(9097,'2023-03-01 08:37:43','2023-03-01 08:37:43'),(9098,'2023-03-01 08:37:43','2023-03-01 08:37:43'),(9099,'2023-03-01 08:37:50','2023-03-01 08:37:50'),(9100,'2023-03-01 08:42:36','2023-03-01 08:42:36'),(9101,'2023-03-01 08:46:56','2023-03-01 08:46:56'),(9102,'2023-03-01 08:52:25','2023-03-01 08:52:25'),(9103,'2023-03-01 08:52:32','2023-03-01 08:52:32'),(9104,'2023-03-01 08:52:32','2023-03-01 08:52:32'),(9105,'2023-03-01 08:52:33','2023-03-01 08:52:33'),(9106,'2023-03-01 08:55:56','2023-03-01 08:55:56'),(9107,'2023-03-01 08:55:56','2023-03-01 08:55:56'),(9108,'2023-03-01 08:55:57','2023-03-01 08:55:57'),(9109,'2023-03-01 09:05:48','2023-03-01 09:05:48'),(9110,'2023-03-01 09:05:48','2023-03-01 09:05:48'),(9111,'2023-03-01 09:05:49','2023-03-01 09:05:49'),(9112,'2023-03-01 09:11:30','2023-03-01 09:11:30'),(9113,'2023-03-01 09:12:28','2023-03-01 09:12:28'),(9114,'2023-03-01 09:16:42','2023-03-01 09:16:42'),(9115,'2023-03-01 09:20:02','2023-03-01 09:20:02'),(9116,'2023-03-01 09:22:28','2023-03-01 09:22:28'),(9117,'2023-03-01 09:27:58','2023-03-01 09:27:58'),(9118,'2023-03-01 09:27:59','2023-03-01 09:27:59'),(9119,'2023-03-01 09:28:00','2023-03-01 09:28:00'),(9120,'2023-03-01 09:28:00','2023-03-01 09:28:00'),(9121,'2023-03-01 09:34:48','2023-03-01 09:34:48'),(9122,'2023-03-01 09:34:48','2023-03-01 09:34:48'),(9123,'2023-03-01 09:34:49','2023-03-01 09:34:49'),(9124,'2023-03-01 09:34:50','2023-03-01 09:34:50'),(9125,'2023-03-01 09:42:17','2023-03-01 09:42:17'),(9126,'2023-03-01 09:42:18','2023-03-01 09:42:18'),(9127,'2023-03-01 09:42:18','2023-03-01 09:42:18'),(9128,'2023-03-01 09:42:19','2023-03-01 09:42:19'),(9129,'2023-03-01 09:43:12','2023-03-01 09:43:12'),(9130,'2023-03-01 09:43:41','2023-03-01 09:43:41'),(9131,'2023-03-01 09:43:41','2023-03-01 09:43:41'),(9132,'2023-03-01 09:44:34','2023-03-01 09:44:34'),(9133,'2023-03-01 09:44:35','2023-03-01 09:44:35'),(9134,'2023-03-01 09:44:36','2023-03-01 09:44:36'),(9135,'2023-03-01 09:44:36','2023-03-01 09:44:36'),(9136,'2023-03-01 09:48:23','2023-03-01 09:48:23'),(9137,'2023-03-01 09:48:24','2023-03-01 09:48:24'),(9138,'2023-03-01 09:48:25','2023-03-01 09:48:25'),(9139,'2023-03-01 09:48:26','2023-03-01 09:48:26'),(9140,'2023-03-01 09:55:04','2023-03-01 09:55:04'),(9141,'2023-03-01 09:55:04','2023-03-01 09:55:04'),(9142,'2023-03-01 09:55:05','2023-03-01 09:55:05'),(9143,'2023-03-01 09:55:06','2023-03-01 09:55:06'),(9144,'2023-03-01 10:03:33','2023-03-01 10:03:33'),(9145,'2023-03-01 10:03:34','2023-03-01 10:03:34'),(9146,'2023-03-01 10:03:35','2023-03-01 10:03:35'),(9147,'2023-03-01 10:04:05','2023-03-01 10:04:05'),(9148,'2023-03-01 10:04:06','2023-03-01 10:04:06'),(9149,'2023-03-01 10:04:07','2023-03-01 10:04:07'),(9150,'2023-03-01 10:04:07','2023-03-01 10:04:07'),(9151,'2023-03-01 10:12:42','2023-03-01 10:12:42'),(9152,'2023-03-01 10:12:43','2023-03-01 10:12:43'),(9153,'2023-03-01 10:12:44','2023-03-01 10:12:44'),(9154,'2023-03-01 10:12:44','2023-03-01 10:12:44'),(9155,'2023-03-01 10:13:53','2023-03-01 10:13:53'),(9156,'2023-03-01 10:13:54','2023-03-01 10:13:54'),(9157,'2023-03-01 10:13:55','2023-03-01 10:13:55'),(9158,'2023-03-01 10:15:34','2023-03-01 10:15:34'),(9159,'2023-03-01 10:17:48','2023-03-01 10:17:48'),(9160,'2023-03-01 10:17:48','2023-03-01 10:17:48'),(9161,'2023-03-01 10:21:09','2023-03-01 10:21:09'),(9162,'2023-03-01 10:21:10','2023-03-01 10:21:10'),(9163,'2023-03-01 10:21:10','2023-03-01 10:21:10'),(9164,'2023-03-01 10:29:45','2023-03-01 10:29:45'),(9165,'2023-03-01 10:29:46','2023-03-01 10:29:46'),(9166,'2023-03-01 10:29:47','2023-03-01 10:29:47'),(9167,'2023-03-01 10:30:18','2023-03-01 10:30:18'),(9168,'2023-03-01 10:30:19','2023-03-01 10:30:19'),(9169,'2023-03-01 10:30:19','2023-03-01 10:30:19'),(9170,'2023-03-01 10:30:20','2023-03-01 10:30:20'),(9171,'2023-03-01 10:46:40','2023-03-01 10:46:40'),(9172,'2023-03-01 10:46:41','2023-03-01 10:46:41'),(9173,'2023-03-01 10:46:41','2023-03-01 10:46:41'),(9174,'2023-03-01 10:54:42','2023-03-01 10:54:42'),(9175,'2023-03-01 10:54:42','2023-03-01 10:54:42'),(9176,'2023-03-01 10:54:43','2023-03-01 10:54:43'),(9177,'2023-03-01 10:54:57','2023-03-01 10:54:57'),(9178,'2023-03-01 10:54:57','2023-03-01 10:54:57'),(9179,'2023-03-01 10:54:58','2023-03-01 10:54:58'),(9180,'2023-03-01 10:54:59','2023-03-01 10:54:59'),(9181,'2023-03-01 10:59:47','2023-03-01 10:59:47'),(9182,'2023-03-01 10:59:47','2023-03-01 10:59:47'),(9183,'2023-03-01 10:59:48','2023-03-01 10:59:48'),(9184,'2023-03-01 10:59:49','2023-03-01 10:59:49'),(9185,'2023-03-01 11:00:25','2023-03-01 11:00:25'),(9186,'2023-03-01 11:00:25','2023-03-01 11:00:25'),(9187,'2023-03-01 11:00:26','2023-03-01 11:00:26'),(9188,'2023-03-01 11:01:24','2023-03-01 11:01:24'),(9189,'2023-03-01 11:01:25','2023-03-01 11:01:25'),(9190,'2023-03-01 11:01:25','2023-03-01 11:01:25'),(9191,'2023-03-01 11:01:26','2023-03-01 11:01:26'),(9192,'2023-03-01 11:24:17','2023-03-01 11:24:17'),(9193,'2023-03-01 11:24:18','2023-03-01 11:24:18'),(9194,'2023-03-01 11:24:18','2023-03-01 11:24:18'),(9195,'2023-03-01 11:24:19','2023-03-01 11:24:19'),(9196,'2023-03-01 11:54:18','2023-03-01 11:54:18'),(9197,'2023-03-01 11:54:18','2023-03-01 11:54:18'),(9198,'2023-03-01 11:54:19','2023-03-01 11:54:19'),(9199,'2023-03-01 11:54:20','2023-03-01 11:54:20'),(9200,'2023-03-01 12:01:00','2023-03-01 12:01:00'),(9201,'2023-03-01 12:01:00','2023-03-01 12:01:00'),(9202,'2023-03-01 12:01:01','2023-03-01 12:01:01'),(9203,'2023-03-01 12:01:02','2023-03-01 12:01:02'),(9204,'2023-03-01 12:01:04','2023-03-01 12:01:04'),(9205,'2023-03-01 12:01:04','2023-03-01 12:01:04'),(9206,'2023-03-01 12:01:05','2023-03-01 12:01:05'),(9207,'2023-03-01 12:01:06','2023-03-01 12:01:06'),(9208,'2023-03-01 12:17:49','2023-03-01 12:17:49'),(9209,'2023-03-01 12:17:49','2023-03-01 12:17:49'),(9210,'2023-03-01 12:17:50','2023-03-01 12:17:50'),(9211,'2023-03-01 12:17:51','2023-03-01 12:17:51'),(9212,'2023-03-01 12:18:40','2023-03-01 12:18:40'),(9213,'2023-03-01 12:18:41','2023-03-01 12:18:41'),(9214,'2023-03-01 12:18:41','2023-03-01 12:18:41'),(9215,'2023-03-01 12:18:42','2023-03-01 12:18:42'),(9216,'2023-03-01 12:20:36','2023-03-01 12:20:36'),(9217,'2023-03-01 12:20:36','2023-03-01 12:20:36'),(9218,'2023-03-01 12:20:37','2023-03-01 12:20:37'),(9219,'2023-03-01 12:20:38','2023-03-01 12:20:38'),(9220,'2023-03-01 12:26:37','2023-03-01 12:26:37'),(9221,'2023-03-01 12:26:38','2023-03-01 12:26:38'),(9222,'2023-03-01 12:26:39','2023-03-01 12:26:39'),(9223,'2023-03-01 12:26:39','2023-03-01 12:26:39'),(9224,'2023-03-01 12:30:39','2023-03-01 12:30:39'),(9225,'2023-03-01 12:30:39','2023-03-01 12:30:39'),(9226,'2023-03-01 12:30:59','2023-03-01 12:30:59'),(9227,'2023-03-01 12:31:00','2023-03-01 12:31:00'),(9228,'2023-03-01 12:31:01','2023-03-01 12:31:01'),(9229,'2023-03-01 12:31:01','2023-03-01 12:31:01'),(9230,'2023-03-01 12:38:32','2023-03-01 12:38:32'),(9231,'2023-03-01 12:38:32','2023-03-01 12:38:32'),(9232,'2023-03-01 12:38:33','2023-03-01 12:38:33'),(9233,'2023-03-01 12:38:34','2023-03-01 12:38:34'),(9234,'2023-03-01 12:39:00','2023-03-01 12:39:00'),(9235,'2023-03-01 12:39:01','2023-03-01 12:39:01'),(9236,'2023-03-01 12:39:02','2023-03-01 12:39:02'),(9237,'2023-03-01 12:39:02','2023-03-01 12:39:02'),(9238,'2023-03-01 12:39:41','2023-03-01 12:39:41'),(9239,'2023-03-01 12:39:42','2023-03-01 12:39:42'),(9240,'2023-03-01 12:39:42','2023-03-01 12:39:42'),(9241,'2023-03-01 12:39:43','2023-03-01 12:39:43'),(9242,'2023-03-01 12:39:59','2023-03-01 12:39:59'),(9243,'2023-03-01 12:40:00','2023-03-01 12:40:00'),(9244,'2023-03-01 12:40:00','2023-03-01 12:40:00'),(9245,'2023-03-01 12:40:01','2023-03-01 12:40:01'),(9246,'2023-03-01 12:40:47','2023-03-01 12:40:47'),(9247,'2023-03-01 12:40:48','2023-03-01 12:40:48'),(9248,'2023-03-01 12:40:48','2023-03-01 12:40:48'),(9249,'2023-03-01 12:40:49','2023-03-01 12:40:49'),(9250,'2023-03-01 12:40:54','2023-03-01 12:40:54'),(9251,'2023-03-01 12:40:54','2023-03-01 12:40:54'),(9252,'2023-03-01 12:40:55','2023-03-01 12:40:55'),(9253,'2023-03-01 12:40:55','2023-03-01 12:40:55'),(9254,'2023-03-01 12:41:04','2023-03-01 12:41:04'),(9255,'2023-03-01 12:41:05','2023-03-01 12:41:05'),(9256,'2023-03-01 12:41:05','2023-03-01 12:41:05'),(9257,'2023-03-01 12:41:06','2023-03-01 12:41:06'),(9258,'2023-03-01 12:41:18','2023-03-01 12:41:18'),(9259,'2023-03-01 12:41:19','2023-03-01 12:41:19'),(9260,'2023-03-01 12:41:19','2023-03-01 12:41:19'),(9261,'2023-03-01 12:41:20','2023-03-01 12:41:20'),(9262,'2023-03-01 12:41:39','2023-03-01 12:41:39'),(9263,'2023-03-01 12:41:39','2023-03-01 12:41:39'),(9264,'2023-03-01 12:41:40','2023-03-01 12:41:40'),(9265,'2023-03-01 12:41:41','2023-03-01 12:41:41'),(9266,'2023-03-01 12:41:48','2023-03-01 12:41:48'),(9267,'2023-03-01 12:41:49','2023-03-01 12:41:49'),(9268,'2023-03-01 12:41:50','2023-03-01 12:41:50'),(9269,'2023-03-01 12:41:50','2023-03-01 12:41:50'),(9270,'2023-03-01 12:42:28','2023-03-01 12:42:28'),(9271,'2023-03-01 12:42:29','2023-03-01 12:42:29'),(9272,'2023-03-01 12:42:29','2023-03-01 12:42:29'),(9273,'2023-03-01 12:42:30','2023-03-01 12:42:30'),(9274,'2023-03-01 12:43:05','2023-03-01 12:43:05'),(9275,'2023-03-01 12:43:06','2023-03-01 12:43:06'),(9276,'2023-03-01 12:43:06','2023-03-01 12:43:06'),(9277,'2023-03-01 12:43:07','2023-03-01 12:43:07'),(9278,'2023-03-01 12:43:42','2023-03-01 12:43:42'),(9279,'2023-03-01 12:43:43','2023-03-01 12:43:43'),(9280,'2023-03-01 12:43:44','2023-03-01 12:43:44'),(9281,'2023-03-01 12:43:44','2023-03-01 12:43:44'),(9282,'2023-03-01 12:44:32','2023-03-01 12:44:32'),(9283,'2023-03-01 12:44:32','2023-03-01 12:44:32'),(9284,'2023-03-01 12:44:33','2023-03-01 12:44:33'),(9285,'2023-03-01 12:44:34','2023-03-01 12:44:34'),(9286,'2023-03-01 12:47:03','2023-03-01 12:47:03'),(9287,'2023-03-01 12:47:03','2023-03-01 12:47:03'),(9288,'2023-03-01 12:47:04','2023-03-01 12:47:04'),(9289,'2023-03-01 12:47:04','2023-03-01 12:47:04'),(9290,'2023-03-01 12:51:32','2023-03-01 12:51:32'),(9291,'2023-03-01 12:51:33','2023-03-01 12:51:33'),(9292,'2023-03-01 12:51:34','2023-03-01 12:51:34'),(9293,'2023-03-01 12:51:34','2023-03-01 12:51:34'),(9294,'2023-03-01 12:53:53','2023-03-01 12:53:53'),(9295,'2023-03-01 12:53:53','2023-03-01 12:53:53'),(9296,'2023-03-01 12:53:54','2023-03-01 12:53:54'),(9297,'2023-03-01 12:53:55','2023-03-01 12:53:55'),(9298,'2023-03-01 12:54:10','2023-03-01 12:54:10'),(9299,'2023-03-01 12:54:10','2023-03-01 12:54:10'),(9300,'2023-03-01 12:54:11','2023-03-01 12:54:11'),(9301,'2023-03-01 12:54:12','2023-03-01 12:54:12'),(9302,'2023-03-01 12:55:09','2023-03-01 12:55:09'),(9303,'2023-03-01 12:55:09','2023-03-01 12:55:09'),(9304,'2023-03-01 12:55:10','2023-03-01 12:55:10'),(9305,'2023-03-01 12:55:11','2023-03-01 12:55:11'),(9306,'2023-03-01 12:55:27','2023-03-01 12:55:27'),(9307,'2023-03-01 12:55:27','2023-03-01 12:55:27'),(9308,'2023-03-01 12:55:28','2023-03-01 12:55:28'),(9309,'2023-03-01 12:55:29','2023-03-01 12:55:29'),(9310,'2023-03-01 13:06:00','2023-03-01 13:06:00'),(9311,'2023-03-01 13:06:01','2023-03-01 13:06:01'),(9312,'2023-03-01 13:06:02','2023-03-01 13:06:02'),(9313,'2023-03-01 13:06:02','2023-03-01 13:06:02'),(9314,'2023-03-01 13:08:50','2023-03-01 13:08:50'),(9315,'2023-03-01 13:08:51','2023-03-01 13:08:51'),(9316,'2023-03-01 13:08:52','2023-03-01 13:08:52'),(9317,'2023-03-01 13:08:52','2023-03-01 13:08:52'),(9318,'2023-03-01 13:28:34','2023-03-01 13:28:34'),(9319,'2023-03-01 13:28:35','2023-03-01 13:28:35'),(9320,'2023-03-01 13:28:35','2023-03-01 13:28:35'),(9321,'2023-03-01 13:28:36','2023-03-01 13:28:36'),(9322,'2023-03-01 13:32:14','2023-03-01 13:32:14'),(9323,'2023-03-01 13:32:14','2023-03-01 13:32:14'),(9324,'2023-03-01 13:32:27','2023-03-01 13:32:27'),(9325,'2023-03-01 13:32:28','2023-03-01 13:32:28'),(9326,'2023-03-01 13:32:28','2023-03-01 13:32:28'),(9327,'2023-03-01 13:32:29','2023-03-01 13:32:29'),(9328,'2023-03-01 13:32:38','2023-03-01 13:32:38'),(9329,'2023-03-01 13:32:38','2023-03-01 13:32:38'),(9330,'2023-03-01 13:32:39','2023-03-01 13:32:39'),(9331,'2023-03-01 13:32:40','2023-03-01 13:32:40'),(9332,'2023-03-01 13:37:44','2023-03-01 13:37:44'),(9333,'2023-03-01 13:37:44','2023-03-01 13:37:44'),(9334,'2023-03-01 13:37:45','2023-03-01 13:37:45'),(9335,'2023-03-01 13:37:46','2023-03-01 13:37:46'),(9336,'2023-03-01 13:39:30','2023-03-01 13:39:30'),(9337,'2023-03-01 13:39:30','2023-03-01 13:39:30'),(9338,'2023-03-01 13:39:31','2023-03-01 13:39:31'),(9339,'2023-03-01 13:39:32','2023-03-01 13:39:32'),(9340,'2023-03-01 15:01:42','2023-03-01 15:01:42'),(9341,'2023-03-01 15:01:43','2023-03-01 15:01:43'),(9342,'2023-03-01 15:01:44','2023-03-01 15:01:44'),(9343,'2023-03-01 15:01:44','2023-03-01 15:01:44'),(9344,'2023-03-01 15:02:31','2023-03-01 15:02:31'),(9345,'2023-03-01 15:02:32','2023-03-01 15:02:32'),(9346,'2023-03-01 15:02:33','2023-03-01 15:02:33'),(9347,'2023-03-01 15:02:33','2023-03-01 15:02:33'),(9348,'2023-03-01 15:13:26','2023-03-01 15:13:26'),(9349,'2023-03-01 15:13:27','2023-03-01 15:13:27'),(9350,'2023-03-01 15:13:28','2023-03-01 15:13:28'),(9351,'2023-03-01 15:13:28','2023-03-01 15:13:28'),(9352,'2023-03-01 15:14:16','2023-03-01 15:14:16'),(9353,'2023-03-01 15:14:16','2023-03-01 15:14:16'),(9354,'2023-03-01 15:14:17','2023-03-01 15:14:17'),(9355,'2023-03-01 15:14:18','2023-03-01 15:14:18'),(9356,'2023-03-01 15:16:01','2023-03-01 15:16:01'),(9357,'2023-03-01 15:16:02','2023-03-01 15:16:02'),(9358,'2023-03-01 15:16:03','2023-03-01 15:16:03'),(9359,'2023-03-01 15:16:04','2023-03-01 15:16:04'),(9360,'2023-03-01 16:07:15','2023-03-01 16:07:15'),(9361,'2023-03-01 16:07:15','2023-03-01 16:07:15'),(9362,'2023-03-01 16:07:16','2023-03-01 16:07:16'),(9363,'2023-03-01 16:07:17','2023-03-01 16:07:17'),(9364,'2023-03-01 16:43:13','2023-03-01 16:43:13'),(9365,'2023-03-01 16:43:14','2023-03-01 16:43:14'),(9366,'2023-03-01 16:43:15','2023-03-01 16:43:15'),(9367,'2023-03-01 16:43:15','2023-03-01 16:43:15'),(9368,'2023-03-01 16:43:34','2023-03-01 16:43:34'),(9369,'2023-03-01 16:43:35','2023-03-01 16:43:35'),(9370,'2023-03-01 16:43:36','2023-03-01 16:43:36'),(9371,'2023-03-01 16:43:36','2023-03-01 16:43:36'),(9372,'2023-03-01 16:44:00','2023-03-01 16:44:00'),(9373,'2023-03-01 16:44:01','2023-03-01 16:44:01'),(9374,'2023-03-01 16:44:01','2023-03-01 16:44:01'),(9375,'2023-03-01 16:44:02','2023-03-01 16:44:02'),(9376,'2023-03-01 16:44:11','2023-03-01 16:44:11'),(9377,'2023-03-01 16:44:12','2023-03-01 16:44:12'),(9378,'2023-03-01 16:44:13','2023-03-01 16:44:13'),(9379,'2023-03-01 16:44:13','2023-03-01 16:44:13'),(9380,'2023-03-01 16:45:19','2023-03-01 16:45:19'),(9381,'2023-03-01 16:45:20','2023-03-01 16:45:20'),(9382,'2023-03-01 16:45:20','2023-03-01 16:45:20'),(9383,'2023-03-01 16:45:21','2023-03-01 16:45:21'),(9384,'2023-03-01 16:45:32','2023-03-01 16:45:32'),(9385,'2023-03-01 16:45:32','2023-03-01 16:45:32'),(9386,'2023-03-01 16:45:33','2023-03-01 16:45:33'),(9387,'2023-03-01 16:45:34','2023-03-01 16:45:34'),(9388,'2023-03-01 16:47:40','2023-03-01 16:47:40'),(9389,'2023-03-01 16:47:41','2023-03-01 16:47:41'),(9390,'2023-03-01 16:47:42','2023-03-01 16:47:42'),(9391,'2023-03-01 16:47:42','2023-03-01 16:47:42'),(9392,'2023-03-01 18:19:22','2023-03-01 18:19:22'),(9393,'2023-03-01 18:19:23','2023-03-01 18:19:23'),(9394,'2023-03-01 18:19:24','2023-03-01 18:19:24'),(9395,'2023-03-01 18:19:24','2023-03-01 18:19:24'),(9396,'2023-03-01 18:30:08','2023-03-01 18:30:08'),(9397,'2023-03-01 18:30:08','2023-03-01 18:30:08'),(9398,'2023-03-01 18:30:09','2023-03-01 18:30:09'),(9399,'2023-03-01 18:30:10','2023-03-01 18:30:10'),(9400,'2023-03-01 18:30:40','2023-03-01 18:30:40'),(9401,'2023-03-01 18:30:41','2023-03-01 18:30:41'),(9402,'2023-03-01 18:30:41','2023-03-01 18:30:41'),(9403,'2023-03-01 18:30:42','2023-03-01 18:30:42'),(9404,'2023-03-01 19:20:36','2023-03-01 19:20:36'),(9405,'2023-03-01 19:20:36','2023-03-01 19:20:36'),(9406,'2023-03-01 19:20:37','2023-03-01 19:20:37'),(9407,'2023-03-01 19:20:37','2023-03-01 19:20:37'),(9408,'2023-03-01 19:30:34','2023-03-01 19:30:34'),(9409,'2023-03-01 19:30:35','2023-03-01 19:30:35'),(9410,'2023-03-01 19:30:35','2023-03-01 19:30:35'),(9411,'2023-03-01 19:30:36','2023-03-01 19:30:36'),(9412,'2023-03-01 19:31:07','2023-03-01 19:31:07'),(9413,'2023-03-01 19:31:08','2023-03-01 19:31:08'),(9414,'2023-03-01 19:31:09','2023-03-01 19:31:09'),(9415,'2023-03-01 19:31:09','2023-03-01 19:31:09'),(9416,'2023-03-01 19:44:32','2023-03-01 19:44:32'),(9417,'2023-03-01 19:44:33','2023-03-01 19:44:33'),(9418,'2023-03-01 19:44:34','2023-03-01 19:44:34'),(9419,'2023-03-01 19:44:34','2023-03-01 19:44:34'),(9420,'2023-03-01 19:44:50','2023-03-01 19:44:50'),(9421,'2023-03-01 19:44:50','2023-03-01 19:44:50'),(9422,'2023-03-01 19:44:51','2023-03-01 19:44:51'),(9423,'2023-03-01 19:44:51','2023-03-01 19:44:51'),(9424,'2023-03-01 19:48:08','2023-03-01 19:48:08'),(9425,'2023-03-01 19:48:09','2023-03-01 19:48:09'),(9426,'2023-03-01 19:48:10','2023-03-01 19:48:10'),(9427,'2023-03-01 19:48:10','2023-03-01 19:48:10'),(9428,'2023-03-01 19:48:15','2023-03-01 19:48:15'),(9429,'2023-03-01 19:48:15','2023-03-01 19:48:15'),(9430,'2023-03-01 19:48:16','2023-03-01 19:48:16'),(9431,'2023-03-01 19:48:17','2023-03-01 19:48:17'),(9432,'2023-03-01 19:48:30','2023-03-01 19:48:30'),(9433,'2023-03-01 19:48:31','2023-03-01 19:48:31'),(9434,'2023-03-01 19:48:32','2023-03-01 19:48:32'),(9435,'2023-03-01 19:48:32','2023-03-01 19:48:32'),(9436,'2023-03-01 19:48:33','2023-03-01 19:48:33'),(9437,'2023-03-01 19:48:34','2023-03-01 19:48:34'),(9438,'2023-03-01 19:48:34','2023-03-01 19:48:34'),(9439,'2023-03-01 19:48:35','2023-03-01 19:48:35'),(9440,'2023-03-01 20:42:34','2023-03-01 20:42:34'),(9441,'2023-03-01 20:42:35','2023-03-01 20:42:35'),(9442,'2023-03-01 20:42:35','2023-03-01 20:42:35'),(9443,'2023-03-01 20:42:36','2023-03-01 20:42:36'),(9444,'2023-03-01 23:38:32','2023-03-01 23:38:32'),(9445,'2023-03-01 23:38:33','2023-03-01 23:38:33'),(9446,'2023-03-01 23:38:34','2023-03-01 23:38:34'),(9447,'2023-03-01 23:38:34','2023-03-01 23:38:34'),(9448,'2023-03-01 23:39:31','2023-03-01 23:39:31'),(9449,'2023-03-01 23:39:32','2023-03-01 23:39:32'),(9450,'2023-03-01 23:39:32','2023-03-01 23:39:32'),(9451,'2023-03-01 23:39:33','2023-03-01 23:39:33'),(9452,'2023-03-01 23:42:29','2023-03-01 23:42:29'),(9453,'2023-03-01 23:42:30','2023-03-01 23:42:30'),(9454,'2023-03-01 23:42:30','2023-03-01 23:42:30'),(9455,'2023-03-01 23:42:31','2023-03-01 23:42:31'),(9456,'2023-03-01 23:43:31','2023-03-01 23:43:31'),(9457,'2023-03-01 23:43:32','2023-03-01 23:43:32'),(9458,'2023-03-01 23:43:32','2023-03-01 23:43:32'),(9459,'2023-03-01 23:43:33','2023-03-01 23:43:33'),(9460,'2023-03-01 23:44:15','2023-03-01 23:44:15'),(9461,'2023-03-01 23:44:15','2023-03-01 23:44:15'),(9462,'2023-03-01 23:44:16','2023-03-01 23:44:16'),(9463,'2023-03-01 23:44:16','2023-03-01 23:44:16'),(9464,'2023-03-01 23:44:22','2023-03-01 23:44:22'),(9465,'2023-03-01 23:44:23','2023-03-01 23:44:23'),(9466,'2023-03-01 23:44:24','2023-03-01 23:44:24'),(9467,'2023-03-01 23:44:24','2023-03-01 23:44:24'),(9468,'2023-03-01 23:45:03','2023-03-01 23:45:03'),(9469,'2023-03-01 23:45:04','2023-03-01 23:45:04'),(9470,'2023-03-01 23:45:04','2023-03-01 23:45:04'),(9471,'2023-03-01 23:45:05','2023-03-01 23:45:05'),(9472,'2023-03-01 23:46:38','2023-03-01 23:46:38'),(9473,'2023-03-01 23:46:38','2023-03-01 23:46:38'),(9474,'2023-03-01 23:46:39','2023-03-01 23:46:39'),(9475,'2023-03-01 23:46:40','2023-03-01 23:46:40'),(9476,'2023-03-01 23:47:09','2023-03-01 23:47:09'),(9477,'2023-03-01 23:47:09','2023-03-01 23:47:09'),(9478,'2023-03-01 23:47:10','2023-03-01 23:47:10'),(9479,'2023-03-01 23:47:11','2023-03-01 23:47:11'),(9480,'2023-03-01 23:47:34','2023-03-01 23:47:34'),(9481,'2023-03-01 23:47:35','2023-03-01 23:47:35'),(9482,'2023-03-01 23:47:35','2023-03-01 23:47:35'),(9483,'2023-03-01 23:47:36','2023-03-01 23:47:36'),(9484,'2023-03-01 23:47:48','2023-03-01 23:47:48'),(9485,'2023-03-01 23:47:49','2023-03-01 23:47:49'),(9486,'2023-03-01 23:47:49','2023-03-01 23:47:49'),(9487,'2023-03-01 23:47:50','2023-03-01 23:47:50'),(9488,'2023-03-01 23:48:00','2023-03-01 23:48:00'),(9489,'2023-03-01 23:48:01','2023-03-01 23:48:01'),(9490,'2023-03-01 23:48:01','2023-03-01 23:48:01'),(9491,'2023-03-01 23:48:02','2023-03-01 23:48:02'),(9492,'2023-03-01 23:49:44','2023-03-01 23:49:44'),(9493,'2023-03-01 23:49:45','2023-03-01 23:49:45'),(9494,'2023-03-01 23:49:46','2023-03-01 23:49:46'),(9495,'2023-03-01 23:50:17','2023-03-01 23:50:17'),(9496,'2023-03-01 23:50:18','2023-03-01 23:50:18'),(9497,'2023-03-01 23:50:18','2023-03-01 23:50:18'),(9498,'2023-03-01 23:50:19','2023-03-01 23:50:19'),(9499,'2023-03-01 23:50:28','2023-03-01 23:50:28'),(9500,'2023-03-01 23:50:29','2023-03-01 23:50:29'),(9501,'2023-03-01 23:50:29','2023-03-01 23:50:29'),(9502,'2023-03-01 23:50:30','2023-03-01 23:50:30'),(9503,'2023-03-01 23:52:13','2023-03-01 23:52:13'),(9504,'2023-03-01 23:52:13','2023-03-01 23:52:13'),(9505,'2023-03-01 23:54:03','2023-03-01 23:54:03'),(9506,'2023-03-01 23:54:04','2023-03-01 23:54:04'),(9507,'2023-03-01 23:54:05','2023-03-01 23:54:05'),(9508,'2023-03-01 23:54:05','2023-03-01 23:54:05'),(9509,'2023-03-01 23:55:18','2023-03-01 23:55:18'),(9510,'2023-03-01 23:55:50','2023-03-01 23:55:50'),(9511,'2023-03-01 23:55:53','2023-03-01 23:55:53'),(9512,'2023-03-01 23:55:54','2023-03-01 23:55:54'),(9513,'2023-03-01 23:55:54','2023-03-01 23:55:54'),(9514,'2023-03-01 23:55:55','2023-03-01 23:55:55'),(9515,'2023-03-01 23:56:15','2023-03-01 23:56:15'),(9516,'2023-03-01 23:56:16','2023-03-01 23:56:16'),(9517,'2023-03-01 23:56:47','2023-03-01 23:56:47'),(9518,'2023-03-01 23:56:48','2023-03-01 23:56:48'),(9519,'2023-03-01 23:56:49','2023-03-01 23:56:49'),(9520,'2023-03-01 23:56:50','2023-03-01 23:56:50'),(9521,'2023-03-01 23:57:20','2023-03-01 23:57:20'),(9522,'2023-03-01 23:57:21','2023-03-01 23:57:21'),(9523,'2023-03-01 23:57:21','2023-03-01 23:57:21'),(9524,'2023-03-01 23:57:22','2023-03-01 23:57:22'),(9525,'2023-03-02 00:28:15','2023-03-02 00:28:15'),(9526,'2023-03-02 00:28:16','2023-03-02 00:28:16'),(9527,'2023-03-02 00:28:17','2023-03-02 00:28:17'),(9528,'2023-03-02 00:28:17','2023-03-02 00:28:17'),(9529,'2023-03-02 00:28:34','2023-03-02 00:28:34'),(9530,'2023-03-02 00:28:35','2023-03-02 00:28:35'),(9531,'2023-03-02 00:28:36','2023-03-02 00:28:36'),(9532,'2023-03-02 00:28:36','2023-03-02 00:28:36'),(9533,'2023-03-02 00:42:37','2023-03-02 00:42:37'),(9534,'2023-03-02 00:42:37','2023-03-02 00:42:37'),(9535,'2023-03-02 00:42:38','2023-03-02 00:42:38'),(9536,'2023-03-02 00:42:39','2023-03-02 00:42:39'),(9537,'2023-03-02 07:16:22','2023-03-02 07:16:22'),(9538,'2023-03-02 07:16:22','2023-03-02 07:16:22'),(9539,'2023-03-02 07:16:24','2023-03-02 07:16:24'),(9540,'2023-03-02 07:16:24','2023-03-02 07:16:24'),(9541,'2023-03-02 07:16:34','2023-03-02 07:16:34'),(9542,'2023-03-02 07:16:35','2023-03-02 07:16:35'),(9543,'2023-03-02 07:16:35','2023-03-02 07:16:35'),(9544,'2023-03-02 07:16:36','2023-03-02 07:16:36'),(9545,'2023-03-02 07:16:36','2023-03-02 07:16:36'),(9546,'2023-03-02 07:16:37','2023-03-02 07:16:37'),(9547,'2023-03-02 07:16:37','2023-03-02 07:16:37'),(9548,'2023-03-02 07:16:39','2023-03-02 07:16:39'),(9549,'2023-03-02 07:17:45','2023-03-02 07:17:45'),(9550,'2023-03-02 07:17:47','2023-03-02 07:17:47'),(9551,'2023-03-02 07:17:47','2023-03-02 07:17:47'),(9552,'2023-03-02 07:17:48','2023-03-02 07:17:48'),(9553,'2023-03-02 07:17:51','2023-03-02 07:17:51'),(9554,'2023-03-02 07:17:52','2023-03-02 07:17:52'),(9555,'2023-03-02 07:17:53','2023-03-02 07:17:53'),(9556,'2023-03-02 07:17:53','2023-03-02 07:17:53'),(9557,'2023-03-02 07:17:57','2023-03-02 07:17:57'),(9558,'2023-03-02 07:17:58','2023-03-02 07:17:58'),(9559,'2023-03-02 07:17:59','2023-03-02 07:17:59'),(9560,'2023-03-02 07:17:59','2023-03-02 07:17:59'),(9561,'2023-03-02 07:18:36','2023-03-02 07:18:36'),(9562,'2023-03-02 07:18:36','2023-03-02 07:18:36'),(9563,'2023-03-02 07:18:37','2023-03-02 07:18:37'),(9564,'2023-03-02 07:18:38','2023-03-02 07:18:38'),(9565,'2023-03-02 07:18:41','2023-03-02 07:18:41'),(9566,'2023-03-02 07:18:41','2023-03-02 07:18:41'),(9567,'2023-03-02 07:18:42','2023-03-02 07:18:42'),(9568,'2023-03-02 07:18:43','2023-03-02 07:18:43'),(9569,'2023-03-02 07:18:58','2023-03-02 07:18:58'),(9570,'2023-03-02 07:18:58','2023-03-02 07:18:58'),(9571,'2023-03-02 07:18:59','2023-03-02 07:18:59'),(9572,'2023-03-02 07:19:00','2023-03-02 07:19:00'),(9573,'2023-03-02 07:19:22','2023-03-02 07:19:22'),(9574,'2023-03-02 07:19:23','2023-03-02 07:19:23'),(9575,'2023-03-02 07:19:23','2023-03-02 07:19:23'),(9576,'2023-03-02 07:19:24','2023-03-02 07:19:24'),(9577,'2023-03-02 08:29:19','2023-03-02 08:29:19'),(9578,'2023-03-02 08:29:20','2023-03-02 08:29:20'),(9579,'2023-03-02 08:29:21','2023-03-02 08:29:21'),(9580,'2023-03-02 08:29:21','2023-03-02 08:29:21'),(9581,'2023-03-02 08:56:11','2023-03-02 08:56:11'),(9582,'2023-03-02 08:56:12','2023-03-02 08:56:12'),(9583,'2023-03-02 08:56:13','2023-03-02 08:56:13'),(9584,'2023-03-02 08:56:14','2023-03-02 08:56:14'),(9585,'2023-03-02 09:30:13','2023-03-02 09:30:13'),(9586,'2023-03-02 09:32:38','2023-03-02 09:32:38'),(9587,'2023-03-02 09:32:38','2023-03-02 09:32:38'),(9588,'2023-03-02 09:32:39','2023-03-02 09:32:39'),(9589,'2023-03-02 09:32:40','2023-03-02 09:32:40'),(9590,'2023-03-02 09:33:21','2023-03-02 09:33:21'),(9591,'2023-03-02 09:33:21','2023-03-02 09:33:21'),(9592,'2023-03-02 09:34:47','2023-03-02 09:34:47'),(9593,'2023-03-02 09:34:48','2023-03-02 09:34:48'),(9594,'2023-03-02 09:34:49','2023-03-02 09:34:49'),(9595,'2023-03-02 09:34:49','2023-03-02 09:34:49'),(9596,'2023-03-02 09:45:47','2023-03-02 09:45:47'),(9597,'2023-03-02 09:45:47','2023-03-02 09:45:47'),(9598,'2023-03-02 09:45:48','2023-03-02 09:45:48'),(9599,'2023-03-02 09:45:49','2023-03-02 09:45:49'),(9600,'2023-03-02 11:44:57','2023-03-02 11:44:57'),(9601,'2023-03-02 11:44:58','2023-03-02 11:44:58'),(9602,'2023-03-02 11:44:59','2023-03-02 11:44:59'),(9603,'2023-03-02 11:45:00','2023-03-02 11:45:00'),(9604,'2023-03-02 12:12:45','2023-03-02 12:12:45'),(9605,'2023-03-02 12:12:46','2023-03-02 12:12:46'),(9606,'2023-03-02 12:12:46','2023-03-02 12:12:46'),(9607,'2023-03-02 12:12:47','2023-03-02 12:12:47'),(9608,'2023-03-02 12:15:10','2023-03-02 12:15:10'),(9609,'2023-03-02 12:15:10','2023-03-02 12:15:10'),(9610,'2023-03-02 12:15:11','2023-03-02 12:15:11'),(9611,'2023-03-02 12:15:11','2023-03-02 12:15:11'),(9612,'2023-03-02 15:11:17','2023-03-02 15:11:17'),(9613,'2023-03-02 15:11:18','2023-03-02 15:11:18'),(9614,'2023-03-02 15:11:18','2023-03-02 15:11:18'),(9615,'2023-03-02 15:11:19','2023-03-02 15:11:19'),(9616,'2023-03-02 15:21:11','2023-03-02 15:21:11'),(9617,'2023-03-02 15:21:11','2023-03-02 15:21:11'),(9618,'2023-03-02 15:25:53','2023-03-02 15:25:53'),(9619,'2023-03-02 15:25:54','2023-03-02 15:25:54'),(9620,'2023-03-02 15:35:23','2023-03-02 15:35:23'),(9621,'2023-03-02 15:35:23','2023-03-02 15:35:23'),(9622,'2023-03-02 15:35:24','2023-03-02 15:35:24'),(9623,'2023-03-02 15:35:25','2023-03-02 15:35:25'),(9624,'2023-03-02 15:36:20','2023-03-02 15:36:20'),(9625,'2023-03-02 15:36:21','2023-03-02 15:36:21'),(9626,'2023-03-02 15:36:22','2023-03-02 15:36:22'),(9627,'2023-03-02 15:36:47','2023-03-02 15:36:47'),(9628,'2023-03-02 15:36:47','2023-03-02 15:36:47'),(9629,'2023-03-02 15:36:48','2023-03-02 15:36:48'),(9630,'2023-03-02 15:36:49','2023-03-02 15:36:49'),(9631,'2023-03-02 15:41:20','2023-03-02 15:41:20'),(9632,'2023-03-02 15:41:20','2023-03-02 15:41:20'),(9633,'2023-03-02 15:41:21','2023-03-02 15:41:21'),(9634,'2023-03-02 15:41:21','2023-03-02 15:41:21'),(9635,'2023-03-02 15:43:01','2023-03-02 15:43:01'),(9636,'2023-03-02 15:43:01','2023-03-02 15:43:01'),(9637,'2023-03-02 15:43:02','2023-03-02 15:43:02'),(9638,'2023-03-02 15:43:20','2023-03-02 15:43:20'),(9639,'2023-03-02 15:43:21','2023-03-02 15:43:21'),(9640,'2023-03-02 15:43:21','2023-03-02 15:43:21'),(9641,'2023-03-02 15:43:22','2023-03-02 15:43:22'),(9642,'2023-03-02 15:43:47','2023-03-02 15:43:47'),(9643,'2023-03-02 15:43:47','2023-03-02 15:43:47'),(9644,'2023-03-02 15:43:48','2023-03-02 15:43:48'),(9645,'2023-03-02 15:43:48','2023-03-02 15:43:48'),(9646,'2023-03-02 15:43:52','2023-03-02 15:43:52'),(9647,'2023-03-02 15:43:53','2023-03-02 15:43:53'),(9648,'2023-03-02 15:43:53','2023-03-02 15:43:53'),(9649,'2023-03-02 15:43:54','2023-03-02 15:43:54'),(9650,'2023-03-02 16:07:19','2023-03-02 16:07:19'),(9651,'2023-03-02 16:07:20','2023-03-02 16:07:20'),(9652,'2023-03-02 16:07:53','2023-03-02 16:07:53'),(9653,'2023-03-02 16:07:54','2023-03-02 16:07:54'),(9654,'2023-03-02 16:07:55','2023-03-02 16:07:55'),(9655,'2023-03-02 16:07:55','2023-03-02 16:07:55'),(9656,'2023-03-02 19:31:53','2023-03-02 19:31:53'),(9657,'2023-03-02 19:31:54','2023-03-02 19:31:54'),(9658,'2023-03-02 19:31:55','2023-03-02 19:31:55'),(9659,'2023-03-02 19:31:55','2023-03-02 19:31:55'),(9660,'2023-03-02 19:33:32','2023-03-02 19:33:32'),(9661,'2023-03-02 19:33:33','2023-03-02 19:33:33'),(9662,'2023-03-02 19:33:34','2023-03-02 19:33:34'),(9663,'2023-03-02 19:33:34','2023-03-02 19:33:34'),(9664,'2023-03-02 19:40:26','2023-03-02 19:40:26'),(9665,'2023-03-02 19:40:26','2023-03-02 19:40:26'),(9666,'2023-03-02 19:40:27','2023-03-02 19:40:27'),(9667,'2023-03-02 19:40:28','2023-03-02 19:40:28'),(9668,'2023-03-02 19:45:52','2023-03-02 19:45:52'),(9669,'2023-03-02 19:45:53','2023-03-02 19:45:53'),(9670,'2023-03-02 19:45:54','2023-03-02 19:45:54'),(9671,'2023-03-02 19:45:54','2023-03-02 19:45:54'),(9672,'2023-03-02 19:46:20','2023-03-02 19:46:20'),(9673,'2023-03-02 19:46:20','2023-03-02 19:46:20'),(9674,'2023-03-02 19:46:21','2023-03-02 19:46:21'),(9675,'2023-03-02 19:46:22','2023-03-02 19:46:22'),(9676,'2023-03-02 19:46:32','2023-03-02 19:46:32'),(9677,'2023-03-02 19:46:33','2023-03-02 19:46:33'),(9678,'2023-03-02 19:46:33','2023-03-02 19:46:33'),(9679,'2023-03-02 19:46:34','2023-03-02 19:46:34'),(9680,'2023-03-02 19:47:03','2023-03-02 19:47:03'),(9681,'2023-03-02 19:47:03','2023-03-02 19:47:03'),(9682,'2023-03-02 19:47:04','2023-03-02 19:47:04'),(9683,'2023-03-02 19:47:05','2023-03-02 19:47:05'),(9684,'2023-03-03 09:53:53','2023-03-03 09:53:53'),(9685,'2023-03-03 09:53:54','2023-03-03 09:53:54'),(9686,'2023-03-03 09:53:55','2023-03-03 09:53:55'),(9687,'2023-03-03 09:53:55','2023-03-03 09:53:55'),(9688,'2023-03-03 09:54:07','2023-03-03 09:54:07'),(9689,'2023-03-03 09:54:07','2023-03-03 09:54:07'),(9690,'2023-03-03 09:54:08','2023-03-03 09:54:08'),(9691,'2023-03-03 09:54:09','2023-03-03 09:54:09'),(9692,'2023-03-03 09:54:25','2023-03-03 09:54:25'),(9693,'2023-03-03 09:54:26','2023-03-03 09:54:26'),(9694,'2023-03-03 09:54:27','2023-03-03 09:54:27'),(9695,'2023-03-03 09:54:27','2023-03-03 09:54:27'),(9696,'2023-03-03 09:54:54','2023-03-03 09:54:54'),(9697,'2023-03-03 09:54:54','2023-03-03 09:54:54'),(9698,'2023-03-03 09:54:55','2023-03-03 09:54:55'),(9699,'2023-03-03 09:54:56','2023-03-03 09:54:56'),(9700,'2023-03-03 09:55:27','2023-03-03 09:55:27'),(9701,'2023-03-03 09:55:28','2023-03-03 09:55:28'),(9702,'2023-03-03 09:55:29','2023-03-03 09:55:29'),(9703,'2023-03-03 09:55:29','2023-03-03 09:55:29'),(9704,'2023-03-03 09:55:39','2023-03-03 09:55:39'),(9705,'2023-03-03 09:55:39','2023-03-03 09:55:39'),(9706,'2023-03-03 09:55:40','2023-03-03 09:55:40'),(9707,'2023-03-03 09:55:41','2023-03-03 09:55:41'),(9708,'2023-03-03 10:12:41','2023-03-03 10:12:41'),(9709,'2023-03-03 10:12:42','2023-03-03 10:12:42'),(9710,'2023-03-03 10:12:42','2023-03-03 10:12:42'),(9711,'2023-03-03 10:12:43','2023-03-03 10:12:43'),(9712,'2023-03-03 10:13:04','2023-03-03 10:13:04'),(9713,'2023-03-03 10:13:05','2023-03-03 10:13:05'),(9714,'2023-03-03 10:13:06','2023-03-03 10:13:06'),(9715,'2023-03-03 10:13:06','2023-03-03 10:13:06'),(9716,'2023-03-03 10:25:59','2023-03-03 10:25:59'),(9717,'2023-03-03 10:25:59','2023-03-03 10:25:59'),(9718,'2023-03-03 10:26:00','2023-03-03 10:26:00'),(9719,'2023-03-03 10:26:01','2023-03-03 10:26:01'),(9720,'2023-03-03 12:33:37','2023-03-03 12:33:37'),(9721,'2023-03-03 12:33:38','2023-03-03 12:33:38'),(9722,'2023-03-03 12:33:38','2023-03-03 12:33:38'),(9723,'2023-03-03 12:33:39','2023-03-03 12:33:39'),(9724,'2023-03-03 12:34:43','2023-03-03 12:34:43'),(9725,'2023-03-03 12:36:19','2023-03-03 12:36:19'),(9726,'2023-03-03 12:36:20','2023-03-03 12:36:20'),(9727,'2023-03-03 12:36:21','2023-03-03 12:36:21'),(9728,'2023-03-03 12:36:21','2023-03-03 12:36:21'),(9729,'2023-03-03 12:36:35','2023-03-03 12:36:35'),(9730,'2023-03-03 12:36:35','2023-03-03 12:36:35'),(9731,'2023-03-03 12:36:36','2023-03-03 12:36:36'),(9732,'2023-03-03 12:36:36','2023-03-03 12:36:36'),(9733,'2023-03-03 12:37:25','2023-03-03 12:37:25'),(9734,'2023-03-03 12:37:26','2023-03-03 12:37:26'),(9735,'2023-03-03 12:37:26','2023-03-03 12:37:26'),(9736,'2023-03-03 12:37:27','2023-03-03 12:37:27'),(9737,'2023-03-03 12:37:33','2023-03-03 12:37:33'),(9738,'2023-03-03 12:37:33','2023-03-03 12:37:33'),(9739,'2023-03-03 12:38:02','2023-03-03 12:38:02'),(9740,'2023-03-03 12:38:03','2023-03-03 12:38:03'),(9741,'2023-03-03 12:38:03','2023-03-03 12:38:03'),(9742,'2023-03-03 12:38:04','2023-03-03 12:38:04'),(9743,'2023-03-03 12:38:47','2023-03-03 12:38:47'),(9744,'2023-03-03 12:38:47','2023-03-03 12:38:47'),(9745,'2023-03-03 12:39:02','2023-03-03 12:39:02'),(9746,'2023-03-03 12:39:02','2023-03-03 12:39:02'),(9747,'2023-03-03 12:39:03','2023-03-03 12:39:03'),(9748,'2023-03-03 12:39:04','2023-03-03 12:39:04'),(9749,'2023-03-03 12:40:06','2023-03-03 12:40:06'),(9750,'2023-03-03 12:40:07','2023-03-03 12:40:07'),(9751,'2023-03-03 12:40:08','2023-03-03 12:40:08'),(9752,'2023-03-03 12:40:08','2023-03-03 12:40:08'),(9753,'2023-03-03 12:40:43','2023-03-03 12:40:43'),(9754,'2023-03-03 12:40:44','2023-03-03 12:40:44'),(9755,'2023-03-03 12:40:45','2023-03-03 12:40:45'),(9756,'2023-03-03 12:40:45','2023-03-03 12:40:45'),(9757,'2023-03-03 12:41:17','2023-03-03 12:41:17'),(9758,'2023-03-03 12:41:18','2023-03-03 12:41:18'),(9759,'2023-03-03 12:41:18','2023-03-03 12:41:18'),(9760,'2023-03-03 12:41:19','2023-03-03 12:41:19'),(9761,'2023-03-03 12:43:25','2023-03-03 12:43:25'),(9762,'2023-03-03 12:43:26','2023-03-03 12:43:26'),(9763,'2023-03-03 12:43:26','2023-03-03 12:43:26'),(9764,'2023-03-03 12:43:27','2023-03-03 12:43:27'),(9765,'2023-03-03 12:44:07','2023-03-03 12:44:07'),(9766,'2023-03-03 12:44:07','2023-03-03 12:44:07'),(9767,'2023-03-03 12:44:08','2023-03-03 12:44:08'),(9768,'2023-03-03 12:44:09','2023-03-03 12:44:09'),(9769,'2023-03-03 12:44:21','2023-03-03 12:44:21'),(9770,'2023-03-03 12:44:21','2023-03-03 12:44:21'),(9771,'2023-03-03 12:44:22','2023-03-03 12:44:22'),(9772,'2023-03-03 12:44:23','2023-03-03 12:44:23'),(9773,'2023-03-03 13:20:12','2023-03-03 13:20:12'),(9774,'2023-03-03 13:20:33','2023-03-03 13:20:33'),(9775,'2023-03-03 13:20:34','2023-03-03 13:20:34'),(9776,'2023-03-03 13:20:35','2023-03-03 13:20:35'),(9777,'2023-03-03 13:20:35','2023-03-03 13:20:35'),(9778,'2023-03-03 13:22:32','2023-03-03 13:22:32'),(9779,'2023-03-03 13:22:32','2023-03-03 13:22:32'),(9780,'2023-03-03 13:25:16','2023-03-03 13:25:16'),(9781,'2023-03-03 13:26:08','2023-03-03 13:26:08'),(9782,'2023-03-03 13:26:08','2023-03-03 13:26:08'),(9783,'2023-03-03 13:27:01','2023-03-03 13:27:01'),(9784,'2023-03-03 13:27:35','2023-03-03 13:27:35'),(9785,'2023-03-03 13:27:35','2023-03-03 13:27:35'),(9786,'2023-03-03 13:27:55','2023-03-03 13:27:55'),(9787,'2023-03-03 13:27:56','2023-03-03 13:27:56'),(9788,'2023-03-03 13:27:57','2023-03-03 13:27:57'),(9789,'2023-03-03 13:27:57','2023-03-03 13:27:57'),(9790,'2023-03-03 14:25:22','2023-03-03 14:25:22'),(9791,'2023-03-03 14:26:02','2023-03-03 14:26:02'),(9792,'2023-03-03 14:26:02','2023-03-03 14:26:02'),(9793,'2023-03-03 14:26:03','2023-03-03 14:26:03'),(9794,'2023-03-03 14:26:04','2023-03-03 14:26:04'),(9795,'2023-03-03 14:29:03','2023-03-03 14:29:03'),(9796,'2023-03-03 14:29:03','2023-03-03 14:29:03'),(9797,'2023-03-03 14:29:04','2023-03-03 14:29:04'),(9798,'2023-03-03 14:29:05','2023-03-03 14:29:05'),(9799,'2023-03-03 14:34:32','2023-03-03 14:34:32'),(9800,'2023-03-03 14:34:40','2023-03-03 14:34:40'),(9801,'2023-03-03 14:34:41','2023-03-03 14:34:41'),(9802,'2023-03-03 14:34:41','2023-03-03 14:34:41'),(9803,'2023-03-03 14:34:42','2023-03-03 14:34:42'),(9804,'2023-03-03 14:35:50','2023-03-03 14:35:50'),(9805,'2023-03-03 14:35:51','2023-03-03 14:35:51'),(9806,'2023-03-03 14:35:51','2023-03-03 14:35:51'),(9807,'2023-03-03 14:35:52','2023-03-03 14:35:52'),(9808,'2023-03-03 14:37:22','2023-03-03 14:37:22'),(9809,'2023-03-03 14:37:23','2023-03-03 14:37:23'),(9810,'2023-03-03 14:37:23','2023-03-03 14:37:23'),(9811,'2023-03-03 14:37:24','2023-03-03 14:37:24'),(9812,'2023-03-03 14:38:59','2023-03-03 14:38:59'),(9813,'2023-03-03 14:38:59','2023-03-03 14:38:59'),(9814,'2023-03-03 14:39:00','2023-03-03 14:39:00'),(9815,'2023-03-03 14:39:01','2023-03-03 14:39:01'),(9816,'2023-03-03 14:40:40','2023-03-03 14:40:40'),(9817,'2023-03-03 14:40:41','2023-03-03 14:40:41'),(9818,'2023-03-03 14:41:00','2023-03-03 14:41:00'),(9819,'2023-03-03 14:41:01','2023-03-03 14:41:01'),(9820,'2023-03-03 14:41:01','2023-03-03 14:41:01'),(9821,'2023-03-03 14:41:02','2023-03-03 14:41:02'),(9822,'2023-03-03 14:43:29','2023-03-03 14:43:29'),(9823,'2023-03-03 14:43:30','2023-03-03 14:43:30'),(9824,'2023-03-03 14:43:31','2023-03-03 14:43:31'),(9825,'2023-03-03 14:43:31','2023-03-03 14:43:31'),(9826,'2023-03-03 14:44:39','2023-03-03 14:44:39'),(9827,'2023-03-03 14:44:39','2023-03-03 14:44:39'),(9828,'2023-03-03 14:44:40','2023-03-03 14:44:40'),(9829,'2023-03-03 14:44:41','2023-03-03 14:44:41'),(9830,'2023-03-03 14:47:01','2023-03-03 14:47:01'),(9831,'2023-03-03 14:47:02','2023-03-03 14:47:02'),(9832,'2023-03-03 14:47:02','2023-03-03 14:47:02'),(9833,'2023-03-03 14:47:03','2023-03-03 14:47:03'),(9834,'2023-03-03 14:48:15','2023-03-03 14:48:15'),(9835,'2023-03-03 14:48:15','2023-03-03 14:48:15'),(9836,'2023-03-03 14:48:16','2023-03-03 14:48:16'),(9837,'2023-03-03 14:48:17','2023-03-03 14:48:17'),(9838,'2023-03-03 14:49:27','2023-03-03 14:49:27'),(9839,'2023-03-03 14:49:28','2023-03-03 14:49:28'),(9840,'2023-03-03 14:49:29','2023-03-03 14:49:29'),(9841,'2023-03-03 14:49:50','2023-03-03 14:49:50'),(9842,'2023-03-03 14:49:50','2023-03-03 14:49:50'),(9843,'2023-03-03 14:49:51','2023-03-03 14:49:51'),(9844,'2023-03-03 14:49:52','2023-03-03 14:49:52'),(9845,'2023-03-03 14:50:11','2023-03-03 14:50:11'),(9846,'2023-03-03 14:50:12','2023-03-03 14:50:12'),(9847,'2023-03-03 14:50:12','2023-03-03 14:50:12'),(9848,'2023-03-03 14:50:13','2023-03-03 14:50:13'),(9849,'2023-03-03 15:22:54','2023-03-03 15:22:54'),(9850,'2023-03-03 15:22:55','2023-03-03 15:22:55'),(9851,'2023-03-03 15:22:56','2023-03-03 15:22:56'),(9852,'2023-03-03 15:22:56','2023-03-03 15:22:56'),(9853,'2023-03-03 15:23:53','2023-03-03 15:23:53'),(9854,'2023-03-03 15:23:54','2023-03-03 15:23:54'),(9855,'2023-03-03 15:25:23','2023-03-03 15:25:23'),(9856,'2023-03-03 15:25:23','2023-03-03 15:25:23'),(9857,'2023-03-03 15:25:24','2023-03-03 15:25:24'),(9858,'2023-03-03 15:25:25','2023-03-03 15:25:25'),(9859,'2023-03-03 15:25:32','2023-03-03 15:25:32'),(9860,'2023-03-03 15:25:33','2023-03-03 15:25:33'),(9861,'2023-03-03 15:25:33','2023-03-03 15:25:33'),(9862,'2023-03-03 15:25:34','2023-03-03 15:25:34'),(9863,'2023-03-03 15:34:29','2023-03-03 15:34:29'),(9864,'2023-03-03 15:34:44','2023-03-03 15:34:44'),(9865,'2023-03-03 15:34:45','2023-03-03 15:34:45'),(9866,'2023-03-03 15:34:46','2023-03-03 15:34:46'),(9867,'2023-03-03 15:34:46','2023-03-03 15:34:46'),(9868,'2023-03-03 15:34:55','2023-03-03 15:34:55'),(9869,'2023-03-03 15:34:56','2023-03-03 15:34:56'),(9870,'2023-03-03 15:34:56','2023-03-03 15:34:56'),(9871,'2023-03-03 15:34:57','2023-03-03 15:34:57'),(9872,'2023-03-03 15:35:56','2023-03-03 15:35:56'),(9873,'2023-03-03 15:35:56','2023-03-03 15:35:56'),(9874,'2023-03-03 15:35:57','2023-03-03 15:35:57'),(9875,'2023-03-03 15:35:58','2023-03-03 15:35:58'),(9876,'2023-03-03 15:38:55','2023-03-03 15:38:55'),(9877,'2023-03-03 15:38:56','2023-03-03 15:38:56'),(9878,'2023-03-03 15:38:57','2023-03-03 15:38:57'),(9879,'2023-03-03 15:38:58','2023-03-03 15:38:58'),(9880,'2023-03-03 15:40:01','2023-03-03 15:40:01'),(9881,'2023-03-03 15:40:02','2023-03-03 15:40:02'),(9882,'2023-03-03 15:45:42','2023-03-03 15:45:42'),(9883,'2023-03-03 15:45:43','2023-03-03 15:45:43'),(9884,'2023-03-03 15:45:43','2023-03-03 15:45:43'),(9885,'2023-03-03 15:45:44','2023-03-03 15:45:44'),(9886,'2023-03-03 15:46:38','2023-03-03 15:46:38'),(9887,'2023-03-03 15:46:39','2023-03-03 15:46:39'),(9888,'2023-03-03 15:46:40','2023-03-03 15:46:40'),(9889,'2023-03-03 15:47:48','2023-03-03 15:47:48'),(9890,'2023-03-03 15:47:48','2023-03-03 15:47:48'),(9891,'2023-03-03 15:47:49','2023-03-03 15:47:49'),(9892,'2023-03-03 15:47:50','2023-03-03 15:47:50'),(9893,'2023-03-03 15:48:35','2023-03-03 15:48:35'),(9894,'2023-03-03 15:48:36','2023-03-03 15:48:36'),(9895,'2023-03-03 15:48:37','2023-03-03 15:48:37'),(9896,'2023-03-03 15:48:37','2023-03-03 15:48:37'),(9897,'2023-03-03 15:48:52','2023-03-03 15:48:52'),(9898,'2023-03-03 15:49:15','2023-03-03 15:49:15'),(9899,'2023-03-03 15:49:16','2023-03-03 15:49:16'),(9900,'2023-03-03 15:49:17','2023-03-03 15:49:17'),(9901,'2023-03-03 15:49:17','2023-03-03 15:49:17'),(9902,'2023-03-03 15:50:08','2023-03-03 15:50:08'),(9903,'2023-03-03 15:50:09','2023-03-03 15:50:09'),(9904,'2023-03-03 15:50:09','2023-03-03 15:50:09'),(9905,'2023-03-03 15:50:10','2023-03-03 15:50:10'),(9906,'2023-03-03 16:11:36','2023-03-03 16:11:36'),(9907,'2023-03-03 16:11:39','2023-03-03 16:11:39'),(9908,'2023-03-03 16:11:39','2023-03-03 16:11:39'),(9909,'2023-03-03 16:11:40','2023-03-03 16:11:40'),(9910,'2023-03-03 16:11:41','2023-03-03 16:11:41'),(9911,'2023-03-03 16:11:47','2023-03-03 16:11:47'),(9912,'2023-03-03 16:11:48','2023-03-03 16:11:48'),(9913,'2023-03-03 16:11:48','2023-03-03 16:11:48'),(9914,'2023-03-03 16:11:49','2023-03-03 16:11:49'),(9915,'2023-03-03 16:18:14','2023-03-03 16:18:14'),(9916,'2023-03-03 16:18:15','2023-03-03 16:18:15'),(9917,'2023-03-03 16:18:16','2023-03-03 16:18:16'),(9918,'2023-03-03 16:18:16','2023-03-03 16:18:16'),(9919,'2023-03-03 16:19:08','2023-03-03 16:19:08'),(9920,'2023-03-03 16:19:08','2023-03-03 16:19:08'),(9921,'2023-03-03 16:19:09','2023-03-03 16:19:09'),(9922,'2023-03-03 16:19:10','2023-03-03 16:19:10'),(9923,'2023-03-03 16:20:06','2023-03-03 16:20:06'),(9924,'2023-03-03 16:20:07','2023-03-03 16:20:07'),(9925,'2023-03-03 16:20:33','2023-03-03 16:20:33'),(9926,'2023-03-03 16:20:33','2023-03-03 16:20:33'),(9927,'2023-03-03 16:20:34','2023-03-03 16:20:34'),(9928,'2023-03-03 16:20:35','2023-03-03 16:20:35'),(9929,'2023-03-03 16:21:06','2023-03-03 16:21:06'),(9930,'2023-03-03 16:21:07','2023-03-03 16:21:07'),(9931,'2023-03-03 16:21:07','2023-03-03 16:21:07'),(9932,'2023-03-03 16:21:08','2023-03-03 16:21:08'),(9933,'2023-03-03 16:21:19','2023-03-03 16:21:19'),(9934,'2023-03-03 16:21:19','2023-03-03 16:21:19'),(9935,'2023-03-03 16:21:20','2023-03-03 16:21:20'),(9936,'2023-03-03 16:21:21','2023-03-03 16:21:21'),(9937,'2023-03-03 16:23:09','2023-03-03 16:23:09'),(9938,'2023-03-03 16:23:10','2023-03-03 16:23:10'),(9939,'2023-03-03 16:23:11','2023-03-03 16:23:11'),(9940,'2023-03-03 16:23:11','2023-03-03 16:23:11'),(9941,'2023-03-03 16:23:43','2023-03-03 16:23:43'),(9942,'2023-03-03 16:23:43','2023-03-03 16:23:43'),(9943,'2023-03-03 16:23:44','2023-03-03 16:23:44'),(9944,'2023-03-03 16:23:45','2023-03-03 16:23:45'),(9945,'2023-03-03 16:23:58','2023-03-03 16:23:58'),(9946,'2023-03-03 16:23:58','2023-03-03 16:23:58'),(9947,'2023-03-03 16:23:59','2023-03-03 16:23:59'),(9948,'2023-03-03 16:24:00','2023-03-03 16:24:00'),(9949,'2023-03-03 16:24:10','2023-03-03 16:24:10'),(9950,'2023-03-03 16:24:11','2023-03-03 16:24:11'),(9951,'2023-03-03 16:24:12','2023-03-03 16:24:12'),(9952,'2023-03-03 16:24:12','2023-03-03 16:24:12'),(9953,'2023-03-03 16:25:17','2023-03-03 16:25:17'),(9954,'2023-03-03 16:25:17','2023-03-03 16:25:17'),(9955,'2023-03-03 16:25:34','2023-03-03 16:25:34'),(9956,'2023-03-03 16:25:35','2023-03-03 16:25:35'),(9957,'2023-03-03 16:25:36','2023-03-03 16:25:36'),(9958,'2023-03-03 16:25:36','2023-03-03 16:25:36'),(9959,'2023-03-03 16:32:19','2023-03-03 16:32:19'),(9960,'2023-03-03 16:32:20','2023-03-03 16:32:20'),(9961,'2023-03-03 16:32:20','2023-03-03 16:32:20'),(9962,'2023-03-03 16:32:21','2023-03-03 16:32:21'),(9963,'2023-03-03 17:27:51','2023-03-03 17:27:51'),(9964,'2023-03-03 17:28:03','2023-03-03 17:28:03'),(9965,'2023-03-03 17:28:04','2023-03-03 17:28:04'),(9966,'2023-03-03 17:28:04','2023-03-03 17:28:04'),(9967,'2023-03-03 17:28:05','2023-03-03 17:28:05'),(9968,'2023-03-03 17:28:10','2023-03-03 17:28:10'),(9969,'2023-03-03 17:28:10','2023-03-03 17:28:10'),(9970,'2023-03-03 17:28:11','2023-03-03 17:28:11'),(9971,'2023-03-03 17:28:11','2023-03-03 17:28:11'),(9972,'2023-03-03 17:28:21','2023-03-03 17:28:21'),(9973,'2023-03-03 17:28:22','2023-03-03 17:28:22'),(9974,'2023-03-03 17:28:22','2023-03-03 17:28:22'),(9975,'2023-03-03 17:28:23','2023-03-03 17:28:23'),(9976,'2023-03-03 17:29:18','2023-03-03 17:29:18'),(9977,'2023-03-03 17:29:19','2023-03-03 17:29:19'),(9978,'2023-03-03 17:29:34','2023-03-03 17:29:34'),(9979,'2023-03-03 17:29:35','2023-03-03 17:29:35'),(9980,'2023-03-03 17:29:36','2023-03-03 17:29:36'),(9981,'2023-03-03 17:29:36','2023-03-03 17:29:36'),(9982,'2023-03-03 17:34:57','2023-03-03 17:34:57'),(9983,'2023-03-03 17:34:57','2023-03-03 17:34:57'),(9984,'2023-03-03 17:34:58','2023-03-03 17:34:58'),(9985,'2023-03-03 17:34:59','2023-03-03 17:34:59'),(9986,'2023-03-03 17:39:18','2023-03-03 17:39:18'),(9987,'2023-03-03 17:39:19','2023-03-03 17:39:19'),(9988,'2023-03-03 17:39:19','2023-03-03 17:39:19'),(9989,'2023-03-03 17:39:20','2023-03-03 17:39:20'),(9990,'2023-03-03 17:39:29','2023-03-03 17:39:29'),(9991,'2023-03-03 17:39:30','2023-03-03 17:39:30'),(9992,'2023-03-03 17:39:30','2023-03-03 17:39:30'),(9993,'2023-03-03 17:39:31','2023-03-03 17:39:31'),(9994,'2023-03-03 18:13:51','2023-03-03 18:13:51'),(9995,'2023-03-03 18:13:52','2023-03-03 18:13:52'),(9996,'2023-03-03 18:13:52','2023-03-03 18:13:52'),(9997,'2023-03-03 18:13:53','2023-03-03 18:13:53'),(9998,'2023-03-03 18:18:53','2023-03-03 18:18:53'),(9999,'2023-03-03 18:19:07','2023-03-03 18:19:07'),(10000,'2023-03-03 18:19:08','2023-03-03 18:19:08'),(10001,'2023-03-03 18:19:08','2023-03-03 18:19:08'),(10002,'2023-03-03 18:19:09','2023-03-03 18:19:09'),(10003,'2023-03-03 18:19:16','2023-03-03 18:19:16'),(10004,'2023-03-03 18:19:17','2023-03-03 18:19:17'),(10005,'2023-03-03 18:19:17','2023-03-03 18:19:17'),(10006,'2023-03-03 18:19:18','2023-03-03 18:19:18'),(10007,'2023-03-03 18:19:28','2023-03-03 18:19:28'),(10008,'2023-03-03 18:19:28','2023-03-03 18:19:28'),(10009,'2023-03-03 18:19:29','2023-03-03 18:19:29'),(10010,'2023-03-03 18:19:30','2023-03-03 18:19:30'),(10011,'2023-03-03 18:20:40','2023-03-03 18:20:40'),(10012,'2023-03-03 18:20:41','2023-03-03 18:20:41'),(10013,'2023-03-03 18:21:15','2023-03-03 18:21:15'),(10014,'2023-03-03 18:21:16','2023-03-03 18:21:16'),(10015,'2023-03-03 18:21:16','2023-03-03 18:21:16'),(10016,'2023-03-03 18:21:17','2023-03-03 18:21:17'),(10017,'2023-03-03 18:28:38','2023-03-03 18:28:38'),(10018,'2023-03-03 18:28:39','2023-03-03 18:28:39'),(10019,'2023-03-03 18:28:39','2023-03-03 18:28:39'),(10020,'2023-03-03 18:28:40','2023-03-03 18:28:40'),(10021,'2023-03-03 18:28:59','2023-03-03 18:28:59'),(10022,'2023-03-03 18:29:00','2023-03-03 18:29:00'),(10023,'2023-03-03 18:29:01','2023-03-03 18:29:01'),(10024,'2023-03-03 18:29:01','2023-03-03 18:29:01'),(10025,'2023-03-03 18:30:01','2023-03-03 18:30:01'),(10026,'2023-03-03 18:30:02','2023-03-03 18:30:02'),(10027,'2023-03-03 18:30:03','2023-03-03 18:30:03'),(10028,'2023-03-03 18:30:03','2023-03-03 18:30:03'),(10029,'2023-03-03 19:36:16','2023-03-03 19:36:16'),(10030,'2023-03-03 19:36:17','2023-03-03 19:36:17'),(10031,'2023-03-03 19:36:18','2023-03-03 19:36:18'),(10032,'2023-03-03 19:36:18','2023-03-03 19:36:18'),(10033,'2023-03-03 19:36:44','2023-03-03 19:36:44'),(10034,'2023-03-03 19:36:45','2023-03-03 19:36:45'),(10035,'2023-03-03 19:36:46','2023-03-03 19:36:46'),(10036,'2023-03-03 19:36:46','2023-03-03 19:36:46'),(10037,'2023-03-03 21:22:12','2023-03-03 21:22:12'),(10038,'2023-03-03 21:22:13','2023-03-03 21:22:13'),(10039,'2023-03-03 21:22:14','2023-03-03 21:22:14'),(10040,'2023-03-03 21:22:14','2023-03-03 21:22:14'),(10041,'2023-03-03 21:23:45','2023-03-03 21:23:45'),(10042,'2023-03-03 21:23:46','2023-03-03 21:23:46'),(10043,'2023-03-03 21:23:47','2023-03-03 21:23:47'),(10044,'2023-03-03 21:23:47','2023-03-03 21:23:47'),(10045,'2023-03-04 12:33:50','2023-03-04 12:33:50'),(10046,'2023-03-04 12:33:51','2023-03-04 12:33:51'),(10047,'2023-03-04 12:33:52','2023-03-04 12:33:52'),(10048,'2023-03-04 12:33:52','2023-03-04 12:33:52'),(10049,'2023-03-04 12:34:04','2023-03-04 12:34:04'),(10050,'2023-03-04 12:34:05','2023-03-04 12:34:05'),(10051,'2023-03-04 12:34:05','2023-03-04 12:34:05'),(10052,'2023-03-04 12:34:06','2023-03-04 12:34:06'),(10053,'2023-03-04 12:35:30','2023-03-04 12:35:30'),(10054,'2023-03-04 12:35:31','2023-03-04 12:35:31'),(10055,'2023-03-04 12:35:31','2023-03-04 12:35:31'),(10056,'2023-03-04 12:35:32','2023-03-04 12:35:32'),(10057,'2023-03-05 09:15:27','2023-03-05 09:15:27'),(10058,'2023-03-05 09:15:28','2023-03-05 09:15:28'),(10059,'2023-03-05 09:15:29','2023-03-05 09:15:29'),(10060,'2023-03-05 09:15:29','2023-03-05 09:15:29'),(10061,'2023-03-05 21:24:46','2023-03-05 21:24:46'),(10062,'2023-03-05 21:24:47','2023-03-05 21:24:47'),(10063,'2023-03-05 21:24:47','2023-03-05 21:24:47'),(10064,'2023-03-05 21:24:48','2023-03-05 21:24:48'),(10065,'2023-03-05 21:44:16','2023-03-05 21:44:16'),(10066,'2023-03-05 21:44:17','2023-03-05 21:44:17'),(10067,'2023-03-05 21:44:17','2023-03-05 21:44:17'),(10068,'2023-03-05 21:44:18','2023-03-05 21:44:18'),(10069,'2023-03-05 21:48:06','2023-03-05 21:48:06'),(10070,'2023-03-05 21:48:06','2023-03-05 21:48:06'),(10071,'2023-03-05 21:48:07','2023-03-05 21:48:07'),(10072,'2023-03-05 21:48:08','2023-03-05 21:48:08'),(10073,'2023-03-05 21:56:04','2023-03-05 21:56:04'),(10074,'2023-03-05 21:56:05','2023-03-05 21:56:05'),(10075,'2023-03-05 21:56:05','2023-03-05 21:56:05'),(10076,'2023-03-05 21:56:06','2023-03-05 21:56:06'),(10077,'2023-03-05 22:29:20','2023-03-05 22:29:20'),(10078,'2023-03-05 22:29:21','2023-03-05 22:29:21'),(10079,'2023-03-05 22:29:22','2023-03-05 22:29:22'),(10080,'2023-03-05 22:29:22','2023-03-05 22:29:22'),(10081,'2023-03-05 22:29:49','2023-03-05 22:29:49'),(10082,'2023-03-05 22:29:50','2023-03-05 22:29:50'),(10083,'2023-03-05 22:29:50','2023-03-05 22:29:50'),(10084,'2023-03-05 22:29:51','2023-03-05 22:29:51'),(10085,'2023-03-05 22:31:16','2023-03-05 22:31:16'),(10086,'2023-03-05 22:31:17','2023-03-05 22:31:17'),(10087,'2023-03-05 22:31:17','2023-03-05 22:31:17'),(10088,'2023-03-05 22:31:18','2023-03-05 22:31:18'),(10089,'2023-03-05 22:31:30','2023-03-05 22:31:30'),(10090,'2023-03-05 22:31:31','2023-03-05 22:31:31'),(10091,'2023-03-05 22:31:31','2023-03-05 22:31:31'),(10092,'2023-03-05 22:31:32','2023-03-05 22:31:32'),(10093,'2023-03-05 22:32:39','2023-03-05 22:32:39'),(10094,'2023-03-05 22:32:40','2023-03-05 22:32:40'),(10095,'2023-03-05 22:32:40','2023-03-05 22:32:40'),(10096,'2023-03-05 22:32:41','2023-03-05 22:32:41'),(10097,'2023-03-05 22:34:45','2023-03-05 22:34:45'),(10098,'2023-03-05 22:34:46','2023-03-05 22:34:46'),(10099,'2023-03-05 22:34:47','2023-03-05 22:34:47'),(10100,'2023-03-05 22:34:47','2023-03-05 22:34:47'),(10101,'2023-03-05 22:36:00','2023-03-05 22:36:00'),(10102,'2023-03-05 22:36:00','2023-03-05 22:36:00'),(10103,'2023-03-05 22:36:01','2023-03-05 22:36:01'),(10104,'2023-03-05 22:36:02','2023-03-05 22:36:02'),(10105,'2023-03-05 22:37:08','2023-03-05 22:37:08'),(10106,'2023-03-05 22:37:09','2023-03-05 22:37:09'),(10107,'2023-03-05 22:37:09','2023-03-05 22:37:09'),(10108,'2023-03-05 22:37:10','2023-03-05 22:37:10'),(10109,'2023-03-05 22:37:26','2023-03-05 22:37:26'),(10110,'2023-03-05 22:37:26','2023-03-05 22:37:26'),(10111,'2023-03-05 22:37:27','2023-03-05 22:37:27'),(10112,'2023-03-05 22:37:27','2023-03-05 22:37:27'),(10113,'2023-03-05 22:38:57','2023-03-05 22:38:57'),(10114,'2023-03-05 22:38:57','2023-03-05 22:38:57'),(10115,'2023-03-05 22:38:58','2023-03-05 22:38:58'),(10116,'2023-03-05 22:38:59','2023-03-05 22:38:59'),(10117,'2023-03-05 22:39:47','2023-03-05 22:39:47'),(10118,'2023-03-05 22:39:47','2023-03-05 22:39:47'),(10119,'2023-03-05 22:39:48','2023-03-05 22:39:48'),(10120,'2023-03-05 22:39:49','2023-03-05 22:39:49'),(10121,'2023-03-05 22:40:52','2023-03-05 22:40:52'),(10122,'2023-03-05 22:40:53','2023-03-05 22:40:53'),(10123,'2023-03-05 22:40:54','2023-03-05 22:40:54'),(10124,'2023-03-05 22:40:54','2023-03-05 22:40:54'),(10125,'2023-03-05 22:42:55','2023-03-05 22:42:55'),(10126,'2023-03-05 22:42:55','2023-03-05 22:42:55'),(10127,'2023-03-05 22:42:56','2023-03-05 22:42:56'),(10128,'2023-03-05 22:42:56','2023-03-05 22:42:56'),(10129,'2023-03-05 22:43:39','2023-03-05 22:43:39'),(10130,'2023-03-05 22:43:39','2023-03-05 22:43:39'),(10131,'2023-03-05 22:43:40','2023-03-05 22:43:40'),(10132,'2023-03-05 22:43:41','2023-03-05 22:43:41'),(10133,'2023-03-05 22:44:49','2023-03-05 22:44:49'),(10134,'2023-03-05 22:44:49','2023-03-05 22:44:49'),(10135,'2023-03-05 22:44:50','2023-03-05 22:44:50'),(10136,'2023-03-05 22:44:51','2023-03-05 22:44:51'),(10137,'2023-03-05 22:45:08','2023-03-05 22:45:08'),(10138,'2023-03-05 22:45:09','2023-03-05 22:45:09'),(10139,'2023-03-05 22:45:09','2023-03-05 22:45:09'),(10140,'2023-03-05 22:45:10','2023-03-05 22:45:10'),(10141,'2023-03-05 22:45:46','2023-03-05 22:45:46'),(10142,'2023-03-05 22:45:47','2023-03-05 22:45:47'),(10143,'2023-03-05 22:45:47','2023-03-05 22:45:47'),(10144,'2023-03-05 22:45:48','2023-03-05 22:45:48'),(10145,'2023-03-05 22:45:53','2023-03-05 22:45:53'),(10146,'2023-03-05 22:45:54','2023-03-05 22:45:54'),(10147,'2023-03-05 22:45:54','2023-03-05 22:45:54'),(10148,'2023-03-05 22:45:55','2023-03-05 22:45:55'),(10149,'2023-03-05 22:46:01','2023-03-05 22:46:01'),(10150,'2023-03-05 22:46:01','2023-03-05 22:46:01'),(10151,'2023-03-05 22:46:02','2023-03-05 22:46:02'),(10152,'2023-03-05 22:46:02','2023-03-05 22:46:02'),(10153,'2023-03-05 22:50:54','2023-03-05 22:50:54'),(10154,'2023-03-05 22:50:55','2023-03-05 22:50:55'),(10155,'2023-03-05 22:50:56','2023-03-05 22:50:56'),(10156,'2023-03-05 22:50:56','2023-03-05 22:50:56'),(10157,'2023-03-05 22:51:23','2023-03-05 22:51:23'),(10158,'2023-03-05 22:51:24','2023-03-05 22:51:24'),(10159,'2023-03-05 22:51:25','2023-03-05 22:51:25'),(10160,'2023-03-05 22:51:25','2023-03-05 22:51:25'),(10161,'2023-03-05 22:52:10','2023-03-05 22:52:10'),(10162,'2023-03-05 22:52:11','2023-03-05 22:52:11'),(10163,'2023-03-05 22:52:11','2023-03-05 22:52:11'),(10164,'2023-03-05 22:52:12','2023-03-05 22:52:12'),(10165,'2023-03-05 22:52:18','2023-03-05 22:52:18'),(10166,'2023-03-05 22:52:18','2023-03-05 22:52:18'),(10167,'2023-03-05 22:52:19','2023-03-05 22:52:19'),(10168,'2023-03-05 22:52:20','2023-03-05 22:52:20'),(10169,'2023-03-05 22:52:51','2023-03-05 22:52:51'),(10170,'2023-03-05 22:52:52','2023-03-05 22:52:52'),(10171,'2023-03-05 22:52:52','2023-03-05 22:52:52'),(10172,'2023-03-05 22:52:53','2023-03-05 22:52:53'),(10173,'2023-03-05 22:53:58','2023-03-05 22:53:58'),(10174,'2023-03-05 22:53:58','2023-03-05 22:53:58'),(10175,'2023-03-05 22:53:59','2023-03-05 22:53:59'),(10176,'2023-03-05 22:54:00','2023-03-05 22:54:00'),(10177,'2023-03-05 22:54:27','2023-03-05 22:54:27'),(10178,'2023-03-05 22:54:28','2023-03-05 22:54:28'),(10179,'2023-03-05 22:54:28','2023-03-05 22:54:28'),(10180,'2023-03-05 22:54:29','2023-03-05 22:54:29'),(10181,'2023-03-05 22:54:47','2023-03-05 22:54:47'),(10182,'2023-03-05 22:54:48','2023-03-05 22:54:48'),(10183,'2023-03-05 22:54:49','2023-03-05 22:54:49'),(10184,'2023-03-05 22:54:49','2023-03-05 22:54:49'),(10185,'2023-03-05 22:55:12','2023-03-05 22:55:12'),(10186,'2023-03-05 22:55:12','2023-03-05 22:55:12'),(10187,'2023-03-05 22:55:13','2023-03-05 22:55:13'),(10188,'2023-03-05 22:55:14','2023-03-05 22:55:14'),(10189,'2023-03-05 22:55:59','2023-03-05 22:55:59'),(10190,'2023-03-05 22:56:00','2023-03-05 22:56:00'),(10191,'2023-03-05 22:56:00','2023-03-05 22:56:00'),(10192,'2023-03-05 22:56:01','2023-03-05 22:56:01'),(10193,'2023-03-05 22:56:30','2023-03-05 22:56:30'),(10194,'2023-03-05 22:56:30','2023-03-05 22:56:30'),(10195,'2023-03-05 22:56:31','2023-03-05 22:56:31'),(10196,'2023-03-05 22:56:32','2023-03-05 22:56:32'),(10197,'2023-03-05 22:56:49','2023-03-05 22:56:49'),(10198,'2023-03-05 22:56:50','2023-03-05 22:56:50'),(10199,'2023-03-05 22:56:50','2023-03-05 22:56:50'),(10200,'2023-03-05 22:56:51','2023-03-05 22:56:51'),(10201,'2023-03-05 22:57:44','2023-03-05 22:57:44'),(10202,'2023-03-05 22:57:45','2023-03-05 22:57:45'),(10203,'2023-03-05 22:57:46','2023-03-05 22:57:46'),(10204,'2023-03-05 22:57:46','2023-03-05 22:57:46'),(10205,'2023-03-05 22:58:12','2023-03-05 22:58:12'),(10206,'2023-03-05 22:58:13','2023-03-05 22:58:13'),(10207,'2023-03-05 22:58:13','2023-03-05 22:58:13'),(10208,'2023-03-05 22:58:14','2023-03-05 22:58:14'),(10209,'2023-03-05 22:59:19','2023-03-05 22:59:19'),(10210,'2023-03-05 22:59:20','2023-03-05 22:59:20'),(10211,'2023-03-05 22:59:20','2023-03-05 22:59:20'),(10212,'2023-03-05 22:59:21','2023-03-05 22:59:21'),(10213,'2023-03-05 23:00:02','2023-03-05 23:00:02'),(10214,'2023-03-05 23:00:03','2023-03-05 23:00:03'),(10215,'2023-03-05 23:00:04','2023-03-05 23:00:04'),(10216,'2023-03-05 23:00:04','2023-03-05 23:00:04'),(10217,'2023-03-05 23:00:56','2023-03-05 23:00:56'),(10218,'2023-03-05 23:00:57','2023-03-05 23:00:57'),(10219,'2023-03-05 23:00:57','2023-03-05 23:00:57'),(10220,'2023-03-05 23:00:58','2023-03-05 23:00:58'),(10221,'2023-03-05 23:01:32','2023-03-05 23:01:32'),(10222,'2023-03-05 23:01:33','2023-03-05 23:01:33'),(10223,'2023-03-05 23:01:34','2023-03-05 23:01:34'),(10224,'2023-03-05 23:01:34','2023-03-05 23:01:34'),(10225,'2023-03-05 23:03:17','2023-03-05 23:03:17'),(10226,'2023-03-05 23:03:18','2023-03-05 23:03:18'),(10227,'2023-03-05 23:03:19','2023-03-05 23:03:19'),(10228,'2023-03-05 23:03:19','2023-03-05 23:03:19'),(10229,'2023-03-05 23:04:05','2023-03-05 23:04:05'),(10230,'2023-03-05 23:04:06','2023-03-05 23:04:06'),(10231,'2023-03-05 23:04:07','2023-03-05 23:04:07'),(10232,'2023-03-05 23:04:07','2023-03-05 23:04:07'),(10233,'2023-03-05 23:04:59','2023-03-05 23:04:59'),(10234,'2023-03-05 23:04:59','2023-03-05 23:04:59'),(10235,'2023-03-05 23:05:00','2023-03-05 23:05:00'),(10236,'2023-03-05 23:05:01','2023-03-05 23:05:01'),(10237,'2023-03-05 23:06:00','2023-03-05 23:06:00'),(10238,'2023-03-05 23:06:01','2023-03-05 23:06:01'),(10239,'2023-03-05 23:06:01','2023-03-05 23:06:01'),(10240,'2023-03-05 23:06:02','2023-03-05 23:06:02'),(10241,'2023-03-05 23:06:40','2023-03-05 23:06:40'),(10242,'2023-03-05 23:06:40','2023-03-05 23:06:40'),(10243,'2023-03-05 23:06:41','2023-03-05 23:06:41'),(10244,'2023-03-05 23:06:42','2023-03-05 23:06:42'),(10245,'2023-03-05 23:07:12','2023-03-05 23:07:12'),(10246,'2023-03-05 23:07:13','2023-03-05 23:07:13'),(10247,'2023-03-05 23:07:13','2023-03-05 23:07:13'),(10248,'2023-03-05 23:07:14','2023-03-05 23:07:14'),(10249,'2023-03-05 23:07:41','2023-03-05 23:07:41'),(10250,'2023-03-05 23:07:41','2023-03-05 23:07:41'),(10251,'2023-03-05 23:07:42','2023-03-05 23:07:42'),(10252,'2023-03-05 23:07:42','2023-03-05 23:07:42'),(10253,'2023-03-05 23:08:04','2023-03-05 23:08:04'),(10254,'2023-03-05 23:08:05','2023-03-05 23:08:05'),(10255,'2023-03-05 23:08:06','2023-03-05 23:08:06'),(10256,'2023-03-05 23:08:06','2023-03-05 23:08:06'),(10257,'2023-03-05 23:08:24','2023-03-05 23:08:24'),(10258,'2023-03-05 23:08:25','2023-03-05 23:08:25'),(10259,'2023-03-05 23:08:26','2023-03-05 23:08:26'),(10260,'2023-03-05 23:08:26','2023-03-05 23:08:26'),(10261,'2023-03-05 23:08:34','2023-03-05 23:08:34'),(10262,'2023-03-05 23:08:35','2023-03-05 23:08:35'),(10263,'2023-03-05 23:08:35','2023-03-05 23:08:35'),(10264,'2023-03-05 23:08:36','2023-03-05 23:08:36'),(10265,'2023-03-05 23:09:22','2023-03-05 23:09:22'),(10266,'2023-03-05 23:09:22','2023-03-05 23:09:22'),(10267,'2023-03-05 23:09:23','2023-03-05 23:09:23'),(10268,'2023-03-05 23:09:23','2023-03-05 23:09:23'),(10269,'2023-03-05 23:09:58','2023-03-05 23:09:58'),(10270,'2023-03-05 23:09:59','2023-03-05 23:09:59'),(10271,'2023-03-05 23:09:59','2023-03-05 23:09:59'),(10272,'2023-03-05 23:10:00','2023-03-05 23:10:00'),(10273,'2023-03-05 23:10:15','2023-03-05 23:10:15'),(10274,'2023-03-05 23:10:16','2023-03-05 23:10:16'),(10275,'2023-03-05 23:10:17','2023-03-05 23:10:17'),(10276,'2023-03-05 23:10:17','2023-03-05 23:10:17'),(10277,'2023-03-05 23:10:38','2023-03-05 23:10:38'),(10278,'2023-03-05 23:10:39','2023-03-05 23:10:39'),(10279,'2023-03-05 23:10:39','2023-03-05 23:10:39'),(10280,'2023-03-05 23:10:40','2023-03-05 23:10:40'),(10281,'2023-03-05 23:11:23','2023-03-05 23:11:23'),(10282,'2023-03-05 23:11:24','2023-03-05 23:11:24'),(10283,'2023-03-05 23:11:25','2023-03-05 23:11:25'),(10284,'2023-03-05 23:11:25','2023-03-05 23:11:25'),(10285,'2023-03-05 23:12:29','2023-03-05 23:12:29'),(10286,'2023-03-05 23:12:30','2023-03-05 23:12:30'),(10287,'2023-03-05 23:12:30','2023-03-05 23:12:30'),(10288,'2023-03-05 23:12:31','2023-03-05 23:12:31'),(10289,'2023-03-05 23:13:35','2023-03-05 23:13:35'),(10290,'2023-03-05 23:13:35','2023-03-05 23:13:35'),(10291,'2023-03-05 23:13:36','2023-03-05 23:13:36'),(10292,'2023-03-05 23:13:37','2023-03-05 23:13:37'),(10293,'2023-03-05 23:13:54','2023-03-05 23:13:54'),(10294,'2023-03-05 23:13:54','2023-03-05 23:13:54'),(10295,'2023-03-05 23:13:55','2023-03-05 23:13:55'),(10296,'2023-03-05 23:13:56','2023-03-05 23:13:56'),(10297,'2023-03-05 23:14:04','2023-03-05 23:14:04'),(10298,'2023-03-05 23:14:05','2023-03-05 23:14:05'),(10299,'2023-03-05 23:14:06','2023-03-05 23:14:06'),(10300,'2023-03-05 23:14:06','2023-03-05 23:14:06'),(10301,'2023-03-05 23:14:26','2023-03-05 23:14:26'),(10302,'2023-03-05 23:14:27','2023-03-05 23:14:27'),(10303,'2023-03-05 23:14:28','2023-03-05 23:14:28'),(10304,'2023-03-05 23:14:28','2023-03-05 23:14:28'),(10305,'2023-03-05 23:14:58','2023-03-05 23:14:58'),(10306,'2023-03-05 23:14:59','2023-03-05 23:14:59'),(10307,'2023-03-05 23:14:59','2023-03-05 23:14:59'),(10308,'2023-03-05 23:15:00','2023-03-05 23:15:00'),(10309,'2023-03-05 23:15:57','2023-03-05 23:15:57'),(10310,'2023-03-05 23:15:58','2023-03-05 23:15:58'),(10311,'2023-03-05 23:15:59','2023-03-05 23:15:59'),(10312,'2023-03-05 23:15:59','2023-03-05 23:15:59'),(10313,'2023-03-05 23:17:13','2023-03-05 23:17:13'),(10314,'2023-03-05 23:17:14','2023-03-05 23:17:14'),(10315,'2023-03-05 23:17:14','2023-03-05 23:17:14'),(10316,'2023-03-05 23:17:15','2023-03-05 23:17:15'),(10317,'2023-03-05 23:17:34','2023-03-05 23:17:34'),(10318,'2023-03-05 23:17:35','2023-03-05 23:17:35'),(10319,'2023-03-05 23:17:35','2023-03-05 23:17:35'),(10320,'2023-03-05 23:17:36','2023-03-05 23:17:36'),(10321,'2023-03-05 23:18:34','2023-03-05 23:18:34'),(10322,'2023-03-05 23:18:34','2023-03-05 23:18:34'),(10323,'2023-03-05 23:18:35','2023-03-05 23:18:35'),(10324,'2023-03-05 23:18:36','2023-03-05 23:18:36'),(10325,'2023-03-05 23:19:08','2023-03-05 23:19:08'),(10326,'2023-03-05 23:19:08','2023-03-05 23:19:08'),(10327,'2023-03-05 23:19:09','2023-03-05 23:19:09'),(10328,'2023-03-05 23:19:10','2023-03-05 23:19:10'),(10329,'2023-03-05 23:20:08','2023-03-05 23:20:08'),(10330,'2023-03-05 23:20:08','2023-03-05 23:20:08'),(10331,'2023-03-05 23:20:09','2023-03-05 23:20:09'),(10332,'2023-03-05 23:20:10','2023-03-05 23:20:10'),(10333,'2023-03-05 23:20:41','2023-03-05 23:20:41'),(10334,'2023-03-05 23:20:42','2023-03-05 23:20:42'),(10335,'2023-03-05 23:20:42','2023-03-05 23:20:42'),(10336,'2023-03-05 23:20:43','2023-03-05 23:20:43'),(10337,'2023-03-05 23:21:16','2023-03-05 23:21:16'),(10338,'2023-03-05 23:21:17','2023-03-05 23:21:17'),(10339,'2023-03-05 23:21:17','2023-03-05 23:21:17'),(10340,'2023-03-05 23:21:18','2023-03-05 23:21:18'),(10341,'2023-03-05 23:21:37','2023-03-05 23:21:37'),(10342,'2023-03-05 23:21:37','2023-03-05 23:21:37'),(10343,'2023-03-05 23:21:38','2023-03-05 23:21:38'),(10344,'2023-03-05 23:21:39','2023-03-05 23:21:39'),(10345,'2023-03-05 23:22:40','2023-03-05 23:22:40'),(10346,'2023-03-05 23:22:40','2023-03-05 23:22:40'),(10347,'2023-03-05 23:22:41','2023-03-05 23:22:41'),(10348,'2023-03-05 23:22:42','2023-03-05 23:22:42'),(10349,'2023-03-05 23:23:06','2023-03-05 23:23:06'),(10350,'2023-03-05 23:23:07','2023-03-05 23:23:07'),(10351,'2023-03-05 23:23:07','2023-03-05 23:23:07'),(10352,'2023-03-05 23:23:08','2023-03-05 23:23:08'),(10353,'2023-03-05 23:24:28','2023-03-05 23:24:28'),(10354,'2023-03-05 23:24:29','2023-03-05 23:24:29'),(10355,'2023-03-05 23:24:29','2023-03-05 23:24:29'),(10356,'2023-03-05 23:24:30','2023-03-05 23:24:30'),(10357,'2023-03-05 23:25:21','2023-03-05 23:25:21'),(10358,'2023-03-05 23:25:21','2023-03-05 23:25:21'),(10359,'2023-03-05 23:25:22','2023-03-05 23:25:22'),(10360,'2023-03-05 23:25:23','2023-03-05 23:25:23'),(10361,'2023-03-05 23:26:39','2023-03-05 23:26:39'),(10362,'2023-03-05 23:26:40','2023-03-05 23:26:40'),(10363,'2023-03-05 23:26:40','2023-03-05 23:26:40'),(10364,'2023-03-05 23:26:41','2023-03-05 23:26:41'),(10365,'2023-03-05 23:27:17','2023-03-05 23:27:17'),(10366,'2023-03-05 23:27:17','2023-03-05 23:27:17'),(10367,'2023-03-05 23:27:18','2023-03-05 23:27:18'),(10368,'2023-03-05 23:27:18','2023-03-05 23:27:18'),(10369,'2023-03-05 23:28:10','2023-03-05 23:28:10'),(10370,'2023-03-05 23:28:11','2023-03-05 23:28:11'),(10371,'2023-03-05 23:28:11','2023-03-05 23:28:11'),(10372,'2023-03-05 23:28:12','2023-03-05 23:28:12'),(10373,'2023-03-05 23:28:27','2023-03-05 23:28:27'),(10374,'2023-03-05 23:28:28','2023-03-05 23:28:28'),(10375,'2023-03-05 23:28:29','2023-03-05 23:28:29'),(10376,'2023-03-05 23:28:29','2023-03-05 23:28:29'),(10377,'2023-03-05 23:30:03','2023-03-05 23:30:03'),(10378,'2023-03-05 23:30:03','2023-03-05 23:30:03'),(10379,'2023-03-05 23:30:04','2023-03-05 23:30:04'),(10380,'2023-03-05 23:30:05','2023-03-05 23:30:05'),(10381,'2023-03-05 23:31:51','2023-03-05 23:31:51'),(10382,'2023-03-05 23:31:51','2023-03-05 23:31:51'),(10383,'2023-03-05 23:31:52','2023-03-05 23:31:52'),(10384,'2023-03-05 23:31:53','2023-03-05 23:31:53'),(10385,'2023-03-05 23:33:44','2023-03-05 23:33:44'),(10386,'2023-03-05 23:33:45','2023-03-05 23:33:45'),(10387,'2023-03-05 23:33:45','2023-03-05 23:33:45'),(10388,'2023-03-05 23:33:46','2023-03-05 23:33:46'),(10389,'2023-03-05 23:35:00','2023-03-05 23:35:00'),(10390,'2023-03-05 23:35:01','2023-03-05 23:35:01'),(10391,'2023-03-05 23:35:02','2023-03-05 23:35:02'),(10392,'2023-03-05 23:35:02','2023-03-05 23:35:02'),(10393,'2023-03-05 23:35:24','2023-03-05 23:35:24'),(10394,'2023-03-05 23:35:24','2023-03-05 23:35:24'),(10395,'2023-03-05 23:35:25','2023-03-05 23:35:25'),(10396,'2023-03-05 23:35:26','2023-03-05 23:35:26'),(10397,'2023-03-05 23:35:35','2023-03-05 23:35:35'),(10398,'2023-03-05 23:35:36','2023-03-05 23:35:36'),(10399,'2023-03-05 23:35:36','2023-03-05 23:35:36'),(10400,'2023-03-05 23:35:37','2023-03-05 23:35:37'),(10401,'2023-03-05 23:35:57','2023-03-05 23:35:57'),(10402,'2023-03-05 23:35:57','2023-03-05 23:35:57'),(10403,'2023-03-05 23:35:58','2023-03-05 23:35:58'),(10404,'2023-03-05 23:35:58','2023-03-05 23:35:58'),(10405,'2023-03-05 23:36:16','2023-03-05 23:36:16'),(10406,'2023-03-05 23:36:17','2023-03-05 23:36:17'),(10407,'2023-03-05 23:36:18','2023-03-05 23:36:18'),(10408,'2023-03-05 23:36:18','2023-03-05 23:36:18'),(10409,'2023-03-05 23:36:42','2023-03-05 23:36:42'),(10410,'2023-03-05 23:36:43','2023-03-05 23:36:43'),(10411,'2023-03-05 23:36:43','2023-03-05 23:36:43'),(10412,'2023-03-05 23:36:44','2023-03-05 23:36:44'),(10413,'2023-03-05 23:38:18','2023-03-05 23:38:18'),(10414,'2023-03-05 23:38:18','2023-03-05 23:38:18'),(10415,'2023-03-05 23:38:19','2023-03-05 23:38:19'),(10416,'2023-03-05 23:38:20','2023-03-05 23:38:20'),(10417,'2023-03-05 23:39:14','2023-03-05 23:39:14'),(10418,'2023-03-05 23:39:14','2023-03-05 23:39:14'),(10419,'2023-03-05 23:39:15','2023-03-05 23:39:15'),(10420,'2023-03-05 23:39:16','2023-03-05 23:39:16'),(10421,'2023-03-05 23:52:01','2023-03-05 23:52:01'),(10422,'2023-03-05 23:52:01','2023-03-05 23:52:01'),(10423,'2023-03-05 23:52:02','2023-03-05 23:52:02'),(10424,'2023-03-05 23:52:03','2023-03-05 23:52:03'),(10425,'2023-03-05 23:53:07','2023-03-05 23:53:07'),(10426,'2023-03-05 23:53:08','2023-03-05 23:53:08'),(10427,'2023-03-05 23:53:08','2023-03-05 23:53:08'),(10428,'2023-03-05 23:53:09','2023-03-05 23:53:09'),(10429,'2023-03-05 23:53:20','2023-03-05 23:53:20'),(10430,'2023-03-05 23:53:21','2023-03-05 23:53:21'),(10431,'2023-03-05 23:53:21','2023-03-05 23:53:21'),(10432,'2023-03-05 23:53:22','2023-03-05 23:53:22'),(10433,'2023-03-05 23:54:11','2023-03-05 23:54:11'),(10434,'2023-03-05 23:54:12','2023-03-05 23:54:12'),(10435,'2023-03-05 23:54:13','2023-03-05 23:54:13'),(10436,'2023-03-05 23:54:13','2023-03-05 23:54:13'),(10437,'2023-03-05 23:54:45','2023-03-05 23:54:45'),(10438,'2023-03-05 23:54:46','2023-03-05 23:54:46'),(10439,'2023-03-05 23:54:47','2023-03-05 23:54:47'),(10440,'2023-03-05 23:54:48','2023-03-05 23:54:48'),(10441,'2023-03-05 23:55:40','2023-03-05 23:55:40'),(10442,'2023-03-05 23:55:40','2023-03-05 23:55:40'),(10443,'2023-03-05 23:55:41','2023-03-05 23:55:41'),(10444,'2023-03-05 23:55:42','2023-03-05 23:55:42'),(10445,'2023-03-05 23:56:56','2023-03-05 23:56:56'),(10446,'2023-03-05 23:56:57','2023-03-05 23:56:57'),(10447,'2023-03-05 23:56:57','2023-03-05 23:56:57'),(10448,'2023-03-05 23:56:58','2023-03-05 23:56:58'),(10449,'2023-03-05 23:57:28','2023-03-05 23:57:28'),(10450,'2023-03-05 23:57:28','2023-03-05 23:57:28'),(10451,'2023-03-05 23:57:29','2023-03-05 23:57:29'),(10452,'2023-03-05 23:57:30','2023-03-05 23:57:30'),(10453,'2023-03-05 23:57:48','2023-03-05 23:57:48'),(10454,'2023-03-05 23:57:49','2023-03-05 23:57:49'),(10455,'2023-03-05 23:57:50','2023-03-05 23:57:50'),(10456,'2023-03-05 23:57:50','2023-03-05 23:57:50'),(10457,'2023-03-06 10:42:52','2023-03-06 10:42:52'),(10458,'2023-03-06 10:42:53','2023-03-06 10:42:53'),(10459,'2023-03-06 10:42:53','2023-03-06 10:42:53'),(10460,'2023-03-06 10:42:54','2023-03-06 10:42:54'),(10461,'2023-03-06 10:43:53','2023-03-06 10:43:53'),(10462,'2023-03-06 10:43:54','2023-03-06 10:43:54'),(10463,'2023-03-06 10:43:54','2023-03-06 10:43:54'),(10464,'2023-03-06 10:43:55','2023-03-06 10:43:55'),(10465,'2023-03-06 10:45:06','2023-03-06 10:45:06'),(10466,'2023-03-06 10:45:07','2023-03-06 10:45:07'),(10467,'2023-03-06 10:45:08','2023-03-06 10:45:08'),(10468,'2023-03-06 10:45:08','2023-03-06 10:45:08'),(10469,'2023-03-06 10:45:46','2023-03-06 10:45:46'),(10470,'2023-03-06 10:45:47','2023-03-06 10:45:47'),(10471,'2023-03-06 10:45:47','2023-03-06 10:45:47'),(10472,'2023-03-06 10:45:48','2023-03-06 10:45:48'),(10473,'2023-03-06 10:49:49','2023-03-06 10:49:49'),(10474,'2023-03-06 10:49:50','2023-03-06 10:49:50'),(10475,'2023-03-06 10:49:51','2023-03-06 10:49:51'),(10476,'2023-03-06 10:49:51','2023-03-06 10:49:51'),(10477,'2023-03-06 10:54:43','2023-03-06 10:54:43'),(10478,'2023-03-06 10:54:43','2023-03-06 10:54:43'),(10479,'2023-03-06 10:54:44','2023-03-06 10:54:44'),(10480,'2023-03-06 10:54:45','2023-03-06 10:54:45'),(10481,'2023-03-06 10:55:06','2023-03-06 10:55:06'),(10482,'2023-03-06 10:55:06','2023-03-06 10:55:06'),(10483,'2023-03-06 10:55:07','2023-03-06 10:55:07'),(10484,'2023-03-06 10:55:08','2023-03-06 10:55:08'),(10485,'2023-03-06 10:56:12','2023-03-06 10:56:12'),(10486,'2023-03-06 10:56:13','2023-03-06 10:56:13'),(10487,'2023-03-06 10:56:13','2023-03-06 10:56:13'),(10488,'2023-03-06 10:56:14','2023-03-06 10:56:14'),(10489,'2023-03-06 10:57:04','2023-03-06 10:57:04'),(10490,'2023-03-06 10:57:05','2023-03-06 10:57:05'),(10491,'2023-03-06 10:57:05','2023-03-06 10:57:05'),(10492,'2023-03-06 10:57:06','2023-03-06 10:57:06'),(10493,'2023-03-06 10:57:25','2023-03-06 10:57:25'),(10494,'2023-03-06 10:57:26','2023-03-06 10:57:26'),(10495,'2023-03-06 10:57:27','2023-03-06 10:57:27'),(10496,'2023-03-06 10:57:27','2023-03-06 10:57:27'),(10497,'2023-03-06 11:05:49','2023-03-06 11:05:49'),(10498,'2023-03-06 11:05:50','2023-03-06 11:05:50'),(10499,'2023-03-06 11:05:51','2023-03-06 11:05:51'),(10500,'2023-03-06 11:05:51','2023-03-06 11:05:51'),(10501,'2023-03-06 11:06:43','2023-03-06 11:06:43'),(10502,'2023-03-06 11:06:44','2023-03-06 11:06:44'),(10503,'2023-03-06 11:06:45','2023-03-06 11:06:45'),(10504,'2023-03-06 11:06:45','2023-03-06 11:06:45'),(10505,'2023-03-06 11:09:53','2023-03-06 11:09:53'),(10506,'2023-03-06 11:09:54','2023-03-06 11:09:54'),(10507,'2023-03-06 11:09:55','2023-03-06 11:09:55'),(10508,'2023-03-06 11:09:55','2023-03-06 11:09:55'),(10509,'2023-03-06 11:11:08','2023-03-06 11:11:08'),(10510,'2023-03-06 11:11:08','2023-03-06 11:11:08'),(10511,'2023-03-06 11:11:09','2023-03-06 11:11:09'),(10512,'2023-03-06 11:11:09','2023-03-06 11:11:09'),(10513,'2023-03-06 11:19:58','2023-03-06 11:19:58'),(10514,'2023-03-06 11:19:59','2023-03-06 11:19:59'),(10515,'2023-03-06 11:19:59','2023-03-06 11:19:59'),(10516,'2023-03-06 11:20:00','2023-03-06 11:20:00'),(10517,'2023-03-06 11:28:15','2023-03-06 11:28:15'),(10518,'2023-03-06 11:28:15','2023-03-06 11:28:15'),(10519,'2023-03-06 11:28:16','2023-03-06 11:28:16'),(10520,'2023-03-06 11:28:17','2023-03-06 11:28:17'),(10521,'2023-03-06 11:28:27','2023-03-06 11:28:27'),(10522,'2023-03-06 11:28:27','2023-03-06 11:28:27'),(10523,'2023-03-06 11:28:28','2023-03-06 11:28:28'),(10524,'2023-03-06 11:28:29','2023-03-06 11:28:29'),(10525,'2023-03-06 11:36:55','2023-03-06 11:36:55'),(10526,'2023-03-06 11:36:56','2023-03-06 11:36:56'),(10527,'2023-03-06 11:36:56','2023-03-06 11:36:56'),(10528,'2023-03-06 11:36:57','2023-03-06 11:36:57'),(10529,'2023-03-06 11:38:03','2023-03-06 11:38:03'),(10530,'2023-03-06 11:38:03','2023-03-06 11:38:03'),(10531,'2023-03-06 11:38:04','2023-03-06 11:38:04'),(10532,'2023-03-06 11:38:05','2023-03-06 11:38:05'),(10533,'2023-03-06 11:38:45','2023-03-06 11:38:45'),(10534,'2023-03-06 11:38:45','2023-03-06 11:38:45'),(10535,'2023-03-06 11:38:46','2023-03-06 11:38:46'),(10536,'2023-03-06 11:38:47','2023-03-06 11:38:47'),(10537,'2023-03-06 11:39:21','2023-03-06 11:39:21'),(10538,'2023-03-06 11:39:22','2023-03-06 11:39:22'),(10539,'2023-03-06 11:39:22','2023-03-06 11:39:22'),(10540,'2023-03-06 11:39:23','2023-03-06 11:39:23'),(10541,'2023-03-06 11:40:13','2023-03-06 11:40:13'),(10542,'2023-03-06 11:40:14','2023-03-06 11:40:14'),(10543,'2023-03-06 11:40:15','2023-03-06 11:40:15'),(10544,'2023-03-06 11:40:15','2023-03-06 11:40:15'),(10545,'2023-03-06 11:42:03','2023-03-06 11:42:03'),(10546,'2023-03-06 11:42:04','2023-03-06 11:42:04'),(10547,'2023-03-06 11:42:04','2023-03-06 11:42:04'),(10548,'2023-03-06 11:42:05','2023-03-06 11:42:05'),(10549,'2023-03-06 11:43:16','2023-03-06 11:43:16'),(10550,'2023-03-06 11:43:17','2023-03-06 11:43:17'),(10551,'2023-03-06 11:43:17','2023-03-06 11:43:17'),(10552,'2023-03-06 11:43:18','2023-03-06 11:43:18'),(10553,'2023-03-06 11:43:47','2023-03-06 11:43:47'),(10554,'2023-03-06 11:43:48','2023-03-06 11:43:48'),(10555,'2023-03-06 11:43:49','2023-03-06 11:43:49'),(10556,'2023-03-06 11:43:50','2023-03-06 11:43:50'),(10557,'2023-03-06 11:44:13','2023-03-06 11:44:13'),(10558,'2023-03-06 11:44:13','2023-03-06 11:44:13'),(10559,'2023-03-06 11:44:14','2023-03-06 11:44:14'),(10560,'2023-03-06 11:44:15','2023-03-06 11:44:15'),(10561,'2023-03-06 11:45:03','2023-03-06 11:45:03'),(10562,'2023-03-06 11:45:03','2023-03-06 11:45:03'),(10563,'2023-03-06 11:45:04','2023-03-06 11:45:04'),(10564,'2023-03-06 11:45:04','2023-03-06 11:45:04'),(10565,'2023-03-06 11:45:38','2023-03-06 11:45:38'),(10566,'2023-03-06 11:45:39','2023-03-06 11:45:39'),(10567,'2023-03-06 11:45:39','2023-03-06 11:45:39'),(10568,'2023-03-06 11:45:40','2023-03-06 11:45:40'),(10569,'2023-03-06 11:45:53','2023-03-06 11:45:53'),(10570,'2023-03-06 11:45:54','2023-03-06 11:45:54'),(10571,'2023-03-06 11:45:55','2023-03-06 11:45:55'),(10572,'2023-03-06 11:45:55','2023-03-06 11:45:55'),(10573,'2023-03-06 11:46:00','2023-03-06 11:46:00'),(10574,'2023-03-06 11:46:01','2023-03-06 11:46:01'),(10575,'2023-03-06 11:46:01','2023-03-06 11:46:01'),(10576,'2023-03-06 11:46:02','2023-03-06 11:46:02'),(10577,'2023-03-06 11:46:27','2023-03-06 11:46:27'),(10578,'2023-03-06 11:46:27','2023-03-06 11:46:27'),(10579,'2023-03-06 11:46:28','2023-03-06 11:46:28'),(10580,'2023-03-06 11:46:29','2023-03-06 11:46:29'),(10581,'2023-03-06 11:46:35','2023-03-06 11:46:35'),(10582,'2023-03-06 11:46:36','2023-03-06 11:46:36'),(10583,'2023-03-06 11:46:36','2023-03-06 11:46:36'),(10584,'2023-03-06 11:46:37','2023-03-06 11:46:37'),(10585,'2023-03-06 11:47:46','2023-03-06 11:47:46'),(10586,'2023-03-06 11:47:46','2023-03-06 11:47:46'),(10587,'2023-03-06 11:47:47','2023-03-06 11:47:47'),(10588,'2023-03-06 11:47:48','2023-03-06 11:47:48'),(10589,'2023-03-06 11:50:49','2023-03-06 11:50:49'),(10590,'2023-03-06 11:50:50','2023-03-06 11:50:50'),(10591,'2023-03-06 11:50:50','2023-03-06 11:50:50'),(10592,'2023-03-06 11:50:51','2023-03-06 11:50:51'),(10593,'2023-03-06 11:59:04','2023-03-06 11:59:04'),(10594,'2023-03-06 11:59:05','2023-03-06 11:59:05'),(10595,'2023-03-06 11:59:05','2023-03-06 11:59:05'),(10596,'2023-03-06 11:59:06','2023-03-06 11:59:06'),(10597,'2023-03-06 12:09:53','2023-03-06 12:09:53'),(10598,'2023-03-06 12:09:53','2023-03-06 12:09:53'),(10599,'2023-03-06 12:09:54','2023-03-06 12:09:54'),(10600,'2023-03-06 12:09:55','2023-03-06 12:09:55'),(10601,'2023-03-06 12:16:53','2023-03-06 12:16:53'),(10602,'2023-03-06 12:16:54','2023-03-06 12:16:54'),(10603,'2023-03-06 12:16:54','2023-03-06 12:16:54'),(10604,'2023-03-06 12:16:55','2023-03-06 12:16:55'),(10605,'2023-03-06 12:28:22','2023-03-06 12:28:22'),(10606,'2023-03-06 12:28:22','2023-03-06 12:28:22'),(10607,'2023-03-06 12:28:23','2023-03-06 12:28:23'),(10608,'2023-03-06 12:28:23','2023-03-06 12:28:23'),(10609,'2023-03-06 14:04:14','2023-03-06 14:04:14'),(10610,'2023-03-06 14:04:15','2023-03-06 14:04:15'),(10611,'2023-03-06 14:04:15','2023-03-06 14:04:15'),(10612,'2023-03-06 14:04:16','2023-03-06 14:04:16'),(10613,'2023-03-06 14:15:10','2023-03-06 14:15:10'),(10614,'2023-03-06 14:15:11','2023-03-06 14:15:11'),(10615,'2023-03-06 14:15:11','2023-03-06 14:15:11'),(10616,'2023-03-06 14:15:12','2023-03-06 14:15:12'),(10617,'2023-03-06 14:15:30','2023-03-06 14:15:30'),(10618,'2023-03-06 14:15:30','2023-03-06 14:15:30'),(10619,'2023-03-06 14:15:31','2023-03-06 14:15:31'),(10620,'2023-03-06 14:15:32','2023-03-06 14:15:32'),(10621,'2023-03-06 14:16:35','2023-03-06 14:16:35'),(10622,'2023-03-06 14:16:35','2023-03-06 14:16:35'),(10623,'2023-03-06 14:16:36','2023-03-06 14:16:36'),(10624,'2023-03-06 14:16:36','2023-03-06 14:16:36'),(10625,'2023-03-06 14:21:18','2023-03-06 14:21:18'),(10626,'2023-03-06 14:21:19','2023-03-06 14:21:19'),(10627,'2023-03-06 14:21:19','2023-03-06 14:21:19'),(10628,'2023-03-06 14:21:20','2023-03-06 14:21:20'),(10629,'2023-03-06 14:56:39','2023-03-06 14:56:39'),(10630,'2023-03-06 14:56:39','2023-03-06 14:56:39'),(10631,'2023-03-06 14:56:40','2023-03-06 14:56:40'),(10632,'2023-03-06 14:56:41','2023-03-06 14:56:41'),(10633,'2023-03-06 14:58:25','2023-03-06 14:58:25'),(10634,'2023-03-06 14:58:26','2023-03-06 14:58:26'),(10635,'2023-03-06 14:58:27','2023-03-06 14:58:27'),(10636,'2023-03-06 14:58:27','2023-03-06 14:58:27'),(10637,'2023-03-06 14:58:33','2023-03-06 14:58:33'),(10638,'2023-03-06 14:58:33','2023-03-06 14:58:33'),(10639,'2023-03-06 14:58:34','2023-03-06 14:58:34'),(10640,'2023-03-06 14:58:35','2023-03-06 14:58:35'),(10641,'2023-03-06 15:00:37','2023-03-06 15:00:37'),(10642,'2023-03-06 15:00:38','2023-03-06 15:00:38'),(10643,'2023-03-06 15:00:38','2023-03-06 15:00:38'),(10644,'2023-03-06 15:00:39','2023-03-06 15:00:39'),(10645,'2023-03-06 15:01:09','2023-03-06 15:01:09'),(10646,'2023-03-06 15:01:10','2023-03-06 15:01:10'),(10647,'2023-03-06 15:01:11','2023-03-06 15:01:11'),(10648,'2023-03-06 15:01:11','2023-03-06 15:01:11'),(10649,'2023-03-06 15:01:31','2023-03-06 15:01:31'),(10650,'2023-03-06 15:01:31','2023-03-06 15:01:31'),(10651,'2023-03-06 15:01:32','2023-03-06 15:01:32'),(10652,'2023-03-06 15:01:33','2023-03-06 15:01:33'),(10653,'2023-03-06 15:02:06','2023-03-06 15:02:06'),(10654,'2023-03-06 15:02:06','2023-03-06 15:02:06'),(10655,'2023-03-06 15:02:07','2023-03-06 15:02:07'),(10656,'2023-03-06 15:02:08','2023-03-06 15:02:08'),(10657,'2023-03-06 15:02:31','2023-03-06 15:02:31'),(10658,'2023-03-06 15:02:32','2023-03-06 15:02:32'),(10659,'2023-03-06 15:02:32','2023-03-06 15:02:32'),(10660,'2023-03-06 15:02:33','2023-03-06 15:02:33'),(10661,'2023-03-06 15:02:54','2023-03-06 15:02:54'),(10662,'2023-03-06 15:02:55','2023-03-06 15:02:55'),(10663,'2023-03-06 15:02:55','2023-03-06 15:02:55'),(10664,'2023-03-06 15:02:56','2023-03-06 15:02:56'),(10665,'2023-03-06 15:03:03','2023-03-06 15:03:03'),(10666,'2023-03-06 15:03:03','2023-03-06 15:03:03'),(10667,'2023-03-06 15:03:04','2023-03-06 15:03:04'),(10668,'2023-03-06 15:03:05','2023-03-06 15:03:05'),(10669,'2023-03-06 15:03:25','2023-03-06 15:03:25'),(10670,'2023-03-06 15:03:26','2023-03-06 15:03:26'),(10671,'2023-03-06 15:03:26','2023-03-06 15:03:26'),(10672,'2023-03-06 15:03:27','2023-03-06 15:03:27'),(10673,'2023-03-06 15:03:31','2023-03-06 15:03:31'),(10674,'2023-03-06 15:03:31','2023-03-06 15:03:31'),(10675,'2023-03-06 15:03:32','2023-03-06 15:03:32'),(10676,'2023-03-06 15:03:33','2023-03-06 15:03:33'),(10677,'2023-03-06 15:03:47','2023-03-06 15:03:47'),(10678,'2023-03-06 15:03:47','2023-03-06 15:03:47'),(10679,'2023-03-06 15:03:48','2023-03-06 15:03:48'),(10680,'2023-03-06 15:03:49','2023-03-06 15:03:49'),(10681,'2023-03-06 15:03:54','2023-03-06 15:03:54'),(10682,'2023-03-06 15:03:54','2023-03-06 15:03:54'),(10683,'2023-03-06 15:03:55','2023-03-06 15:03:55'),(10684,'2023-03-06 15:03:56','2023-03-06 15:03:56'),(10685,'2023-03-06 15:04:01','2023-03-06 15:04:01'),(10686,'2023-03-06 15:04:01','2023-03-06 15:04:01'),(10687,'2023-03-06 15:04:02','2023-03-06 15:04:02'),(10688,'2023-03-06 15:04:03','2023-03-06 15:04:03'),(10689,'2023-03-06 15:04:12','2023-03-06 15:04:12'),(10690,'2023-03-06 15:04:13','2023-03-06 15:04:13'),(10691,'2023-03-06 15:04:14','2023-03-06 15:04:14'),(10692,'2023-03-06 15:04:14','2023-03-06 15:04:14'),(10693,'2023-03-06 15:07:29','2023-03-06 15:07:29'),(10694,'2023-03-06 15:07:30','2023-03-06 15:07:30'),(10695,'2023-03-06 15:07:31','2023-03-06 15:07:31'),(10696,'2023-03-06 15:07:31','2023-03-06 15:07:31'),(10697,'2023-03-06 15:07:54','2023-03-06 15:07:54'),(10698,'2023-03-06 15:07:54','2023-03-06 15:07:54'),(10699,'2023-03-06 15:07:55','2023-03-06 15:07:55'),(10700,'2023-03-06 15:07:56','2023-03-06 15:07:56'),(10701,'2023-03-06 15:11:16','2023-03-06 15:11:16'),(10702,'2023-03-06 15:11:16','2023-03-06 15:11:16'),(10703,'2023-03-06 15:11:17','2023-03-06 15:11:17'),(10704,'2023-03-06 15:11:18','2023-03-06 15:11:18'),(10705,'2023-03-06 15:12:48','2023-03-06 15:12:48'),(10706,'2023-03-06 15:12:48','2023-03-06 15:12:48'),(10707,'2023-03-06 15:12:49','2023-03-06 15:12:49'),(10708,'2023-03-06 15:12:50','2023-03-06 15:12:50'),(10709,'2023-03-06 15:16:08','2023-03-06 15:16:08'),(10710,'2023-03-06 15:16:09','2023-03-06 15:16:09'),(10711,'2023-03-06 15:16:09','2023-03-06 15:16:09'),(10712,'2023-03-06 15:16:10','2023-03-06 15:16:10'),(10713,'2023-03-06 15:16:27','2023-03-06 15:16:27'),(10714,'2023-03-06 15:16:27','2023-03-06 15:16:27'),(10715,'2023-03-06 15:16:28','2023-03-06 15:16:28'),(10716,'2023-03-06 15:16:28','2023-03-06 15:16:28'),(10717,'2023-03-06 15:16:56','2023-03-06 15:16:56'),(10718,'2023-03-06 15:16:56','2023-03-06 15:16:56'),(10719,'2023-03-06 15:16:57','2023-03-06 15:16:57'),(10720,'2023-03-06 15:16:58','2023-03-06 15:16:58'),(10721,'2023-03-06 15:36:02','2023-03-06 15:36:02'),(10722,'2023-03-06 15:36:02','2023-03-06 15:36:02'),(10723,'2023-03-06 15:36:03','2023-03-06 15:36:03'),(10724,'2023-03-06 15:36:04','2023-03-06 15:36:04'),(10725,'2023-03-06 15:53:54','2023-03-06 15:53:54'),(10726,'2023-03-06 15:53:55','2023-03-06 15:53:55'),(10727,'2023-03-06 15:53:55','2023-03-06 15:53:55'),(10728,'2023-03-06 15:53:56','2023-03-06 15:53:56'),(10729,'2023-03-06 15:54:04','2023-03-06 15:54:04'),(10730,'2023-03-06 15:54:05','2023-03-06 15:54:05'),(10731,'2023-03-06 15:54:05','2023-03-06 15:54:05'),(10732,'2023-03-06 15:54:06','2023-03-06 15:54:06'),(10733,'2023-03-06 16:12:02','2023-03-06 16:12:02'),(10734,'2023-03-06 16:12:03','2023-03-06 16:12:03'),(10735,'2023-03-06 16:12:04','2023-03-06 16:12:04'),(10736,'2023-03-06 16:12:04','2023-03-06 16:12:04'),(10737,'2023-03-06 16:50:52','2023-03-06 16:50:52'),(10738,'2023-03-06 16:50:53','2023-03-06 16:50:53'),(10739,'2023-03-06 16:50:53','2023-03-06 16:50:53'),(10740,'2023-03-06 16:50:54','2023-03-06 16:50:54'),(10741,'2023-03-06 17:58:08','2023-03-06 17:58:08'),(10742,'2023-03-06 17:58:09','2023-03-06 17:58:09'),(10743,'2023-03-06 17:58:10','2023-03-06 17:58:10'),(10744,'2023-03-06 17:58:10','2023-03-06 17:58:10'),(10745,'2023-03-06 19:12:16','2023-03-06 19:12:16'),(10746,'2023-03-06 19:12:16','2023-03-06 19:12:16'),(10747,'2023-03-06 19:12:17','2023-03-06 19:12:17'),(10748,'2023-03-06 19:12:18','2023-03-06 19:12:18'),(10749,'2023-03-06 19:16:08','2023-03-06 19:16:08'),(10750,'2023-03-06 19:16:09','2023-03-06 19:16:09'),(10751,'2023-03-06 19:33:05','2023-03-06 19:33:05'),(10752,'2023-03-06 19:33:06','2023-03-06 19:33:06'),(10753,'2023-03-06 19:33:06','2023-03-06 19:33:06'),(10754,'2023-03-06 19:33:07','2023-03-06 19:33:07'),(10755,'2023-03-06 19:34:19','2023-03-06 19:34:19'),(10756,'2023-03-06 19:34:20','2023-03-06 19:34:20'),(10757,'2023-03-06 19:36:19','2023-03-06 19:36:19'),(10758,'2023-03-06 19:36:20','2023-03-06 19:36:20'),(10759,'2023-03-06 19:36:21','2023-03-06 19:36:21'),(10760,'2023-03-06 19:36:21','2023-03-06 19:36:21'),(10761,'2023-03-06 19:36:58','2023-03-06 19:36:58'),(10762,'2023-03-06 19:36:58','2023-03-06 19:36:58'),(10763,'2023-03-06 19:37:25','2023-03-06 19:37:25'),(10764,'2023-03-06 19:37:26','2023-03-06 19:37:26'),(10765,'2023-03-06 19:37:27','2023-03-06 19:37:27'),(10766,'2023-03-06 19:37:27','2023-03-06 19:37:27'),(10767,'2023-03-06 19:45:52','2023-03-06 19:45:52'),(10768,'2023-03-06 19:45:53','2023-03-06 19:45:53'),(10769,'2023-03-06 19:45:53','2023-03-06 19:45:53'),(10770,'2023-03-06 19:45:54','2023-03-06 19:45:54'),(10771,'2023-03-06 19:57:25','2023-03-06 19:57:25'),(10772,'2023-03-06 19:57:25','2023-03-06 19:57:25'),(10773,'2023-03-06 19:57:26','2023-03-06 19:57:26'),(10774,'2023-03-06 19:57:27','2023-03-06 19:57:27'),(10775,'2023-03-06 19:58:09','2023-03-06 19:58:09'),(10776,'2023-03-06 19:58:10','2023-03-06 19:58:10'),(10777,'2023-03-06 19:58:10','2023-03-06 19:58:10'),(10778,'2023-03-06 19:58:11','2023-03-06 19:58:11'),(10779,'2023-03-06 19:59:04','2023-03-06 19:59:04'),(10780,'2023-03-06 19:59:05','2023-03-06 19:59:05'),(10781,'2023-03-06 19:59:21','2023-03-06 19:59:21'),(10782,'2023-03-06 19:59:22','2023-03-06 19:59:22'),(10783,'2023-03-06 19:59:22','2023-03-06 19:59:22'),(10784,'2023-03-06 19:59:23','2023-03-06 19:59:23'),(10785,'2023-03-06 21:17:12','2023-03-06 21:17:12'),(10786,'2023-03-06 21:17:12','2023-03-06 21:17:12'),(10787,'2023-03-06 21:17:13','2023-03-06 21:17:13'),(10788,'2023-03-06 21:17:14','2023-03-06 21:17:14'),(10789,'2023-03-06 21:25:44','2023-03-06 21:25:44'),(10790,'2023-03-06 21:25:44','2023-03-06 21:25:44'),(10791,'2023-03-06 21:25:45','2023-03-06 21:25:45'),(10792,'2023-03-06 21:25:46','2023-03-06 21:25:46'),(10793,'2023-03-06 21:28:19','2023-03-06 21:28:19'),(10794,'2023-03-06 21:28:20','2023-03-06 21:28:20'),(10795,'2023-03-06 21:28:21','2023-03-06 21:28:21'),(10796,'2023-03-06 21:28:21','2023-03-06 21:28:21'),(10797,'2023-03-06 21:38:47','2023-03-06 21:38:47'),(10798,'2023-03-06 21:38:47','2023-03-06 21:38:47'),(10799,'2023-03-06 21:38:48','2023-03-06 21:38:48'),(10800,'2023-03-06 21:38:49','2023-03-06 21:38:49'),(10801,'2023-03-06 21:39:00','2023-03-06 21:39:00'),(10802,'2023-03-06 21:39:00','2023-03-06 21:39:00'),(10803,'2023-03-06 21:39:01','2023-03-06 21:39:01'),(10804,'2023-03-06 21:39:02','2023-03-06 21:39:02'),(10805,'2023-03-06 21:40:38','2023-03-06 21:40:38'),(10806,'2023-03-06 21:40:38','2023-03-06 21:40:38'),(10807,'2023-03-06 21:40:50','2023-03-06 21:40:50'),(10808,'2023-03-06 21:40:50','2023-03-06 21:40:50'),(10809,'2023-03-06 21:40:51','2023-03-06 21:40:51'),(10810,'2023-03-06 21:40:52','2023-03-06 21:40:52'),(10811,'2023-03-06 21:44:00','2023-03-06 21:44:00'),(10812,'2023-03-06 21:44:25','2023-03-06 21:44:25'),(10813,'2023-03-06 21:44:25','2023-03-06 21:44:25'),(10814,'2023-03-06 21:44:49','2023-03-06 21:44:49'),(10815,'2023-03-06 21:44:50','2023-03-06 21:44:50'),(10816,'2023-03-06 21:44:51','2023-03-06 21:44:51'),(10817,'2023-03-06 21:44:51','2023-03-06 21:44:51'),(10818,'2023-03-06 21:51:02','2023-03-06 21:51:02'),(10819,'2023-03-06 21:51:03','2023-03-06 21:51:03'),(10820,'2023-03-06 21:51:04','2023-03-06 21:51:04'),(10821,'2023-03-06 21:51:04','2023-03-06 21:51:04'),(10822,'2023-03-06 21:52:02','2023-03-06 21:52:02'),(10823,'2023-03-06 21:52:02','2023-03-06 21:52:02'),(10824,'2023-03-06 21:52:03','2023-03-06 21:52:03'),(10825,'2023-03-06 21:52:03','2023-03-06 21:52:03'),(10826,'2023-03-06 21:52:38','2023-03-06 21:52:38'),(10827,'2023-03-06 21:52:39','2023-03-06 21:52:39'),(10828,'2023-03-06 21:52:40','2023-03-06 21:52:40'),(10829,'2023-03-06 21:52:40','2023-03-06 21:52:40'),(10830,'2023-03-07 08:46:20','2023-03-07 08:46:20'),(10831,'2023-03-07 08:46:21','2023-03-07 08:46:21'),(10832,'2023-03-07 08:46:21','2023-03-07 08:46:21'),(10833,'2023-03-07 08:46:22','2023-03-07 08:46:22'),(10834,'2023-03-07 09:01:44','2023-03-07 09:01:44'),(10835,'2023-03-07 09:01:45','2023-03-07 09:01:45'),(10836,'2023-03-07 09:01:45','2023-03-07 09:01:45'),(10837,'2023-03-07 09:01:46','2023-03-07 09:01:46'),(10838,'2023-03-07 09:15:00','2023-03-07 09:15:00'),(10839,'2023-03-07 09:15:00','2023-03-07 09:15:00'),(10840,'2023-03-07 09:15:01','2023-03-07 09:15:01'),(10841,'2023-03-07 09:15:02','2023-03-07 09:15:02'),(10842,'2023-03-07 09:21:12','2023-03-07 09:21:12'),(10843,'2023-03-07 09:21:13','2023-03-07 09:21:13'),(10844,'2023-03-07 09:21:14','2023-03-07 09:21:14'),(10845,'2023-03-07 09:21:14','2023-03-07 09:21:14'),(10846,'2023-03-07 09:22:10','2023-03-07 09:22:10'),(10847,'2023-03-07 09:22:10','2023-03-07 09:22:10'),(10848,'2023-03-07 09:22:11','2023-03-07 09:22:11'),(10849,'2023-03-07 09:22:12','2023-03-07 09:22:12'),(10850,'2023-03-07 09:31:29','2023-03-07 09:31:29'),(10851,'2023-03-07 09:31:29','2023-03-07 09:31:29'),(10852,'2023-03-07 09:31:30','2023-03-07 09:31:30'),(10853,'2023-03-07 09:31:31','2023-03-07 09:31:31'),(10854,'2023-03-07 09:34:50','2023-03-07 09:34:50'),(10855,'2023-03-07 09:34:50','2023-03-07 09:34:50'),(10856,'2023-03-07 09:34:51','2023-03-07 09:34:51'),(10857,'2023-03-07 09:34:52','2023-03-07 09:34:52'),(10858,'2023-03-07 09:36:00','2023-03-07 09:36:00'),(10859,'2023-03-07 09:36:00','2023-03-07 09:36:00'),(10860,'2023-03-07 09:36:01','2023-03-07 09:36:01'),(10861,'2023-03-07 09:36:02','2023-03-07 09:36:02'),(10862,'2023-03-07 09:36:20','2023-03-07 09:36:20'),(10863,'2023-03-07 09:36:21','2023-03-07 09:36:21'),(10864,'2023-03-07 09:36:22','2023-03-07 09:36:22'),(10865,'2023-03-07 09:36:22','2023-03-07 09:36:22'),(10866,'2023-03-07 09:37:35','2023-03-07 09:37:35'),(10867,'2023-03-07 09:37:36','2023-03-07 09:37:36'),(10868,'2023-03-07 09:37:37','2023-03-07 09:37:37'),(10869,'2023-03-07 09:37:37','2023-03-07 09:37:37'),(10870,'2023-03-07 09:39:13','2023-03-07 09:39:13'),(10871,'2023-03-07 09:39:14','2023-03-07 09:39:14'),(10872,'2023-03-07 09:39:15','2023-03-07 09:39:15'),(10873,'2023-03-07 09:39:15','2023-03-07 09:39:15'),(10874,'2023-03-07 09:50:51','2023-03-07 09:50:51'),(10875,'2023-03-07 09:50:52','2023-03-07 09:50:52'),(10876,'2023-03-07 09:50:53','2023-03-07 09:50:53'),(10877,'2023-03-07 09:50:53','2023-03-07 09:50:53'),(10878,'2023-03-07 09:54:58','2023-03-07 09:54:58'),(10879,'2023-03-07 09:54:58','2023-03-07 09:54:58'),(10880,'2023-03-07 09:54:59','2023-03-07 09:54:59'),(10881,'2023-03-07 09:55:00','2023-03-07 09:55:00'),(10882,'2023-03-07 09:55:06','2023-03-07 09:55:06'),(10883,'2023-03-07 09:55:07','2023-03-07 09:55:07'),(10884,'2023-03-07 09:55:07','2023-03-07 09:55:07'),(10885,'2023-03-07 09:55:08','2023-03-07 09:55:08'),(10886,'2023-03-07 10:07:03','2023-03-07 10:07:03'),(10887,'2023-03-07 10:07:04','2023-03-07 10:07:04'),(10888,'2023-03-07 10:07:04','2023-03-07 10:07:04'),(10889,'2023-03-07 10:07:05','2023-03-07 10:07:05'),(10890,'2023-03-07 10:19:09','2023-03-07 10:19:09'),(10891,'2023-03-07 10:19:09','2023-03-07 10:19:09'),(10892,'2023-03-07 10:19:10','2023-03-07 10:19:10'),(10893,'2023-03-07 10:19:11','2023-03-07 10:19:11'),(10894,'2023-03-07 10:20:30','2023-03-07 10:20:30'),(10895,'2023-03-07 10:20:30','2023-03-07 10:20:30'),(10896,'2023-03-07 10:20:31','2023-03-07 10:20:31'),(10897,'2023-03-07 10:20:32','2023-03-07 10:20:32'),(10898,'2023-03-07 10:45:41','2023-03-07 10:45:41'),(10899,'2023-03-07 10:45:42','2023-03-07 10:45:42'),(10900,'2023-03-07 10:45:42','2023-03-07 10:45:42'),(10901,'2023-03-07 10:45:43','2023-03-07 10:45:43'),(10902,'2023-03-07 10:46:01','2023-03-07 10:46:01'),(10903,'2023-03-07 10:46:02','2023-03-07 10:46:02'),(10904,'2023-03-07 10:46:02','2023-03-07 10:46:02'),(10905,'2023-03-07 10:46:03','2023-03-07 10:46:03'),(10906,'2023-03-07 10:48:43','2023-03-07 10:48:43'),(10907,'2023-03-07 10:49:57','2023-03-07 10:49:57'),(10908,'2023-03-07 10:49:58','2023-03-07 10:49:58'),(10909,'2023-03-07 10:50:44','2023-03-07 10:50:44'),(10910,'2023-03-07 10:50:45','2023-03-07 10:50:45'),(10911,'2023-03-07 10:50:46','2023-03-07 10:50:46'),(10912,'2023-03-07 10:50:47','2023-03-07 10:50:47'),(10913,'2023-03-07 10:59:10','2023-03-07 10:59:10'),(10914,'2023-03-07 10:59:49','2023-03-07 10:59:49'),(10915,'2023-03-07 10:59:50','2023-03-07 10:59:50'),(10916,'2023-03-07 11:05:27','2023-03-07 11:05:27'),(10917,'2023-03-07 11:05:28','2023-03-07 11:05:28'),(10918,'2023-03-07 11:07:04','2023-03-07 11:07:04'),(10919,'2023-03-07 11:07:05','2023-03-07 11:07:05'),(10920,'2023-03-07 11:07:06','2023-03-07 11:07:06'),(10921,'2023-03-07 11:07:07','2023-03-07 11:07:07'),(10922,'2023-03-07 11:34:41','2023-03-07 11:34:41'),(10923,'2023-03-07 11:34:42','2023-03-07 11:34:42'),(10924,'2023-03-07 11:34:43','2023-03-07 11:34:43'),(10925,'2023-03-07 11:35:27','2023-03-07 11:35:27'),(10926,'2023-03-07 11:35:27','2023-03-07 11:35:27'),(10927,'2023-03-07 11:35:28','2023-03-07 11:35:28'),(10928,'2023-03-07 11:35:29','2023-03-07 11:35:29'),(10929,'2023-03-07 11:49:47','2023-03-07 11:49:47'),(10930,'2023-03-07 11:49:47','2023-03-07 11:49:47'),(10931,'2023-03-07 11:49:48','2023-03-07 11:49:48'),(10932,'2023-03-07 11:49:49','2023-03-07 11:49:49'),(10933,'2023-03-07 11:50:51','2023-03-07 11:50:51'),(10934,'2023-03-07 11:50:52','2023-03-07 11:50:52'),(10935,'2023-03-07 11:50:52','2023-03-07 11:50:52'),(10936,'2023-03-07 11:50:53','2023-03-07 11:50:53'),(10937,'2023-03-07 12:06:29','2023-03-07 12:06:29'),(10938,'2023-03-07 12:06:30','2023-03-07 12:06:30'),(10939,'2023-03-07 12:06:30','2023-03-07 12:06:30'),(10940,'2023-03-07 12:06:31','2023-03-07 12:06:31'),(10941,'2023-03-07 12:16:03','2023-03-07 12:16:03'),(10942,'2023-03-07 12:16:04','2023-03-07 12:16:04'),(10943,'2023-03-07 12:16:05','2023-03-07 12:16:05'),(10944,'2023-03-07 12:16:05','2023-03-07 12:16:05'),(10945,'2023-03-07 15:39:00','2023-03-07 15:39:00'),(10946,'2023-03-07 15:39:00','2023-03-07 15:39:00'),(10947,'2023-03-07 15:39:01','2023-03-07 15:39:01'),(10948,'2023-03-07 15:39:02','2023-03-07 15:39:02'),(10949,'2023-03-07 16:34:06','2023-03-07 16:34:06'),(10950,'2023-03-07 16:34:07','2023-03-07 16:34:07'),(10951,'2023-03-07 16:34:07','2023-03-07 16:34:07'),(10952,'2023-03-07 16:34:08','2023-03-07 16:34:08'),(10953,'2023-03-07 16:39:25','2023-03-07 16:39:25'),(10954,'2023-03-07 16:39:26','2023-03-07 16:39:26'),(10955,'2023-03-07 16:39:27','2023-03-07 16:39:27'),(10956,'2023-03-07 16:39:27','2023-03-07 16:39:27'),(10957,'2023-03-07 16:41:58','2023-03-07 16:41:58'),(10958,'2023-03-07 16:41:59','2023-03-07 16:41:59'),(10959,'2023-03-07 16:42:00','2023-03-07 16:42:00'),(10960,'2023-03-07 16:42:00','2023-03-07 16:42:00'),(10961,'2023-03-07 16:43:53','2023-03-07 16:43:53'),(10962,'2023-03-07 16:43:53','2023-03-07 16:43:53'),(10963,'2023-03-07 16:43:54','2023-03-07 16:43:54'),(10964,'2023-03-07 16:43:54','2023-03-07 16:43:54'),(10965,'2023-03-07 16:44:02','2023-03-07 16:44:02'),(10966,'2023-03-07 16:44:02','2023-03-07 16:44:02'),(10967,'2023-03-07 16:44:03','2023-03-07 16:44:03'),(10968,'2023-03-07 16:44:04','2023-03-07 16:44:04'),(10969,'2023-03-07 16:44:28','2023-03-07 16:44:28'),(10970,'2023-03-07 16:44:29','2023-03-07 16:44:29'),(10971,'2023-03-07 16:44:30','2023-03-07 16:44:30'),(10972,'2023-03-07 16:44:30','2023-03-07 16:44:30'),(10973,'2023-03-07 16:44:44','2023-03-07 16:44:44'),(10974,'2023-03-07 16:44:45','2023-03-07 16:44:45'),(10975,'2023-03-07 16:44:46','2023-03-07 16:44:46'),(10976,'2023-03-07 16:44:46','2023-03-07 16:44:46'),(10977,'2023-03-07 16:45:37','2023-03-07 16:45:37'),(10978,'2023-03-07 16:45:37','2023-03-07 16:45:37'),(10979,'2023-03-07 16:45:38','2023-03-07 16:45:38'),(10980,'2023-03-07 16:45:39','2023-03-07 16:45:39'),(10981,'2023-03-07 17:09:35','2023-03-07 17:09:35'),(10982,'2023-03-07 17:09:35','2023-03-07 17:09:35'),(10983,'2023-03-07 17:09:36','2023-03-07 17:09:36'),(10984,'2023-03-07 17:09:37','2023-03-07 17:09:37'),(10985,'2023-03-07 17:09:48','2023-03-07 17:09:48'),(10986,'2023-03-07 17:09:49','2023-03-07 17:09:49'),(10987,'2023-03-07 17:09:49','2023-03-07 17:09:49'),(10988,'2023-03-07 17:09:50','2023-03-07 17:09:50'),(10989,'2023-03-07 17:11:39','2023-03-07 17:11:39'),(10990,'2023-03-07 17:11:40','2023-03-07 17:11:40'),(10991,'2023-03-07 17:11:41','2023-03-07 17:11:41'),(10992,'2023-03-07 17:11:41','2023-03-07 17:11:41'),(10993,'2023-03-07 17:13:11','2023-03-07 17:13:11'),(10994,'2023-03-07 17:13:12','2023-03-07 17:13:12'),(10995,'2023-03-07 17:13:12','2023-03-07 17:13:12'),(10996,'2023-03-07 17:13:13','2023-03-07 17:13:13'),(10997,'2023-03-07 17:21:04','2023-03-07 17:21:04'),(10998,'2023-03-07 17:21:05','2023-03-07 17:21:05'),(10999,'2023-03-07 17:21:05','2023-03-07 17:21:05'),(11000,'2023-03-07 17:21:06','2023-03-07 17:21:06'),(11001,'2023-03-07 17:24:04','2023-03-07 17:24:04'),(11002,'2023-03-07 17:24:05','2023-03-07 17:24:05'),(11003,'2023-03-07 17:24:05','2023-03-07 17:24:05'),(11004,'2023-03-07 17:24:06','2023-03-07 17:24:06'),(11005,'2023-03-07 17:24:46','2023-03-07 17:24:46'),(11006,'2023-03-07 17:24:47','2023-03-07 17:24:47'),(11007,'2023-03-07 17:24:47','2023-03-07 17:24:47'),(11008,'2023-03-07 17:24:48','2023-03-07 17:24:48'),(11009,'2023-03-07 17:25:37','2023-03-07 17:25:37'),(11010,'2023-03-07 17:25:38','2023-03-07 17:25:38'),(11011,'2023-03-07 17:25:38','2023-03-07 17:25:38'),(11012,'2023-03-07 17:25:39','2023-03-07 17:25:39'),(11013,'2023-03-07 19:36:02','2023-03-07 19:36:02'),(11014,'2023-03-07 19:36:03','2023-03-07 19:36:03'),(11015,'2023-03-07 19:36:03','2023-03-07 19:36:03'),(11016,'2023-03-07 19:36:04','2023-03-07 19:36:04'),(11017,'2023-03-07 19:36:57','2023-03-07 19:36:57'),(11018,'2023-03-07 19:36:58','2023-03-07 19:36:58'),(11019,'2023-03-07 19:36:59','2023-03-07 19:36:59'),(11020,'2023-03-07 19:36:59','2023-03-07 19:36:59'),(11021,'2023-03-07 20:03:36','2023-03-07 20:03:36'),(11022,'2023-03-07 20:03:37','2023-03-07 20:03:37'),(11023,'2023-03-07 20:03:38','2023-03-07 20:03:38'),(11024,'2023-03-07 20:03:38','2023-03-07 20:03:38'),(11025,'2023-03-07 20:58:01','2023-03-07 20:58:01'),(11026,'2023-03-07 20:58:01','2023-03-07 20:58:01'),(11027,'2023-03-07 20:58:02','2023-03-07 20:58:02'),(11028,'2023-03-07 20:58:03','2023-03-07 20:58:03'),(11029,'2023-03-07 23:46:37','2023-03-07 23:46:37'),(11030,'2023-03-07 23:46:38','2023-03-07 23:46:38'),(11031,'2023-03-07 23:46:38','2023-03-07 23:46:38'),(11032,'2023-03-07 23:46:39','2023-03-07 23:46:39'),(11033,'2023-03-07 23:47:07','2023-03-07 23:47:07'),(11034,'2023-03-07 23:47:08','2023-03-07 23:47:08'),(11035,'2023-03-07 23:47:08','2023-03-07 23:47:08'),(11036,'2023-03-07 23:47:09','2023-03-07 23:47:09'),(11037,'2023-03-07 23:47:33','2023-03-07 23:47:33'),(11038,'2023-03-07 23:47:33','2023-03-07 23:47:33'),(11039,'2023-03-07 23:47:34','2023-03-07 23:47:34'),(11040,'2023-03-07 23:47:35','2023-03-07 23:47:35'),(11041,'2023-03-07 23:47:51','2023-03-07 23:47:51'),(11042,'2023-03-07 23:47:51','2023-03-07 23:47:51'),(11043,'2023-03-07 23:47:52','2023-03-07 23:47:52'),(11044,'2023-03-07 23:47:53','2023-03-07 23:47:53'),(11045,'2023-03-07 23:48:17','2023-03-07 23:48:17'),(11046,'2023-03-07 23:48:18','2023-03-07 23:48:18'),(11047,'2023-03-07 23:48:19','2023-03-07 23:48:19'),(11048,'2023-03-07 23:48:19','2023-03-07 23:48:19'),(11049,'2023-03-07 23:48:39','2023-03-07 23:48:39'),(11050,'2023-03-07 23:48:39','2023-03-07 23:48:39'),(11051,'2023-03-07 23:48:40','2023-03-07 23:48:40'),(11052,'2023-03-07 23:48:41','2023-03-07 23:48:41'),(11053,'2023-03-07 23:48:55','2023-03-07 23:48:55'),(11054,'2023-03-07 23:48:55','2023-03-07 23:48:55'),(11055,'2023-03-07 23:48:56','2023-03-07 23:48:56'),(11056,'2023-03-07 23:48:57','2023-03-07 23:48:57'),(11057,'2023-03-08 00:02:16','2023-03-08 00:02:16'),(11058,'2023-03-08 00:02:16','2023-03-08 00:02:16'),(11059,'2023-03-08 00:02:17','2023-03-08 00:02:17'),(11060,'2023-03-08 00:02:18','2023-03-08 00:02:18'),(11061,'2023-03-08 00:02:31','2023-03-08 00:02:31'),(11062,'2023-03-08 00:02:31','2023-03-08 00:02:31'),(11063,'2023-03-08 00:02:32','2023-03-08 00:02:32'),(11064,'2023-03-08 00:02:33','2023-03-08 00:02:33'),(11065,'2023-03-08 00:02:47','2023-03-08 00:02:47'),(11066,'2023-03-08 00:02:48','2023-03-08 00:02:48'),(11067,'2023-03-08 00:02:48','2023-03-08 00:02:48'),(11068,'2023-03-08 00:02:49','2023-03-08 00:02:49'),(11069,'2023-03-08 00:04:12','2023-03-08 00:04:12'),(11070,'2023-03-08 00:04:13','2023-03-08 00:04:13'),(11071,'2023-03-08 00:04:13','2023-03-08 00:04:13'),(11072,'2023-03-08 00:04:14','2023-03-08 00:04:14'),(11073,'2023-03-08 00:05:48','2023-03-08 00:05:48'),(11074,'2023-03-08 00:05:49','2023-03-08 00:05:49'),(11075,'2023-03-08 00:06:02','2023-03-08 00:06:02'),(11076,'2023-03-08 00:06:03','2023-03-08 00:06:03'),(11077,'2023-03-08 00:06:04','2023-03-08 00:06:04'),(11078,'2023-03-08 00:06:04','2023-03-08 00:06:04'),(11079,'2023-03-08 00:06:11','2023-03-08 00:06:11'),(11080,'2023-03-08 00:06:12','2023-03-08 00:06:12'),(11081,'2023-03-08 00:06:12','2023-03-08 00:06:12'),(11082,'2023-03-08 00:06:13','2023-03-08 00:06:13'),(11083,'2023-03-08 08:40:20','2023-03-08 08:40:20'),(11084,'2023-03-08 08:40:21','2023-03-08 08:40:21'),(11085,'2023-03-08 08:40:22','2023-03-08 08:40:22'),(11086,'2023-03-08 08:40:22','2023-03-08 08:40:22'),(11087,'2023-03-08 09:05:55','2023-03-08 09:05:55'),(11088,'2023-03-08 09:05:56','2023-03-08 09:05:56'),(11089,'2023-03-08 09:05:57','2023-03-08 09:05:57'),(11090,'2023-03-08 09:05:57','2023-03-08 09:05:57'),(11091,'2023-03-08 15:15:05','2023-03-08 15:15:05'),(11092,'2023-03-08 15:15:06','2023-03-08 15:15:06'),(11093,'2023-03-08 15:15:07','2023-03-08 15:15:07'),(11094,'2023-03-08 15:15:07','2023-03-08 15:15:07'),(11095,'2023-03-08 16:23:23','2023-03-08 16:23:23'),(11096,'2023-03-08 16:23:24','2023-03-08 16:23:24'),(11097,'2023-03-08 16:23:24','2023-03-08 16:23:24'),(11098,'2023-03-08 16:23:25','2023-03-08 16:23:25'),(11099,'2023-03-08 16:26:09','2023-03-08 16:26:09'),(11100,'2023-03-08 16:26:10','2023-03-08 16:26:10'),(11101,'2023-03-08 16:26:11','2023-03-08 16:26:11'),(11102,'2023-03-08 16:26:11','2023-03-08 16:26:11'),(11103,'2023-03-08 16:27:03','2023-03-08 16:27:03'),(11104,'2023-03-08 16:27:04','2023-03-08 16:27:04'),(11105,'2023-03-08 16:27:05','2023-03-08 16:27:05'),(11106,'2023-03-08 16:27:05','2023-03-08 16:27:05'),(11107,'2023-03-08 16:27:20','2023-03-08 16:27:20'),(11108,'2023-03-08 16:27:21','2023-03-08 16:27:21'),(11109,'2023-03-08 16:27:22','2023-03-08 16:27:22'),(11110,'2023-03-08 16:27:22','2023-03-08 16:27:22'),(11111,'2023-03-08 16:31:57','2023-03-08 16:31:57'),(11112,'2023-03-08 16:31:58','2023-03-08 16:31:58'),(11113,'2023-03-08 16:31:59','2023-03-08 16:31:59'),(11114,'2023-03-08 16:31:59','2023-03-08 16:31:59'),(11115,'2023-03-08 16:37:51','2023-03-08 16:37:51'),(11116,'2023-03-08 16:37:52','2023-03-08 16:37:52'),(11117,'2023-03-08 16:37:53','2023-03-08 16:37:53'),(11118,'2023-03-08 16:37:53','2023-03-08 16:37:53'),(11119,'2023-03-08 16:38:21','2023-03-08 16:38:21'),(11120,'2023-03-08 16:38:21','2023-03-08 16:38:21'),(11121,'2023-03-08 16:38:22','2023-03-08 16:38:22'),(11122,'2023-03-08 16:38:23','2023-03-08 16:38:23'),(11123,'2023-03-08 16:38:33','2023-03-08 16:38:33'),(11124,'2023-03-08 16:38:34','2023-03-08 16:38:34'),(11125,'2023-03-08 16:38:34','2023-03-08 16:38:34'),(11126,'2023-03-08 16:38:35','2023-03-08 16:38:35'),(11127,'2023-03-08 16:42:42','2023-03-08 16:42:42'),(11128,'2023-03-08 16:42:43','2023-03-08 16:42:43'),(11129,'2023-03-08 16:42:44','2023-03-08 16:42:44'),(11130,'2023-03-08 16:42:44','2023-03-08 16:42:44'),(11131,'2023-03-08 16:42:52','2023-03-08 16:42:52'),(11132,'2023-03-08 16:42:53','2023-03-08 16:42:53'),(11133,'2023-03-08 16:42:53','2023-03-08 16:42:53'),(11134,'2023-03-08 16:42:54','2023-03-08 16:42:54'),(11135,'2023-03-08 16:50:25','2023-03-08 16:50:25'),(11136,'2023-03-08 16:50:26','2023-03-08 16:50:26'),(11137,'2023-03-08 16:50:27','2023-03-08 16:50:27'),(11138,'2023-03-08 16:50:27','2023-03-08 16:50:27'),(11139,'2023-03-08 16:51:53','2023-03-08 16:51:53'),(11140,'2023-03-08 16:51:54','2023-03-08 16:51:54'),(11141,'2023-03-08 16:51:54','2023-03-08 16:51:54'),(11142,'2023-03-08 16:51:55','2023-03-08 16:51:55'),(11143,'2023-03-08 16:52:46','2023-03-08 16:52:46'),(11144,'2023-03-08 16:52:47','2023-03-08 16:52:47'),(11145,'2023-03-08 16:52:47','2023-03-08 16:52:47'),(11146,'2023-03-08 16:52:48','2023-03-08 16:52:48'),(11147,'2023-03-08 16:52:59','2023-03-08 16:52:59'),(11148,'2023-03-08 16:53:00','2023-03-08 16:53:00'),(11149,'2023-03-08 16:53:01','2023-03-08 16:53:01'),(11150,'2023-03-08 16:53:01','2023-03-08 16:53:01'),(11151,'2023-03-08 16:53:33','2023-03-08 16:53:33'),(11152,'2023-03-08 16:53:34','2023-03-08 16:53:34'),(11153,'2023-03-08 16:53:34','2023-03-08 16:53:34'),(11154,'2023-03-08 16:53:35','2023-03-08 16:53:35'),(11155,'2023-03-08 16:54:05','2023-03-08 16:54:05'),(11156,'2023-03-08 16:54:06','2023-03-08 16:54:06'),(11157,'2023-03-08 16:54:06','2023-03-08 16:54:06'),(11158,'2023-03-08 16:54:07','2023-03-08 16:54:07'),(11159,'2023-03-08 16:54:16','2023-03-08 16:54:16'),(11160,'2023-03-08 16:54:17','2023-03-08 16:54:17'),(11161,'2023-03-08 16:54:17','2023-03-08 16:54:17'),(11162,'2023-03-08 16:54:18','2023-03-08 16:54:18'),(11163,'2023-03-08 16:54:42','2023-03-08 16:54:42'),(11164,'2023-03-08 16:54:42','2023-03-08 16:54:42'),(11165,'2023-03-08 16:54:43','2023-03-08 16:54:43'),(11166,'2023-03-08 16:54:44','2023-03-08 16:54:44'),(11167,'2023-03-08 16:54:48','2023-03-08 16:54:48'),(11168,'2023-03-08 16:54:49','2023-03-08 16:54:49'),(11169,'2023-03-08 16:54:49','2023-03-08 16:54:49'),(11170,'2023-03-08 16:54:50','2023-03-08 16:54:50'),(11171,'2023-03-08 16:55:23','2023-03-08 16:55:23'),(11172,'2023-03-08 16:55:23','2023-03-08 16:55:23'),(11173,'2023-03-08 16:55:24','2023-03-08 16:55:24'),(11174,'2023-03-08 16:55:25','2023-03-08 16:55:25'),(11175,'2023-03-09 07:07:23','2023-03-09 07:07:23'),(11176,'2023-03-09 07:07:24','2023-03-09 07:07:24'),(11177,'2023-03-09 07:07:25','2023-03-09 07:07:25'),(11178,'2023-03-09 07:07:25','2023-03-09 07:07:25'),(11179,'2023-03-09 07:07:39','2023-03-09 07:07:39'),(11180,'2023-03-09 07:07:39','2023-03-09 07:07:39'),(11181,'2023-03-09 07:07:40','2023-03-09 07:07:40'),(11182,'2023-03-09 07:07:41','2023-03-09 07:07:41'),(11183,'2023-03-09 07:09:08','2023-03-09 07:09:08'),(11184,'2023-03-09 07:09:08','2023-03-09 07:09:08'),(11185,'2023-03-09 07:09:09','2023-03-09 07:09:09'),(11186,'2023-03-09 07:09:10','2023-03-09 07:09:10'),(11187,'2023-03-09 07:10:28','2023-03-09 07:10:28'),(11188,'2023-03-09 07:10:29','2023-03-09 07:10:29'),(11189,'2023-03-09 07:10:29','2023-03-09 07:10:29'),(11190,'2023-03-09 07:10:30','2023-03-09 07:10:30'),(11191,'2023-03-09 07:10:53','2023-03-09 07:10:53'),(11192,'2023-03-09 07:10:53','2023-03-09 07:10:53'),(11193,'2023-03-09 07:10:54','2023-03-09 07:10:54'),(11194,'2023-03-09 07:10:55','2023-03-09 07:10:55'),(11195,'2023-03-09 07:11:04','2023-03-09 07:11:04'),(11196,'2023-03-09 07:11:04','2023-03-09 07:11:04'),(11197,'2023-03-09 07:11:05','2023-03-09 07:11:05'),(11198,'2023-03-09 07:11:05','2023-03-09 07:11:05'),(11199,'2023-03-09 14:58:59','2023-03-09 14:58:59'),(11200,'2023-03-09 15:01:43','2023-03-09 15:01:43'),(11201,'2023-03-09 15:04:26','2023-03-09 15:04:26'),(11202,'2023-03-09 15:04:51','2023-03-09 15:04:51'),(11203,'2023-03-09 15:10:30','2023-03-09 15:10:30'),(11204,'2023-03-09 15:10:49','2023-03-09 15:10:49'),(11205,'2023-03-09 15:13:06','2023-03-09 15:13:06'),(11206,'2023-03-09 15:23:13','2023-03-09 15:23:13'),(11207,'2023-03-09 15:23:13','2023-03-09 15:23:13'),(11208,'2023-03-09 15:28:50','2023-03-09 15:28:50'),(11209,'2023-03-09 15:28:50','2023-03-09 15:28:50'),(11210,'2023-03-09 15:29:28','2023-03-09 15:29:28'),(11211,'2023-03-09 15:29:29','2023-03-09 15:29:29'),(11212,'2023-03-09 15:29:52','2023-03-09 15:29:52'),(11213,'2023-03-09 15:29:53','2023-03-09 15:29:53'),(11214,'2023-03-09 15:29:53','2023-03-09 15:29:53'),(11215,'2023-03-09 15:29:54','2023-03-09 15:29:54'),(11216,'2023-03-09 15:38:55','2023-03-09 15:38:55'),(11217,'2023-03-09 15:38:56','2023-03-09 15:38:56'),(11218,'2023-03-09 15:38:56','2023-03-09 15:38:56'),(11219,'2023-03-09 15:38:57','2023-03-09 15:38:57'),(11220,'2023-03-09 15:39:33','2023-03-09 15:39:33'),(11221,'2023-03-09 15:39:34','2023-03-09 15:39:34'),(11222,'2023-03-09 15:39:35','2023-03-09 15:39:35'),(11223,'2023-03-09 15:39:35','2023-03-09 15:39:35'),(11224,'2023-03-09 15:39:37','2023-03-09 15:39:37'),(11225,'2023-03-09 15:39:38','2023-03-09 15:39:38'),(11226,'2023-03-09 15:39:39','2023-03-09 15:39:39'),(11227,'2023-03-09 15:39:39','2023-03-09 15:39:39'),(11228,'2023-03-09 15:41:17','2023-03-09 15:41:17'),(11229,'2023-03-09 15:41:17','2023-03-09 15:41:17'),(11230,'2023-03-09 15:41:18','2023-03-09 15:41:18'),(11231,'2023-03-09 15:41:19','2023-03-09 15:41:19'),(11232,'2023-03-09 15:41:28','2023-03-09 15:41:28'),(11233,'2023-03-09 15:41:28','2023-03-09 15:41:28'),(11234,'2023-03-09 15:41:29','2023-03-09 15:41:29'),(11235,'2023-03-09 15:41:29','2023-03-09 15:41:29'),(11236,'2023-03-09 15:42:21','2023-03-09 15:42:21'),(11237,'2023-03-09 15:42:22','2023-03-09 15:42:22'),(11238,'2023-03-09 15:42:23','2023-03-09 15:42:23'),(11239,'2023-03-09 15:42:23','2023-03-09 15:42:23'),(11240,'2023-03-09 15:42:41','2023-03-09 15:42:41'),(11241,'2023-03-09 15:42:42','2023-03-09 15:42:42'),(11242,'2023-03-09 15:42:43','2023-03-09 15:42:43'),(11243,'2023-03-09 15:42:43','2023-03-09 15:42:43'),(11244,'2023-03-09 15:43:13','2023-03-09 15:43:13'),(11245,'2023-03-09 15:43:14','2023-03-09 15:43:14'),(11246,'2023-03-09 15:43:15','2023-03-09 15:43:15'),(11247,'2023-03-09 15:43:15','2023-03-09 15:43:15'),(11248,'2023-03-09 15:44:22','2023-03-09 15:44:22'),(11249,'2023-03-09 15:44:56','2023-03-09 15:44:56'),(11250,'2023-03-09 15:44:56','2023-03-09 15:44:56'),(11251,'2023-03-09 15:44:57','2023-03-09 15:44:57'),(11252,'2023-03-09 15:44:58','2023-03-09 15:44:58'),(11253,'2023-03-09 15:44:58','2023-03-09 15:44:58'),(11254,'2023-03-09 15:44:59','2023-03-09 15:44:59'),(11255,'2023-03-09 15:45:00','2023-03-09 15:45:00'),(11256,'2023-03-09 15:45:00','2023-03-09 15:45:00'),(11257,'2023-03-09 15:45:18','2023-03-09 15:45:18'),(11258,'2023-03-09 15:45:19','2023-03-09 15:45:19'),(11259,'2023-03-09 15:45:28','2023-03-09 15:45:28'),(11260,'2023-03-09 15:45:29','2023-03-09 15:45:29'),(11261,'2023-03-09 15:46:12','2023-03-09 15:46:12'),(11262,'2023-03-09 15:46:13','2023-03-09 15:46:13'),(11263,'2023-03-09 15:46:14','2023-03-09 15:46:14'),(11264,'2023-03-09 15:46:14','2023-03-09 15:46:14'),(11265,'2023-03-09 15:46:16','2023-03-09 15:46:16'),(11266,'2023-03-09 15:46:17','2023-03-09 15:46:17'),(11267,'2023-03-09 15:46:17','2023-03-09 15:46:17'),(11268,'2023-03-09 15:46:18','2023-03-09 15:46:18'),(11269,'2023-03-09 15:46:18','2023-03-09 15:46:18'),(11270,'2023-03-09 15:46:19','2023-03-09 15:46:19'),(11271,'2023-03-09 15:46:20','2023-03-09 15:46:20'),(11272,'2023-03-09 15:46:20','2023-03-09 15:46:20'),(11273,'2023-03-09 15:46:23','2023-03-09 15:46:23'),(11274,'2023-03-09 15:46:24','2023-03-09 15:46:24'),(11275,'2023-03-09 15:46:25','2023-03-09 15:46:25'),(11276,'2023-03-09 15:46:25','2023-03-09 15:46:25'),(11277,'2023-03-09 15:47:47','2023-03-09 15:47:47'),(11278,'2023-03-09 15:47:48','2023-03-09 15:47:48'),(11279,'2023-03-09 15:49:26','2023-03-09 15:49:26'),(11280,'2023-03-09 15:49:27','2023-03-09 15:49:27'),(11281,'2023-03-09 15:49:47','2023-03-09 15:49:47'),(11282,'2023-03-09 15:49:47','2023-03-09 15:49:47'),(11283,'2023-03-09 15:49:48','2023-03-09 15:49:48'),(11284,'2023-03-09 15:49:49','2023-03-09 15:49:49'),(11285,'2023-03-09 15:49:52','2023-03-09 15:49:52'),(11286,'2023-03-09 15:49:52','2023-03-09 15:49:52'),(11287,'2023-03-09 15:49:53','2023-03-09 15:49:53'),(11288,'2023-03-09 15:49:54','2023-03-09 15:49:54'),(11289,'2023-03-09 15:50:55','2023-03-09 15:50:55'),(11290,'2023-03-09 15:50:55','2023-03-09 15:50:55'),(11291,'2023-03-09 15:51:01','2023-03-09 15:51:01'),(11292,'2023-03-09 15:51:01','2023-03-09 15:51:01'),(11293,'2023-03-09 15:51:22','2023-03-09 15:51:22'),(11294,'2023-03-09 15:51:23','2023-03-09 15:51:23'),(11295,'2023-03-09 15:51:24','2023-03-09 15:51:24'),(11296,'2023-03-09 15:51:24','2023-03-09 15:51:24'),(11297,'2023-03-09 15:51:26','2023-03-09 15:51:26'),(11298,'2023-03-09 15:51:27','2023-03-09 15:51:27'),(11299,'2023-03-09 15:51:28','2023-03-09 15:51:28'),(11300,'2023-03-09 15:51:28','2023-03-09 15:51:28'),(11301,'2023-03-09 15:56:32','2023-03-09 15:56:32'),(11302,'2023-03-09 15:56:32','2023-03-09 15:56:32'),(11303,'2023-03-09 15:56:33','2023-03-09 15:56:33'),(11304,'2023-03-09 15:56:34','2023-03-09 15:56:34'),(11305,'2023-03-09 15:57:28','2023-03-09 15:57:28'),(11306,'2023-03-09 15:57:28','2023-03-09 15:57:28'),(11307,'2023-03-09 15:57:29','2023-03-09 15:57:29'),(11308,'2023-03-09 15:57:30','2023-03-09 15:57:30'),(11309,'2023-03-09 15:59:19','2023-03-09 15:59:19'),(11310,'2023-03-09 15:59:19','2023-03-09 15:59:19'),(11311,'2023-03-09 15:59:20','2023-03-09 15:59:20'),(11312,'2023-03-09 15:59:20','2023-03-09 15:59:20'),(11313,'2023-03-09 15:59:20','2023-03-09 15:59:20'),(11314,'2023-03-09 15:59:20','2023-03-09 15:59:20'),(11315,'2023-03-09 15:59:21','2023-03-09 15:59:21'),(11316,'2023-03-09 15:59:21','2023-03-09 15:59:21'),(11317,'2023-03-09 15:59:27','2023-03-09 15:59:27'),(11318,'2023-03-09 15:59:27','2023-03-09 15:59:27'),(11319,'2023-03-09 15:59:28','2023-03-09 15:59:28'),(11320,'2023-03-09 15:59:29','2023-03-09 15:59:29'),(11321,'2023-03-09 15:59:40','2023-03-09 15:59:40'),(11322,'2023-03-09 15:59:41','2023-03-09 15:59:41'),(11323,'2023-03-09 15:59:41','2023-03-09 15:59:41'),(11324,'2023-03-09 16:00:29','2023-03-09 16:00:29'),(11325,'2023-03-09 16:00:30','2023-03-09 16:00:30'),(11326,'2023-03-09 16:00:30','2023-03-09 16:00:30'),(11327,'2023-03-09 16:01:55','2023-03-09 16:01:55'),(11328,'2023-03-09 16:01:56','2023-03-09 16:01:56'),(11329,'2023-03-09 16:01:56','2023-03-09 16:01:56'),(11330,'2023-03-09 16:01:57','2023-03-09 16:01:57'),(11331,'2023-03-09 16:07:14','2023-03-09 16:07:14'),(11332,'2023-03-09 16:07:15','2023-03-09 16:07:15'),(11333,'2023-03-09 16:07:16','2023-03-09 16:07:16'),(11334,'2023-03-09 16:07:16','2023-03-09 16:07:16'),(11335,'2023-03-09 16:08:10','2023-03-09 16:08:10'),(11336,'2023-03-09 16:08:10','2023-03-09 16:08:10'),(11337,'2023-03-09 16:08:11','2023-03-09 16:08:11'),(11338,'2023-03-09 16:11:40','2023-03-09 16:11:40'),(11339,'2023-03-09 16:11:51','2023-03-09 16:11:51'),(11340,'2023-03-09 16:12:13','2023-03-09 16:12:13'),(11341,'2023-03-09 16:12:15','2023-03-09 16:12:15'),(11342,'2023-03-09 16:12:16','2023-03-09 16:12:16'),(11343,'2023-03-09 16:12:52','2023-03-09 16:12:52'),(11344,'2023-03-09 16:13:05','2023-03-09 16:13:05'),(11345,'2023-03-09 16:13:06','2023-03-09 16:13:06'),(11346,'2023-03-09 16:13:45','2023-03-09 16:13:45'),(11347,'2023-03-09 16:19:48','2023-03-09 16:19:48'),(11348,'2023-03-09 16:19:48','2023-03-09 16:19:48'),(11349,'2023-03-09 16:19:49','2023-03-09 16:19:49'),(11350,'2023-03-09 16:19:50','2023-03-09 16:19:50'),(11351,'2023-03-09 16:20:10','2023-03-09 16:20:10'),(11352,'2023-03-09 16:20:10','2023-03-09 16:20:10'),(11353,'2023-03-09 16:20:11','2023-03-09 16:20:11'),(11354,'2023-03-09 16:20:11','2023-03-09 16:20:11'),(11355,'2023-03-09 16:21:20','2023-03-09 16:21:20'),(11356,'2023-03-09 16:21:21','2023-03-09 16:21:21'),(11357,'2023-03-09 16:21:21','2023-03-09 16:21:21'),(11358,'2023-03-09 16:21:22','2023-03-09 16:21:22'),(11359,'2023-03-09 16:21:37','2023-03-09 16:21:37'),(11360,'2023-03-09 16:21:38','2023-03-09 16:21:38'),(11361,'2023-03-09 16:21:38','2023-03-09 16:21:38'),(11362,'2023-03-09 16:21:39','2023-03-09 16:21:39'),(11363,'2023-03-09 16:22:03','2023-03-09 16:22:03'),(11364,'2023-03-09 16:22:04','2023-03-09 16:22:04'),(11365,'2023-03-09 16:22:05','2023-03-09 16:22:05'),(11366,'2023-03-09 16:22:05','2023-03-09 16:22:05'),(11367,'2023-03-09 16:22:37','2023-03-09 16:22:37'),(11368,'2023-03-09 16:22:37','2023-03-09 16:22:37'),(11369,'2023-03-09 16:22:38','2023-03-09 16:22:38'),(11370,'2023-03-09 16:22:39','2023-03-09 16:22:39'),(11371,'2023-03-09 16:22:50','2023-03-09 16:22:50'),(11372,'2023-03-09 16:22:51','2023-03-09 16:22:51'),(11373,'2023-03-09 16:22:51','2023-03-09 16:22:51'),(11374,'2023-03-09 16:22:52','2023-03-09 16:22:52'),(11375,'2023-03-09 16:23:39','2023-03-09 16:23:39'),(11376,'2023-03-09 16:23:39','2023-03-09 16:23:39'),(11377,'2023-03-09 16:23:40','2023-03-09 16:23:40'),(11378,'2023-03-09 16:23:41','2023-03-09 16:23:41'),(11379,'2023-03-09 16:24:21','2023-03-09 16:24:21'),(11380,'2023-03-09 16:24:22','2023-03-09 16:24:22'),(11381,'2023-03-09 16:24:22','2023-03-09 16:24:22'),(11382,'2023-03-09 16:24:23','2023-03-09 16:24:23'),(11383,'2023-03-09 16:24:59','2023-03-09 16:24:59'),(11384,'2023-03-09 16:25:00','2023-03-09 16:25:00'),(11385,'2023-03-09 16:25:00','2023-03-09 16:25:00'),(11386,'2023-03-09 16:25:01','2023-03-09 16:25:01'),(11387,'2023-03-09 16:25:27','2023-03-09 16:25:27'),(11388,'2023-03-09 16:25:28','2023-03-09 16:25:28'),(11389,'2023-03-09 16:25:28','2023-03-09 16:25:28'),(11390,'2023-03-09 16:25:29','2023-03-09 16:25:29'),(11391,'2023-03-09 16:26:18','2023-03-09 16:26:18'),(11392,'2023-03-09 16:26:19','2023-03-09 16:26:19'),(11393,'2023-03-09 16:26:19','2023-03-09 16:26:19'),(11394,'2023-03-09 16:26:20','2023-03-09 16:26:20'),(11395,'2023-03-09 16:26:56','2023-03-09 16:26:56'),(11396,'2023-03-09 16:26:56','2023-03-09 16:26:56'),(11397,'2023-03-09 16:26:57','2023-03-09 16:26:57'),(11398,'2023-03-09 16:26:57','2023-03-09 16:26:57'),(11399,'2023-03-09 16:27:42','2023-03-09 16:27:42'),(11400,'2023-03-09 16:27:43','2023-03-09 16:27:43'),(11401,'2023-03-09 16:27:43','2023-03-09 16:27:43'),(11402,'2023-03-09 16:28:00','2023-03-09 16:28:00'),(11403,'2023-03-09 16:28:01','2023-03-09 16:28:01'),(11404,'2023-03-09 16:28:02','2023-03-09 16:28:02'),(11405,'2023-03-09 16:28:02','2023-03-09 16:28:02'),(11406,'2023-03-09 16:28:07','2023-03-09 16:28:07'),(11407,'2023-03-09 16:28:07','2023-03-09 16:28:07'),(11408,'2023-03-09 16:28:08','2023-03-09 16:28:08'),(11409,'2023-03-09 16:28:09','2023-03-09 16:28:09'),(11410,'2023-03-09 16:35:07','2023-03-09 16:35:07'),(11411,'2023-03-09 16:43:46','2023-03-09 16:43:46'),(11412,'2023-03-09 16:43:47','2023-03-09 16:43:47'),(11413,'2023-03-09 16:43:48','2023-03-09 16:43:48'),(11414,'2023-03-09 16:43:48','2023-03-09 16:43:48'),(11415,'2023-03-09 16:44:15','2023-03-09 16:44:15'),(11416,'2023-03-09 16:44:16','2023-03-09 16:44:16'),(11417,'2023-03-09 16:44:16','2023-03-09 16:44:16'),(11418,'2023-03-09 16:44:17','2023-03-09 16:44:17'),(11419,'2023-03-09 16:47:12','2023-03-09 16:47:12'),(11420,'2023-03-09 16:47:13','2023-03-09 16:47:13'),(11421,'2023-03-09 16:47:14','2023-03-09 16:47:14'),(11422,'2023-03-09 16:47:14','2023-03-09 16:47:14'),(11423,'2023-03-09 16:47:41','2023-03-09 16:47:41'),(11424,'2023-03-09 16:47:41','2023-03-09 16:47:41'),(11425,'2023-03-09 16:47:42','2023-03-09 16:47:42'),(11426,'2023-03-09 16:47:43','2023-03-09 16:47:43'),(11427,'2023-03-09 17:13:52','2023-03-09 17:13:52'),(11428,'2023-03-09 17:13:53','2023-03-09 17:13:53'),(11429,'2023-03-09 17:13:54','2023-03-09 17:13:54'),(11430,'2023-03-09 17:13:54','2023-03-09 17:13:54'),(11431,'2023-03-09 17:17:15','2023-03-09 17:17:15'),(11432,'2023-03-09 17:21:00','2023-03-09 17:21:00'),(11433,'2023-03-09 17:21:00','2023-03-09 17:21:00'),(11434,'2023-03-09 17:29:03','2023-03-09 17:29:03'),(11435,'2023-03-09 17:29:03','2023-03-09 17:29:03'),(11436,'2023-03-09 17:33:19','2023-03-09 17:33:19'),(11437,'2023-03-09 18:25:30','2023-03-09 18:25:30'),(11438,'2023-03-09 18:25:31','2023-03-09 18:25:31'),(11439,'2023-03-09 18:25:31','2023-03-09 18:25:31'),(11440,'2023-03-09 18:25:32','2023-03-09 18:25:32'),(11441,'2023-03-09 20:00:27','2023-03-09 20:00:27'),(11442,'2023-03-09 20:05:48','2023-03-09 20:05:48'),(11443,'2023-03-09 20:06:20','2023-03-09 20:06:20'),(11444,'2023-03-09 20:06:20','2023-03-09 20:06:20'),(11445,'2023-03-09 20:06:21','2023-03-09 20:06:21'),(11446,'2023-03-09 20:06:22','2023-03-09 20:06:22'),(11447,'2023-03-09 22:35:25','2023-03-09 22:35:25'),(11448,'2023-03-09 22:35:26','2023-03-09 22:35:26'),(11449,'2023-03-09 22:35:26','2023-03-09 22:35:26'),(11450,'2023-03-09 22:35:27','2023-03-09 22:35:27'),(11451,'2023-03-09 22:44:04','2023-03-09 22:44:04'),(11452,'2023-03-09 22:44:04','2023-03-09 22:44:04'),(11453,'2023-03-09 22:44:05','2023-03-09 22:44:05'),(11454,'2023-03-09 22:44:06','2023-03-09 22:44:06'),(11455,'2023-03-09 22:44:35','2023-03-09 22:44:35'),(11456,'2023-03-09 22:44:35','2023-03-09 22:44:35'),(11457,'2023-03-09 22:44:36','2023-03-09 22:44:36'),(11458,'2023-03-09 22:44:37','2023-03-09 22:44:37'),(11459,'2023-03-12 12:01:58','2023-03-12 12:01:58'),(11460,'2023-03-12 12:01:59','2023-03-12 12:01:59'),(11461,'2023-03-12 12:01:59','2023-03-12 12:01:59'),(11462,'2023-03-12 12:02:00','2023-03-12 12:02:00'),(11463,'2023-03-12 16:12:58','2023-03-12 16:12:58'),(11464,'2023-03-12 16:12:59','2023-03-12 16:12:59'),(11465,'2023-03-12 16:12:59','2023-03-12 16:12:59'),(11466,'2023-03-12 16:13:00','2023-03-12 16:13:00'),(11467,'2023-03-12 16:15:36','2023-03-12 16:15:36'),(11468,'2023-03-12 16:15:37','2023-03-12 16:15:37'),(11469,'2023-03-12 16:15:38','2023-03-12 16:15:38'),(11470,'2023-03-12 16:15:38','2023-03-12 16:15:38'),(11471,'2023-03-12 16:16:41','2023-03-12 16:16:41'),(11472,'2023-03-12 16:16:41','2023-03-12 16:16:41'),(11473,'2023-03-12 16:16:42','2023-03-12 16:16:42'),(11474,'2023-03-12 16:16:43','2023-03-12 16:16:43'),(11475,'2023-03-12 16:50:57','2023-03-12 16:50:57'),(11476,'2023-03-12 16:50:58','2023-03-12 16:50:58'),(11477,'2023-03-12 16:50:58','2023-03-12 16:50:58'),(11478,'2023-03-12 16:50:59','2023-03-12 16:50:59'),(11479,'2023-03-12 18:55:07','2023-03-12 18:55:07'),(11480,'2023-03-12 18:55:07','2023-03-12 18:55:07'),(11481,'2023-03-12 18:55:08','2023-03-12 18:55:08'),(11482,'2023-03-12 18:55:09','2023-03-12 18:55:09'),(11483,'2023-03-12 19:51:57','2023-03-12 19:51:57'),(11484,'2023-03-12 19:51:57','2023-03-12 19:51:57'),(11485,'2023-03-12 19:51:58','2023-03-12 19:51:58'),(11486,'2023-03-12 19:51:59','2023-03-12 19:51:59'),(11487,'2023-03-13 11:45:09','2023-03-13 11:45:09'),(11488,'2023-03-13 11:45:10','2023-03-13 11:45:10'),(11489,'2023-03-13 11:45:10','2023-03-13 11:45:10'),(11490,'2023-03-13 11:45:11','2023-03-13 11:45:11'),(11491,'2023-03-13 12:22:35','2023-03-13 12:22:35'),(11492,'2023-03-13 12:22:35','2023-03-13 12:22:35'),(11493,'2023-03-13 12:22:36','2023-03-13 12:22:36'),(11494,'2023-03-13 12:22:37','2023-03-13 12:22:37'),(11495,'2023-03-14 09:49:49','2023-03-14 09:49:49'),(11496,'2023-03-14 09:49:50','2023-03-14 09:49:50'),(11497,'2023-03-14 09:49:51','2023-03-14 09:49:51'),(11498,'2023-03-14 09:49:51','2023-03-14 09:49:51'),(11499,'2023-03-15 09:17:07','2023-03-15 09:17:07'),(11500,'2023-03-15 09:17:07','2023-03-15 09:17:07'),(11501,'2023-03-15 09:17:08','2023-03-15 09:17:08'),(11502,'2023-03-15 09:17:09','2023-03-15 09:17:09'),(11503,'2023-03-15 09:18:58','2023-03-15 09:18:58'),(11504,'2023-03-15 09:18:58','2023-03-15 09:18:58'),(11505,'2023-03-15 09:19:06','2023-03-15 09:19:06'),(11506,'2023-03-15 09:19:07','2023-03-15 09:19:07'),(11507,'2023-03-15 09:19:08','2023-03-15 09:19:08'),(11508,'2023-03-15 09:19:08','2023-03-15 09:19:08'),(11509,'2023-03-15 09:19:42','2023-03-15 09:19:42'),(11510,'2023-03-15 09:19:43','2023-03-15 09:19:43'),(11511,'2023-03-15 09:20:32','2023-03-15 09:20:32'),(11512,'2023-03-15 09:20:32','2023-03-15 09:20:32'),(11513,'2023-03-15 09:20:33','2023-03-15 09:20:33'),(11514,'2023-03-15 09:20:34','2023-03-15 09:20:34'),(11515,'2023-03-16 13:34:59','2023-03-16 13:34:59'),(11516,'2023-03-16 13:35:00','2023-03-16 13:35:00'),(11517,'2023-03-16 13:35:00','2023-03-16 13:35:00'),(11518,'2023-03-16 13:35:01','2023-03-16 13:35:01'),(11519,'2023-03-16 13:37:44','2023-03-16 13:37:44'),(11520,'2023-03-16 13:37:44','2023-03-16 13:37:44'),(11521,'2023-03-16 13:37:45','2023-03-16 13:37:45'),(11522,'2023-03-16 13:37:46','2023-03-16 13:37:46'),(11523,'2023-03-16 13:38:06','2023-03-16 13:38:06'),(11524,'2023-03-16 13:38:06','2023-03-16 13:38:06'),(11525,'2023-03-16 13:38:07','2023-03-16 13:38:07'),(11526,'2023-03-16 13:38:08','2023-03-16 13:38:08'),(11527,'2023-03-16 13:38:17','2023-03-16 13:38:17'),(11528,'2023-03-16 13:38:18','2023-03-16 13:38:18'),(11529,'2023-03-16 13:38:18','2023-03-16 13:38:18'),(11530,'2023-03-16 13:38:19','2023-03-16 13:38:19'),(11531,'2023-03-16 13:56:54','2023-03-16 13:56:54'),(11532,'2023-03-16 13:56:54','2023-03-16 13:56:54'),(11533,'2023-03-16 13:56:55','2023-03-16 13:56:55'),(11534,'2023-03-16 13:56:56','2023-03-16 13:56:56'),(11535,'2023-03-16 13:57:07','2023-03-16 13:57:07'),(11536,'2023-03-16 13:57:08','2023-03-16 13:57:08'),(11537,'2023-03-16 13:57:09','2023-03-16 13:57:09'),(11538,'2023-03-16 13:57:09','2023-03-16 13:57:09'),(11539,'2023-03-16 16:19:09','2023-03-16 16:19:09'),(11540,'2023-03-16 16:19:10','2023-03-16 16:19:10'),(11541,'2023-03-16 16:19:10','2023-03-16 16:19:10'),(11542,'2023-03-16 16:19:11','2023-03-16 16:19:11'),(11543,'2023-03-16 16:19:55','2023-03-16 16:19:55'),(11544,'2023-03-16 16:19:56','2023-03-16 16:19:56'),(11545,'2023-03-17 10:42:23','2023-03-17 10:42:23'),(11546,'2023-03-17 10:42:24','2023-03-17 10:42:24'),(11547,'2023-03-17 10:42:24','2023-03-17 10:42:24'),(11548,'2023-03-17 10:42:25','2023-03-17 10:42:25'),(11549,'2023-03-17 10:42:58','2023-03-17 10:42:58'),(11550,'2023-03-17 10:46:12','2023-03-17 10:46:12'),(11551,'2023-03-17 10:46:13','2023-03-17 10:46:13'),(11552,'2023-03-17 10:46:13','2023-03-17 10:46:13'),(11553,'2023-03-17 10:46:14','2023-03-17 10:46:14'),(11554,'2023-03-17 10:48:27','2023-03-17 10:48:27'),(11555,'2023-03-17 10:48:27','2023-03-17 10:48:27'),(11556,'2023-03-17 10:48:44','2023-03-17 10:48:44'),(11557,'2023-03-17 10:48:45','2023-03-17 10:48:45'),(11558,'2023-03-17 10:48:45','2023-03-17 10:48:45'),(11559,'2023-03-17 10:48:46','2023-03-17 10:48:46'),(11560,'2023-03-17 10:49:23','2023-03-17 10:49:23'),(11561,'2023-03-17 10:52:01','2023-03-17 10:52:01'),(11562,'2023-03-17 10:52:02','2023-03-17 10:52:02'),(11563,'2023-03-17 10:52:02','2023-03-17 10:52:02'),(11564,'2023-03-17 10:52:03','2023-03-17 10:52:03'),(11565,'2023-03-17 15:27:19','2023-03-17 15:27:19'),(11566,'2023-03-17 15:27:19','2023-03-17 15:27:19'),(11567,'2023-03-17 15:27:20','2023-03-17 15:27:20'),(11568,'2023-03-17 15:27:21','2023-03-17 15:27:21'),(11569,'2023-03-17 15:28:51','2023-03-17 15:28:51'),(11570,'2023-03-17 15:28:51','2023-03-17 15:28:51'),(11571,'2023-03-17 15:29:02','2023-03-17 15:29:02'),(11572,'2023-03-17 15:29:03','2023-03-17 15:29:03'),(11573,'2023-03-17 15:29:03','2023-03-17 15:29:03'),(11574,'2023-03-17 15:29:04','2023-03-17 15:29:04'),(11575,'2023-03-17 15:29:41','2023-03-17 15:29:41'),(11576,'2023-03-17 15:29:42','2023-03-17 15:29:42'),(11577,'2023-03-17 15:29:53','2023-03-17 15:29:53'),(11578,'2023-03-17 15:29:54','2023-03-17 15:29:54'),(11579,'2023-03-17 15:29:55','2023-03-17 15:29:55'),(11580,'2023-03-17 15:29:55','2023-03-17 15:29:55'),(11581,'2023-03-20 12:07:43','2023-03-20 12:07:43'),(11582,'2023-03-20 12:08:15','2023-03-20 12:08:15'),(11583,'2023-03-20 12:08:16','2023-03-20 12:08:16'),(11584,'2023-03-20 12:08:16','2023-03-20 12:08:16'),(11585,'2023-03-20 12:08:17','2023-03-20 12:08:17'),(11586,'2023-03-20 12:08:30','2023-03-20 12:08:30'),(11587,'2023-03-20 12:08:31','2023-03-20 12:08:31'),(11588,'2023-03-20 12:08:32','2023-03-20 12:08:32'),(11589,'2023-03-20 12:08:32','2023-03-20 12:08:32'),(11590,'2023-03-20 12:08:54','2023-03-20 12:08:54'),(11591,'2023-03-20 12:09:01','2023-03-20 12:09:01'),(11592,'2023-03-20 12:09:02','2023-03-20 12:09:02'),(11593,'2023-03-20 12:09:02','2023-03-20 12:09:02'),(11594,'2023-03-20 12:09:03','2023-03-20 12:09:03'),(11595,'2023-03-20 12:09:05','2023-03-20 12:09:05'),(11596,'2023-03-20 12:09:06','2023-03-20 12:09:06'),(11597,'2023-03-20 12:09:07','2023-03-20 12:09:07'),(11598,'2023-03-20 12:09:07','2023-03-20 12:09:07'),(11599,'2023-03-20 12:14:13','2023-03-20 12:14:13'),(11600,'2023-03-20 12:15:40','2023-03-20 12:15:40'),(11601,'2023-03-20 12:20:27','2023-03-20 12:20:27'),(11602,'2023-03-20 12:20:51','2023-03-20 12:20:51'),(11603,'2023-03-20 12:20:51','2023-03-20 12:20:51'),(11604,'2023-03-20 12:20:52','2023-03-20 12:20:52'),(11605,'2023-03-20 12:20:53','2023-03-20 12:20:53'),(11606,'2023-03-20 12:23:48','2023-03-20 12:23:48'),(11607,'2023-03-20 12:23:49','2023-03-20 12:23:49'),(11608,'2023-03-20 12:23:49','2023-03-20 12:23:49'),(11609,'2023-03-20 12:23:50','2023-03-20 12:23:50'),(11610,'2023-03-20 12:26:41','2023-03-20 12:26:41'),(11611,'2023-03-20 12:26:42','2023-03-20 12:26:42'),(11612,'2023-03-20 12:26:43','2023-03-20 12:26:43'),(11613,'2023-03-20 12:26:43','2023-03-20 12:26:43'),(11614,'2023-03-20 13:24:35','2023-03-20 13:24:35'),(11615,'2023-03-20 13:24:35','2023-03-20 13:24:35'),(11616,'2023-03-20 13:24:36','2023-03-20 13:24:36'),(11617,'2023-03-20 13:24:37','2023-03-20 13:24:37'),(11618,'2023-03-20 13:25:32','2023-03-20 13:25:32'),(11619,'2023-03-20 13:25:33','2023-03-20 13:25:33'),(11620,'2023-03-20 13:25:34','2023-03-20 13:25:34'),(11621,'2023-03-20 13:25:34','2023-03-20 13:25:34'),(11622,'2023-03-20 13:26:47','2023-03-20 13:26:47'),(11623,'2023-03-20 13:26:47','2023-03-20 13:26:47'),(11624,'2023-03-20 13:26:48','2023-03-20 13:26:48'),(11625,'2023-03-20 13:26:49','2023-03-20 13:26:49'),(11626,'2023-03-20 13:35:07','2023-03-20 13:35:07'),(11627,'2023-03-20 13:35:08','2023-03-20 13:35:08'),(11628,'2023-03-20 13:35:08','2023-03-20 13:35:08'),(11629,'2023-03-20 13:35:09','2023-03-20 13:35:09'),(11630,'2023-03-20 13:51:00','2023-03-20 13:51:00'),(11631,'2023-03-20 13:51:01','2023-03-20 13:51:01'),(11632,'2023-03-20 13:51:02','2023-03-20 13:51:02'),(11633,'2023-03-20 13:51:02','2023-03-20 13:51:02'),(11634,'2023-03-20 13:53:29','2023-03-20 13:53:29'),(11635,'2023-03-20 13:53:30','2023-03-20 13:53:30'),(11636,'2023-03-20 13:53:31','2023-03-20 13:53:31'),(11637,'2023-03-20 13:53:31','2023-03-20 13:53:31'),(11638,'2023-03-20 13:53:49','2023-03-20 13:53:49'),(11639,'2023-03-20 13:53:50','2023-03-20 13:53:50'),(11640,'2023-03-20 13:53:51','2023-03-20 13:53:51'),(11641,'2023-03-20 13:53:51','2023-03-20 13:53:51'),(11642,'2023-03-20 13:55:30','2023-03-20 13:55:30'),(11643,'2023-03-20 13:55:30','2023-03-20 13:55:30'),(11644,'2023-03-20 13:55:31','2023-03-20 13:55:31'),(11645,'2023-03-20 13:55:31','2023-03-20 13:55:31'),(11646,'2023-03-20 14:14:42','2023-03-20 14:14:42'),(11647,'2023-03-20 14:14:43','2023-03-20 14:14:43'),(11648,'2023-03-20 14:14:43','2023-03-20 14:14:43'),(11649,'2023-03-20 14:14:44','2023-03-20 14:14:44'),(11650,'2023-03-20 14:15:40','2023-03-20 14:15:40'),(11651,'2023-03-20 14:15:41','2023-03-20 14:15:41'),(11652,'2023-03-20 14:15:42','2023-03-20 14:15:42'),(11653,'2023-03-20 14:15:42','2023-03-20 14:15:42'),(11654,'2023-03-20 14:16:10','2023-03-20 14:16:10'),(11655,'2023-03-20 14:16:10','2023-03-20 14:16:10'),(11656,'2023-03-20 14:16:11','2023-03-20 14:16:11'),(11657,'2023-03-20 14:16:12','2023-03-20 14:16:12'),(11658,'2023-03-20 14:16:24','2023-03-20 14:16:24'),(11659,'2023-03-20 14:16:25','2023-03-20 14:16:25'),(11660,'2023-03-20 14:16:25','2023-03-20 14:16:25'),(11661,'2023-03-20 14:16:26','2023-03-20 14:16:26'),(11662,'2023-03-20 14:20:30','2023-03-20 14:20:30'),(11663,'2023-03-20 14:20:30','2023-03-20 14:20:30'),(11664,'2023-03-20 14:20:31','2023-03-20 14:20:31'),(11665,'2023-03-20 14:20:31','2023-03-20 14:20:31'),(11666,'2023-03-20 14:26:26','2023-03-20 14:26:26'),(11667,'2023-03-20 14:26:27','2023-03-20 14:26:27'),(11668,'2023-03-20 14:26:28','2023-03-20 14:26:28'),(11669,'2023-03-20 14:26:28','2023-03-20 14:26:28'),(11670,'2023-03-20 14:31:27','2023-03-20 14:31:27'),(11671,'2023-03-20 14:31:27','2023-03-20 14:31:27'),(11672,'2023-03-20 14:31:28','2023-03-20 14:31:28'),(11673,'2023-03-20 14:31:29','2023-03-20 14:31:29'),(11674,'2023-03-20 14:33:06','2023-03-20 14:33:06'),(11675,'2023-03-20 14:33:07','2023-03-20 14:33:07'),(11676,'2023-03-20 14:33:08','2023-03-20 14:33:08'),(11677,'2023-03-20 14:33:09','2023-03-20 14:33:09'),(11678,'2023-03-20 14:35:46','2023-03-20 14:35:46'),(11679,'2023-03-20 14:35:46','2023-03-20 14:35:46'),(11680,'2023-03-20 14:35:47','2023-03-20 14:35:47'),(11681,'2023-03-20 14:35:47','2023-03-20 14:35:47'),(11682,'2023-03-20 14:40:32','2023-03-20 14:40:32'),(11683,'2023-03-20 14:40:33','2023-03-20 14:40:33'),(11684,'2023-03-20 14:40:33','2023-03-20 14:40:33'),(11685,'2023-03-20 14:40:34','2023-03-20 14:40:34'),(11686,'2023-03-20 14:41:41','2023-03-20 14:41:41'),(11687,'2023-03-20 14:41:41','2023-03-20 14:41:41'),(11688,'2023-03-20 14:41:42','2023-03-20 14:41:42'),(11689,'2023-03-20 14:41:42','2023-03-20 14:41:42'),(11690,'2023-03-20 14:41:50','2023-03-20 14:41:50'),(11691,'2023-03-20 14:41:50','2023-03-20 14:41:50'),(11692,'2023-03-20 14:41:51','2023-03-20 14:41:51'),(11693,'2023-03-20 14:41:52','2023-03-20 14:41:52'),(11694,'2023-03-20 14:43:28','2023-03-20 14:43:28'),(11695,'2023-03-20 14:43:29','2023-03-20 14:43:29'),(11696,'2023-03-20 14:43:30','2023-03-20 14:43:30'),(11697,'2023-03-20 14:43:30','2023-03-20 14:43:30'),(11698,'2023-03-20 14:45:12','2023-03-20 14:45:12'),(11699,'2023-03-20 14:45:13','2023-03-20 14:45:13'),(11700,'2023-03-20 14:45:14','2023-03-20 14:45:14'),(11701,'2023-03-20 14:45:14','2023-03-20 14:45:14'),(11702,'2023-03-20 15:10:53','2023-03-20 15:10:53'),(11703,'2023-03-20 15:10:54','2023-03-20 15:10:54'),(11704,'2023-03-20 15:10:55','2023-03-20 15:10:55'),(11705,'2023-03-20 15:13:25','2023-03-20 15:13:25'),(11706,'2023-03-20 15:13:25','2023-03-20 15:13:25'),(11707,'2023-03-20 15:13:26','2023-03-20 15:13:26'),(11708,'2023-03-20 15:13:52','2023-03-20 15:13:52'),(11709,'2023-03-20 15:13:53','2023-03-20 15:13:53'),(11710,'2023-03-20 15:13:54','2023-03-20 15:13:54'),(11711,'2023-03-20 15:17:37','2023-03-20 15:17:37'),(11712,'2023-03-20 15:17:38','2023-03-20 15:17:38'),(11713,'2023-03-20 15:17:38','2023-03-20 15:17:38'),(11714,'2023-03-20 15:18:25','2023-03-20 15:18:25'),(11715,'2023-03-20 15:18:26','2023-03-20 15:18:26'),(11716,'2023-03-20 15:18:27','2023-03-20 15:18:27'),(11717,'2023-03-20 15:20:05','2023-03-20 15:20:05'),(11718,'2023-03-20 15:20:05','2023-03-20 15:20:05'),(11719,'2023-03-20 15:20:06','2023-03-20 15:20:06'),(11720,'2023-03-20 15:21:43','2023-03-20 15:21:43'),(11721,'2023-03-20 15:21:43','2023-03-20 15:21:43'),(11722,'2023-03-20 15:21:44','2023-03-20 15:21:44'),(11723,'2023-03-20 15:22:13','2023-03-20 15:22:13'),(11724,'2023-03-20 15:22:14','2023-03-20 15:22:14'),(11725,'2023-03-20 15:22:14','2023-03-20 15:22:14'),(11726,'2023-03-20 15:35:51','2023-03-20 15:35:51'),(11727,'2023-03-20 15:37:00','2023-03-20 15:37:00'),(11728,'2023-03-20 15:38:30','2023-03-20 15:38:30'),(11729,'2023-03-20 15:40:49','2023-03-20 15:40:49'),(11730,'2023-03-20 15:40:50','2023-03-20 15:40:50'),(11731,'2023-03-20 15:40:50','2023-03-20 15:40:50'),(11732,'2023-03-20 15:46:03','2023-03-20 15:46:03'),(11733,'2023-03-20 15:46:03','2023-03-20 15:46:03'),(11734,'2023-03-20 15:46:04','2023-03-20 15:46:04'),(11735,'2023-03-20 15:46:14','2023-03-20 15:46:14'),(11736,'2023-03-20 16:08:58','2023-03-20 16:08:58'),(11737,'2023-03-20 16:08:58','2023-03-20 16:08:58'),(11738,'2023-03-20 16:08:59','2023-03-20 16:08:59'),(11739,'2023-03-20 16:09:40','2023-03-20 16:09:40'),(11740,'2023-03-20 16:09:41','2023-03-20 16:09:41'),(11741,'2023-03-20 16:09:41','2023-03-20 16:09:41'),(11742,'2023-03-20 16:09:52','2023-03-20 16:09:52'),(11743,'2023-03-20 16:18:56','2023-03-20 16:18:56'),(11744,'2023-03-20 16:40:58','2023-03-20 16:40:58'),(11745,'2023-03-20 16:40:59','2023-03-20 16:40:59'),(11746,'2023-03-20 16:41:00','2023-03-20 16:41:00'),(11747,'2023-03-20 16:41:14','2023-03-20 16:41:14'),(11748,'2023-03-20 16:41:14','2023-03-20 16:41:14'),(11749,'2023-03-20 16:41:15','2023-03-20 16:41:15'),(11750,'2023-03-20 16:41:40','2023-03-20 16:41:40'),(11751,'2023-03-20 16:41:41','2023-03-20 16:41:41'),(11752,'2023-03-20 16:41:41','2023-03-20 16:41:41'),(11753,'2023-03-20 16:44:36','2023-03-20 16:44:36'),(11754,'2023-03-20 16:44:36','2023-03-20 16:44:36'),(11755,'2023-03-20 16:44:37','2023-03-20 16:44:37'),(11756,'2023-03-20 16:45:50','2023-03-20 16:45:50'),(11757,'2023-03-20 16:45:51','2023-03-20 16:45:51'),(11758,'2023-03-20 16:45:52','2023-03-20 16:45:52'),(11759,'2023-03-20 16:54:50','2023-03-20 16:54:50'),(11760,'2023-03-20 16:54:50','2023-03-20 16:54:50'),(11761,'2023-03-20 16:54:51','2023-03-20 16:54:51'),(11762,'2023-03-20 16:55:43','2023-03-20 16:55:43'),(11763,'2023-03-20 16:56:34','2023-03-20 16:56:34'),(11764,'2023-03-20 16:56:34','2023-03-20 16:56:34'),(11765,'2023-03-20 16:56:35','2023-03-20 16:56:35'),(11766,'2023-03-20 16:56:50','2023-03-20 16:56:50'),(11767,'2023-03-20 16:56:51','2023-03-20 16:56:51'),(11768,'2023-03-20 16:56:52','2023-03-20 16:56:52'),(11769,'2023-03-20 16:57:13','2023-03-20 16:57:13'),(11770,'2023-03-20 16:59:20','2023-03-20 16:59:20'),(11771,'2023-03-20 16:59:48','2023-03-20 16:59:48'),(11772,'2023-03-20 16:59:48','2023-03-20 16:59:48'),(11773,'2023-03-20 16:59:49','2023-03-20 16:59:49'),(11774,'2023-03-20 17:09:34','2023-03-20 17:09:34'),(11775,'2023-03-20 17:26:01','2023-03-20 17:26:01'),(11776,'2023-03-20 17:26:02','2023-03-20 17:26:02'),(11777,'2023-03-20 17:26:03','2023-03-20 17:26:03'),(11778,'2023-03-20 17:26:14','2023-03-20 17:26:14'),(11779,'2023-03-20 17:26:14','2023-03-20 17:26:14'),(11780,'2023-03-20 17:26:15','2023-03-20 17:26:15'),(11781,'2023-03-20 17:27:36','2023-03-20 17:27:36'),(11782,'2023-03-20 17:27:37','2023-03-20 17:27:37'),(11783,'2023-03-20 17:27:37','2023-03-20 17:27:37'),(11784,'2023-03-20 17:30:25','2023-03-20 17:30:25'),(11785,'2023-03-20 17:30:25','2023-03-20 17:30:25'),(11786,'2023-03-20 17:30:26','2023-03-20 17:30:26'),(11787,'2023-03-20 17:30:32','2023-03-20 17:30:32'),(11788,'2023-03-20 17:30:33','2023-03-20 17:30:33'),(11789,'2023-03-20 17:30:33','2023-03-20 17:30:33'),(11790,'2023-03-20 17:32:16','2023-03-20 17:32:16'),(11791,'2023-03-20 17:32:17','2023-03-20 17:32:17'),(11792,'2023-03-20 17:32:17','2023-03-20 17:32:17'),(11793,'2023-03-20 17:32:44','2023-03-20 17:32:44'),(11794,'2023-03-20 17:32:44','2023-03-20 17:32:44'),(11795,'2023-03-20 17:32:45','2023-03-20 17:32:45'),(11796,'2023-03-20 17:33:31','2023-03-20 17:33:31'),(11797,'2023-03-20 17:34:14','2023-03-20 17:34:14'),(11798,'2023-03-20 17:34:15','2023-03-20 17:34:15'),(11799,'2023-03-20 17:34:16','2023-03-20 17:34:16'),(11800,'2023-03-20 17:34:37','2023-03-20 17:34:37'),(11801,'2023-03-20 17:35:42','2023-03-20 17:35:42'),(11802,'2023-03-20 17:35:42','2023-03-20 17:35:42'),(11803,'2023-03-20 17:35:43','2023-03-20 17:35:43'),(11804,'2023-03-20 17:35:58','2023-03-20 17:35:58'),(11805,'2023-03-20 17:35:59','2023-03-20 17:35:59'),(11806,'2023-03-20 17:35:59','2023-03-20 17:35:59'),(11807,'2023-03-20 17:36:13','2023-03-20 17:36:13'),(11808,'2023-03-20 17:36:13','2023-03-20 17:36:13'),(11809,'2023-03-20 17:36:14','2023-03-20 17:36:14'),(11810,'2023-03-20 17:36:24','2023-03-20 17:36:24'),(11811,'2023-03-20 17:36:24','2023-03-20 17:36:24'),(11812,'2023-03-20 17:36:25','2023-03-20 17:36:25'),(11813,'2023-03-20 17:37:23','2023-03-20 17:37:23'),(11814,'2023-03-20 17:38:55','2023-03-20 17:38:55'),(11815,'2023-03-20 17:38:55','2023-03-20 17:38:55'),(11816,'2023-03-20 17:38:56','2023-03-20 17:38:56'),(11817,'2023-03-20 21:52:13','2023-03-20 21:52:13'),(11818,'2023-03-20 21:52:13','2023-03-20 21:52:13'),(11819,'2023-03-20 21:52:14','2023-03-20 21:52:14'),(11820,'2023-03-20 22:08:46','2023-03-20 22:08:46'),(11821,'2023-03-20 22:08:46','2023-03-20 22:08:46'),(11822,'2023-03-20 22:10:08','2023-03-20 22:10:08'),(11823,'2023-03-20 22:10:09','2023-03-20 22:10:09'),(11824,'2023-03-20 22:51:33','2023-03-20 22:51:33'),(11825,'2023-03-21 00:00:29','2023-03-21 00:00:29'),(11826,'2023-03-21 00:00:30','2023-03-21 00:00:30'),(11827,'2023-03-21 00:00:30','2023-03-21 00:00:30'),(11828,'2023-03-21 00:00:48','2023-03-21 00:00:48'),(11829,'2023-03-21 00:00:49','2023-03-21 00:00:49'),(11830,'2023-03-21 00:00:50','2023-03-21 00:00:50'),(11831,'2023-03-21 00:01:05','2023-03-21 00:01:05'),(11832,'2023-03-21 00:07:46','2023-03-21 00:07:46'),(11833,'2023-03-21 00:07:47','2023-03-21 00:07:47'),(11834,'2023-03-21 00:07:47','2023-03-21 00:07:47'),(11835,'2023-03-21 00:08:08','2023-03-21 00:08:08'),(11836,'2023-03-21 00:08:09','2023-03-21 00:08:09'),(11837,'2023-03-21 00:08:09','2023-03-21 00:08:09'),(11838,'2023-03-21 06:48:43','2023-03-21 06:48:43'),(11839,'2023-03-21 06:48:43','2023-03-21 06:48:43'),(11840,'2023-03-21 06:48:44','2023-03-21 06:48:44'),(11841,'2023-03-21 09:30:43','2023-03-21 09:30:43'),(11842,'2023-03-21 09:30:43','2023-03-21 09:30:43'),(11843,'2023-03-21 09:30:44','2023-03-21 09:30:44'),(11844,'2023-03-21 09:32:10','2023-03-21 09:32:10'),(11845,'2023-03-21 09:32:11','2023-03-21 09:32:11'),(11846,'2023-03-21 09:32:12','2023-03-21 09:32:12'),(11847,'2023-03-21 09:32:36','2023-03-21 09:32:36'),(11848,'2023-03-21 09:32:37','2023-03-21 09:32:37'),(11849,'2023-03-21 09:36:59','2023-03-21 09:36:59'),(11850,'2023-03-21 09:37:00','2023-03-21 09:37:00'),(11851,'2023-03-21 09:37:00','2023-03-21 09:37:00'),(11852,'2023-03-21 09:37:02','2023-03-21 09:37:02'),(11853,'2023-03-21 09:37:03','2023-03-21 09:37:03'),(11854,'2023-03-21 09:37:04','2023-03-21 09:37:04'),(11855,'2023-03-21 09:40:34','2023-03-21 09:40:34'),(11856,'2023-03-21 09:40:35','2023-03-21 09:40:35'),(11857,'2023-03-21 09:40:35','2023-03-21 09:40:35'),(11858,'2023-03-21 09:46:09','2023-03-21 09:46:09'),(11859,'2023-03-21 09:46:10','2023-03-21 09:46:10'),(11860,'2023-03-21 09:46:53','2023-03-21 09:46:53'),(11861,'2023-03-21 09:47:12','2023-03-21 09:47:12'),(11862,'2023-03-21 09:47:12','2023-03-21 09:47:12'),(11863,'2023-03-21 09:47:13','2023-03-21 09:47:13'),(11864,'2023-03-21 09:49:38','2023-03-21 09:49:38'),(11865,'2023-03-21 09:49:39','2023-03-21 09:49:39'),(11866,'2023-03-21 09:49:39','2023-03-21 09:49:39'),(11867,'2023-03-21 09:50:41','2023-03-21 09:50:41'),(11868,'2023-03-21 09:50:42','2023-03-21 09:50:42'),(11869,'2023-03-21 09:50:42','2023-03-21 09:50:42'),(11870,'2023-03-21 09:50:53','2023-03-21 09:50:53'),(11871,'2023-03-21 09:50:54','2023-03-21 09:50:54'),(11872,'2023-03-21 09:50:55','2023-03-21 09:50:55'),(11873,'2023-03-21 09:59:45','2023-03-21 09:59:45'),(11874,'2023-03-21 09:59:45','2023-03-21 09:59:45'),(11875,'2023-03-21 09:59:46','2023-03-21 09:59:46'),(11876,'2023-03-21 10:20:00','2023-03-21 10:20:00'),(11877,'2023-03-21 10:20:01','2023-03-21 10:20:01'),(11878,'2023-03-21 10:20:02','2023-03-21 10:20:02'),(11879,'2023-03-21 10:28:43','2023-03-21 10:28:43'),(11880,'2023-03-21 10:28:43','2023-03-21 10:28:43'),(11881,'2023-03-21 10:28:44','2023-03-21 10:28:44'),(11882,'2023-03-21 10:28:55','2023-03-21 10:28:55'),(11883,'2023-03-21 10:28:56','2023-03-21 10:28:56'),(11884,'2023-03-21 10:28:56','2023-03-21 10:28:56'),(11885,'2023-03-21 10:32:13','2023-03-21 10:32:13'),(11886,'2023-03-21 10:32:14','2023-03-21 10:32:14'),(11887,'2023-03-21 10:32:14','2023-03-21 10:32:14'),(11888,'2023-03-21 10:33:27','2023-03-21 10:33:27'),(11889,'2023-03-21 10:38:44','2023-03-21 10:38:44'),(11890,'2023-03-21 10:38:45','2023-03-21 10:38:45'),(11891,'2023-03-21 10:38:45','2023-03-21 10:38:45'),(11892,'2023-03-21 10:39:06','2023-03-21 10:39:06'),(11893,'2023-03-21 10:39:06','2023-03-21 10:39:06'),(11894,'2023-03-21 10:39:07','2023-03-21 10:39:07'),(11895,'2023-03-21 10:39:34','2023-03-21 10:39:34'),(11896,'2023-03-21 10:40:59','2023-03-21 10:40:59'),(11897,'2023-03-21 10:41:00','2023-03-21 10:41:00'),(11898,'2023-03-21 10:41:00','2023-03-21 10:41:00'),(11899,'2023-03-21 10:41:12','2023-03-21 10:41:12'),(11900,'2023-03-21 10:41:12','2023-03-21 10:41:12'),(11901,'2023-03-21 10:41:13','2023-03-21 10:41:13'),(11902,'2023-03-21 10:41:32','2023-03-21 10:41:32'),(11903,'2023-03-21 10:43:13','2023-03-21 10:43:13'),(11904,'2023-03-21 10:43:14','2023-03-21 10:43:14'),(11905,'2023-03-21 10:43:15','2023-03-21 10:43:15'),(11906,'2023-03-21 10:43:46','2023-03-21 10:43:46'),(11907,'2023-03-21 10:44:34','2023-03-21 10:44:34'),(11908,'2023-03-21 10:44:35','2023-03-21 10:44:35'),(11909,'2023-03-21 10:44:36','2023-03-21 10:44:36'),(11910,'2023-03-21 10:45:03','2023-03-21 10:45:03'),(11911,'2023-03-21 10:45:03','2023-03-21 10:45:03'),(11912,'2023-03-21 10:45:04','2023-03-21 10:45:04'),(11913,'2023-03-21 10:46:25','2023-03-21 10:46:25'),(11914,'2023-03-21 10:46:26','2023-03-21 10:46:26'),(11915,'2023-03-21 10:46:27','2023-03-21 10:46:27'),(11916,'2023-03-21 10:48:16','2023-03-21 10:48:16'),(11917,'2023-03-21 10:54:01','2023-03-21 10:54:01'),(11918,'2023-03-21 10:54:02','2023-03-21 10:54:02'),(11919,'2023-03-21 10:54:03','2023-03-21 10:54:03'),(11920,'2023-03-21 10:54:19','2023-03-21 10:54:19'),(11921,'2023-03-21 10:54:20','2023-03-21 10:54:20'),(11922,'2023-03-21 10:54:21','2023-03-21 10:54:21'),(11923,'2023-03-21 10:58:23','2023-03-21 10:58:23'),(11924,'2023-03-21 10:58:24','2023-03-21 10:58:24'),(11925,'2023-03-21 10:58:24','2023-03-21 10:58:24'),(11926,'2023-03-21 10:58:56','2023-03-21 10:58:56'),(11927,'2023-03-21 10:58:57','2023-03-21 10:58:57'),(11928,'2023-03-21 10:58:57','2023-03-21 10:58:57'),(11929,'2023-03-21 10:59:04','2023-03-21 10:59:04'),(11930,'2023-03-21 10:59:05','2023-03-21 10:59:05'),(11931,'2023-03-21 10:59:06','2023-03-21 10:59:06'),(11932,'2023-03-21 10:59:13','2023-03-21 10:59:13'),(11933,'2023-03-21 10:59:14','2023-03-21 10:59:14'),(11934,'2023-03-21 10:59:14','2023-03-21 10:59:14'),(11935,'2023-03-21 11:00:14','2023-03-21 11:00:14'),(11936,'2023-03-21 11:00:15','2023-03-21 11:00:15'),(11937,'2023-03-21 11:00:15','2023-03-21 11:00:15'),(11938,'2023-03-21 11:00:33','2023-03-21 11:00:33'),(11939,'2023-03-21 11:00:34','2023-03-21 11:00:34'),(11940,'2023-03-21 11:00:35','2023-03-21 11:00:35'),(11941,'2023-03-21 11:00:50','2023-03-21 11:00:50'),(11942,'2023-03-21 11:00:50','2023-03-21 11:00:50'),(11943,'2023-03-21 11:00:51','2023-03-21 11:00:51'),(11944,'2023-03-21 11:01:43','2023-03-21 11:01:43'),(11945,'2023-03-21 11:01:43','2023-03-21 11:01:43'),(11946,'2023-03-21 11:01:44','2023-03-21 11:01:44'),(11947,'2023-03-21 11:02:25','2023-03-21 11:02:25'),(11948,'2023-03-21 11:02:26','2023-03-21 11:02:26'),(11949,'2023-03-21 11:02:27','2023-03-21 11:02:27'),(11950,'2023-03-21 11:02:41','2023-03-21 11:02:41'),(11951,'2023-03-21 11:03:20','2023-03-21 11:03:20'),(11952,'2023-03-21 11:03:21','2023-03-21 11:03:21'),(11953,'2023-03-21 11:03:21','2023-03-21 11:03:21'),(11954,'2023-03-21 11:03:37','2023-03-21 11:03:37'),(11955,'2023-03-21 11:04:13','2023-03-21 11:04:13'),(11956,'2023-03-21 11:04:14','2023-03-21 11:04:14'),(11957,'2023-03-21 11:04:15','2023-03-21 11:04:15'),(11958,'2023-03-21 11:04:32','2023-03-21 11:04:32'),(11959,'2023-03-21 11:04:33','2023-03-21 11:04:33'),(11960,'2023-03-21 11:04:33','2023-03-21 11:04:33'),(11961,'2023-03-21 11:04:48','2023-03-21 11:04:48'),(11962,'2023-03-21 11:04:49','2023-03-21 11:04:49'),(11963,'2023-03-21 11:04:49','2023-03-21 11:04:49'),(11964,'2023-03-21 11:05:06','2023-03-21 11:05:06'),(11965,'2023-03-21 11:05:07','2023-03-21 11:05:07'),(11966,'2023-03-21 11:05:08','2023-03-21 11:05:08'),(11967,'2023-03-21 11:05:26','2023-03-21 11:05:26'),(11968,'2023-03-21 11:06:06','2023-03-21 11:06:06'),(11969,'2023-03-21 11:06:06','2023-03-21 11:06:06'),(11970,'2023-03-21 11:06:07','2023-03-21 11:06:07'),(11971,'2023-03-21 11:06:45','2023-03-21 11:06:45'),(11972,'2023-03-21 11:06:46','2023-03-21 11:06:46'),(11973,'2023-03-21 11:06:47','2023-03-21 11:06:47'),(11974,'2023-03-21 11:07:01','2023-03-21 11:07:01'),(11975,'2023-03-21 11:35:55','2023-03-21 11:35:55'),(11976,'2023-03-21 11:35:56','2023-03-21 11:35:56'),(11977,'2023-03-21 11:35:56','2023-03-21 11:35:56'),(11978,'2023-03-21 11:48:55','2023-03-21 11:48:55'),(11979,'2023-03-21 11:48:56','2023-03-21 11:48:56'),(11980,'2023-03-21 11:48:56','2023-03-21 11:48:56'),(11981,'2023-03-21 11:49:01','2023-03-21 11:49:01'),(11982,'2023-03-21 11:49:02','2023-03-21 11:49:02'),(11983,'2023-03-21 11:49:02','2023-03-21 11:49:02'),(11984,'2023-03-21 11:49:13','2023-03-21 11:49:13'),(11985,'2023-03-21 11:51:33','2023-03-21 11:51:33'),(11986,'2023-03-21 11:51:34','2023-03-21 11:51:34'),(11987,'2023-03-21 11:51:34','2023-03-21 11:51:34'),(11988,'2023-03-21 11:53:02','2023-03-21 11:53:02'),(11989,'2023-03-21 11:53:03','2023-03-21 11:53:03'),(11990,'2023-03-21 11:53:04','2023-03-21 11:53:04'),(11991,'2023-03-21 12:13:27','2023-03-21 12:13:27'),(11992,'2023-03-21 12:13:28','2023-03-21 12:13:28'),(11993,'2023-03-21 12:13:28','2023-03-21 12:13:28'),(11994,'2023-03-21 12:13:45','2023-03-21 12:13:45'),(11995,'2023-03-21 12:13:45','2023-03-21 12:13:45'),(11996,'2023-03-21 12:13:46','2023-03-21 12:13:46'),(11997,'2023-03-21 12:14:00','2023-03-21 12:14:00'),(11998,'2023-03-21 12:15:29','2023-03-21 12:15:29'),(11999,'2023-03-21 12:21:07','2023-03-21 12:21:07'),(12000,'2023-03-21 12:21:08','2023-03-21 12:21:08'),(12001,'2023-03-21 12:21:09','2023-03-21 12:21:09'),(12002,'2023-03-21 12:23:27','2023-03-21 12:23:27'),(12003,'2023-03-21 12:34:40','2023-03-21 12:34:40'),(12004,'2023-03-21 12:34:41','2023-03-21 12:34:41'),(12005,'2023-03-21 12:34:41','2023-03-21 12:34:41'),(12006,'2023-03-21 12:36:13','2023-03-21 12:36:13'),(12007,'2023-03-21 12:37:03','2023-03-21 12:37:03'),(12008,'2023-03-21 12:37:03','2023-03-21 12:37:03'),(12009,'2023-03-21 12:37:04','2023-03-21 12:37:04'),(12010,'2023-03-21 12:37:13','2023-03-21 12:37:13'),(12011,'2023-03-21 12:37:14','2023-03-21 12:37:14'),(12012,'2023-03-21 12:37:15','2023-03-21 12:37:15'),(12013,'2023-03-21 12:38:59','2023-03-21 12:38:59'),(12014,'2023-03-21 12:42:39','2023-03-21 12:42:39'),(12015,'2023-03-21 12:42:40','2023-03-21 12:42:40'),(12016,'2023-03-21 12:42:41','2023-03-21 12:42:41'),(12017,'2023-03-21 12:45:12','2023-03-21 12:45:12'),(12018,'2023-03-21 12:45:12','2023-03-21 12:45:12'),(12019,'2023-03-21 12:45:13','2023-03-21 12:45:13'),(12020,'2023-03-21 12:45:17','2023-03-21 12:45:17'),(12021,'2023-03-21 12:45:18','2023-03-21 12:45:18'),(12022,'2023-03-21 12:45:18','2023-03-21 12:45:18'),(12023,'2023-03-21 12:45:22','2023-03-21 12:45:22'),(12024,'2023-03-21 12:45:23','2023-03-21 12:45:23'),(12025,'2023-03-21 12:45:24','2023-03-21 12:45:24'),(12026,'2023-03-21 12:45:50','2023-03-21 12:45:50'),(12027,'2023-03-21 12:45:50','2023-03-21 12:45:50'),(12028,'2023-03-21 12:45:51','2023-03-21 12:45:51'),(12029,'2023-03-21 12:46:57','2023-03-21 12:46:57'),(12030,'2023-03-21 12:46:57','2023-03-21 12:46:57'),(12031,'2023-03-21 12:46:58','2023-03-21 12:46:58'),(12032,'2023-03-21 13:05:57','2023-03-21 13:05:57'),(12033,'2023-03-21 13:05:58','2023-03-21 13:05:58'),(12034,'2023-03-21 13:05:59','2023-03-21 13:05:59'),(12035,'2023-03-21 13:06:09','2023-03-21 13:06:09'),(12036,'2023-03-21 13:06:30','2023-03-21 13:06:30'),(12037,'2023-03-21 13:06:56','2023-03-21 13:06:56'),(12038,'2023-03-21 13:06:56','2023-03-21 13:06:56'),(12039,'2023-03-21 13:06:57','2023-03-21 13:06:57'),(12040,'2023-03-21 13:07:38','2023-03-21 13:07:38'),(12041,'2023-03-21 13:07:39','2023-03-21 13:07:39'),(12042,'2023-03-21 13:07:40','2023-03-21 13:07:40'),(12043,'2023-03-21 13:07:52','2023-03-21 13:07:52'),(12044,'2023-03-21 13:07:52','2023-03-21 13:07:52'),(12045,'2023-03-21 13:07:53','2023-03-21 13:07:53'),(12046,'2023-03-21 13:08:06','2023-03-21 13:08:06'),(12047,'2023-03-21 13:08:06','2023-03-21 13:08:06'),(12048,'2023-03-21 13:08:07','2023-03-21 13:08:07'),(12049,'2023-03-21 13:08:30','2023-03-21 13:08:30'),(12050,'2023-03-21 13:08:30','2023-03-21 13:08:30'),(12051,'2023-03-21 13:08:31','2023-03-21 13:08:31'),(12052,'2023-03-21 13:11:11','2023-03-21 13:11:11'),(12053,'2023-03-21 13:11:12','2023-03-21 13:11:12'),(12054,'2023-03-21 13:11:13','2023-03-21 13:11:13'),(12055,'2023-03-21 13:12:02','2023-03-21 13:12:02'),(12056,'2023-03-21 13:12:03','2023-03-21 13:12:03'),(12057,'2023-03-21 13:12:03','2023-03-21 13:12:03'),(12058,'2023-03-21 13:12:28','2023-03-21 13:12:28'),(12059,'2023-03-21 13:12:29','2023-03-21 13:12:29'),(12060,'2023-03-21 13:12:30','2023-03-21 13:12:30'),(12061,'2023-03-21 13:12:57','2023-03-21 13:12:57'),(12062,'2023-03-21 13:12:58','2023-03-21 13:12:58'),(12063,'2023-03-21 13:12:59','2023-03-21 13:12:59'),(12064,'2023-03-21 13:13:23','2023-03-21 13:13:23'),(12065,'2023-03-21 13:13:24','2023-03-21 13:13:24'),(12066,'2023-03-21 13:13:25','2023-03-21 13:13:25'),(12067,'2023-03-21 13:13:36','2023-03-21 13:13:36'),(12068,'2023-03-21 13:13:37','2023-03-21 13:13:37'),(12069,'2023-03-21 13:13:38','2023-03-21 13:13:38'),(12070,'2023-03-21 13:14:00','2023-03-21 13:14:00'),(12071,'2023-03-21 13:14:00','2023-03-21 13:14:00'),(12072,'2023-03-21 13:14:01','2023-03-21 13:14:01'),(12073,'2023-03-21 13:14:35','2023-03-21 13:14:35'),(12074,'2023-03-21 13:14:36','2023-03-21 13:14:36'),(12075,'2023-03-21 13:14:36','2023-03-21 13:14:36'),(12076,'2023-03-21 13:22:40','2023-03-21 13:22:40'),(12077,'2023-03-21 13:22:41','2023-03-21 13:22:41'),(12078,'2023-03-21 13:22:41','2023-03-21 13:22:41'),(12079,'2023-03-21 13:23:13','2023-03-21 13:23:13'),(12080,'2023-03-21 13:23:14','2023-03-21 13:23:14'),(12081,'2023-03-21 13:23:14','2023-03-21 13:23:14'),(12082,'2023-03-21 13:23:55','2023-03-21 13:23:55'),(12083,'2023-03-21 13:23:56','2023-03-21 13:23:56'),(12084,'2023-03-21 13:23:57','2023-03-21 13:23:57'),(12085,'2023-03-21 13:24:16','2023-03-21 13:24:16'),(12086,'2023-03-21 13:24:16','2023-03-21 13:24:16'),(12087,'2023-03-21 13:24:17','2023-03-21 13:24:17'),(12088,'2023-03-21 13:24:40','2023-03-21 13:24:40'),(12089,'2023-03-21 13:24:41','2023-03-21 13:24:41'),(12090,'2023-03-21 13:24:42','2023-03-21 13:24:42'),(12091,'2023-03-21 13:25:19','2023-03-21 13:25:19');
/*!40000 ALTER TABLE `gtp_requests` ENABLE KEYS */;
UNLOCK TABLES;

--
-- Table structure for table `kyc_clients`
--

DROP TABLE IF EXISTS `kyc_clients`;
/*!40101 SET @saved_cs_client     = @@character_set_client */;
/*!50503 SET character_set_client = utf8mb4 */;
CREATE TABLE `kyc_clients` (
  `id` int NOT NULL AUTO_INCREMENT,
  `name` varchar(50) DEFAULT NULL,
  `lastname` varchar(50) DEFAULT NULL,
  `email` varchar(50) DEFAULT NULL,
  `telephone` varchar(50) DEFAULT NULL,
  `birthday` varchar(15) DEFAULT NULL,
  `departement` varchar(50) DEFAULT NULL,
  `city` varchar(50) DEFAULT NULL,
  `country` varchar(50) DEFAULT NULL,
  `address` varchar(255) DEFAULT NULL,
  `profession` varchar(50) DEFAULT NULL,
  `revenu` varchar(50) DEFAULT NULL,
  `piece_type` int DEFAULT NULL,
  `piece_id` varchar(50) DEFAULT NULL,
  `piece_file` varchar(255) DEFAULT NULL,
  `deleted` tinyint DEFAULT NULL,
  `created_at` datetime DEFAULT NULL,
  `updated_at` datetime DEFAULT NULL,
  `user_with_piece` varchar(255) DEFAULT NULL,
  PRIMARY KEY (`id`)
) ENGINE=InnoDB AUTO_INCREMENT=35 DEFAULT CHARSET=latin1;
/*!40101 SET character_set_client = @saved_cs_client */;

--
-- Dumping data for table `kyc_clients`
--

LOCK TABLES `kyc_clients` WRITE;
/*!40000 ALTER TABLE `kyc_clients` DISABLE KEYS */;
INSERT INTO `kyc_clients` VALUES (1,'GBEVE','Aurens','noreply-bcv@bestcash.me','229 68080278','23-JAN-2023','OU','Cotonou','BJ','Houeyiho',NULL,NULL,1,'123456','/storage/pieces/piece_file/L8SrL50oiARORpAwVu2iHTVpxConOa1miFjOUKck.png',0,'2023-01-22 10:36:11','2023-01-23 15:41:18','/storage/pieces/user_with_piece/637nOllZWXdc4yDFzcnYtCH3C68vLHRVPiy1ro9a.png'),(2,'HOUNKPONOU','Erica','noreply-bcv@bestcash.me','229 68080275','24-MAR-1998','LI','Cotonou','BJ','Houeyiho',NULL,NULL,1,'12345678','/storage/pieces/piece_file/m1sn0dlUPDMxpHXSqhmsKYI0tFRPSQUrBGMkohmr.png',0,'2023-01-24 09:39:01','2023-01-24 13:39:41','/storage/pieces/user_with_piece/9V7u6hgOQBftnw8yGbiDKLNIe9fy1BybqHWx3lBp.png'),(3,'GOUNON','Viviane','noreply-bcv@bestcash.me','229 61714161','18-MAR-1998','AK','Cotonou','BJ','Cadjehoun, haie vive',NULL,NULL,1,'12345678','/storage/pieces/piece_file/qhdtSrdi5OnIuDHPxxWOujC6is9lOrsvIguHbE6M.png',0,'2023-01-24 20:26:15','2023-01-30 16:14:43','/storage/pieces/user_with_piece/JaTstIa0eBkCVaHurq42gTPJZ7Rg2k048iKQYtMx.png'),(4,'LOBIYI','Salvador','noreply-bcv@bestcash.me','229 66272226','01-JAN-2023','LI','Cotonou','BJ','Houeyiho',NULL,NULL,1,'12345678','/storage/pieces/piece_file/ZjCSsFsMt5nKa6Cmpkf2XWDb0u5a06J9kGHtSilP.png',0,'2023-01-31 00:11:54','2023-01-31 00:13:45','/storage/pieces/user_with_piece/D8AzgeL3QeUlbrNEZTEHfILDfI4REcFQVUasugOo.png'),(5,'GBEVE','Merveille','enochahoudji@gmail.com','229 55585196','05-FEB-2023','LI','Cotonou','BJ','Houéyiho',NULL,NULL,1,'1234567899','/storage/pieces/piece_file/lr8kg1R5AFhCKRXvXScBplZgvMwPTsC1uAzGsV2H.jpg',0,'2023-02-05 19:05:25','2023-02-05 19:29:33','/storage/pieces/user_with_piece/SMFsFaO4fQgoXTqHGdZ9kkiNNefoOcQVyfheNceI.jpg'),(6,'GBEVE','Aurens','noreply-bcv@bestcash.me','229 68080278','19-MAR-1998','LI','Cotonou','BJ','Cadjehoun, haie vive',NULL,NULL,2,'100644333','/storage/pieces/piece_file/7DVW8RWql0pLVH4yRi4lHRcayWdrHeFvM7W6O5fr.jpg',0,'2023-02-15 11:27:05','2023-03-06 13:52:15','/storage/pieces/user_with_piece/CqcPrHNrBtRJI9CR4Xy17rZXeuNW8qwGcnccFmAT.jpg'),(7,'GBEVE','Evans','noreply-bcv@bestcash.me','229 62617848','03-JUN-2022','OU','Porto','BJ','Parakou',NULL,NULL,2,'2',NULL,0,'2023-02-15 13:12:55','2023-02-15 13:14:25',NULL),(8,'renso','coorporate','noreply-bcv@bestcash.me','229 55012674','15-FEB-2023','LI','Cotonou','BJ','adese',NULL,NULL,2,'152200222','/storage/pieces/piece_file/r32nlG54q44adSD3nkKJNL6azz5kVkWYqLNIqNhx.jpg',0,'2023-02-15 18:01:58','2023-02-15 18:04:01','/storage/pieces/user_with_piece/g0SAgAlr4mRQhz660vtMCGFcERDCHzMTMl5H2FBY.jpg'),(9,'KPOIZOUN','CEDAR','kpoizounc@gmail.com','229 96870404','31-DEC-1974','LI','Cotonou','BJ','c 1015 djidje Cotonou',NULL,NULL,2,'Rt454','/storage/pieces/piece_file/X1IZX4atWtRYu14eWi5BRlKxgX6mgfSCftqTM5IP.jpg',0,'2023-02-15 20:14:06','2023-02-15 20:17:01','/storage/pieces/user_with_piece/pUs5akb8FS56JQt2XSJnZqqWqK1ojkA5XJmLtacR.jpg'),(10,'Ahissou','Franck Omer','franckomer.ahissou@gmail.com','229 94015002','22-JUL-1981','LI','Cotonou','BJ','Djeffa',NULL,NULL,2,'5489464988962',NULL,0,'2023-02-18 09:24:21','2023-02-18 09:26:10',NULL),(11,'Gbeve','Aurens','noreply-bcv@bestcash.me','229 62617848','19-DEC-1984','LI','Cotonou','BJ','Houeyiho',NULL,NULL,2,'100923444','/storage/pieces/piece_file/KKoepXYi4xDKIVj0cijktBRJ323DzlbvRcjUmht7.jpg',0,'2023-02-20 12:29:32','2023-02-20 13:33:04','/storage/pieces/user_with_piece/TT1cYd0vXw7UmmuZ4FtP72nJ5ob6kSUpCh3vOsT4.jpg'),(12,'MOUMOUNI','Mouftaou','mouftaou.moumouni@bestcash.me','229 66080461','02-NOV-1989','AQ','abomey calavi','BJ','Abomey calavi',NULL,NULL,2,'153844077278','/storage/pieces/piece_file/s4cw8goFMw0AoLnbWMrMQ2uYStPYn5UBFUKP6pn1.jpg',0,'2023-02-20 15:51:11','2023-02-20 15:55:49','/storage/pieces/user_with_piece/66jbHHIKuhQJWEOoFHqadZhwehFPRE6HFfLrRbGG.jpg'),(13,'Tossa','prisca','tossaprisca098@gmail.com','229 97838084','30-APR-1995','LI','COTONOU','BJ','Fidjrossè calvaire',NULL,NULL,2,'201856476','/storage/pieces/piece_file/A1tnAkatld1AiWyAnvpIe5Kg4CcLtXgEPyIxDa0Q.jpg',0,'2023-02-21 15:31:58','2023-02-21 15:35:27','/storage/pieces/user_with_piece/2wkXZuKgNjhd9UQnmVgRpAu1lrcCzArqE7FdYgpp.jpg'),(14,'EZOUN','Estard Edossine','ezoumestard@gmail.com','229 62925644','10-JAN-1996','LI','cotonou','BJ','fifadji',NULL,NULL,4,'2345776890865','/storage/pieces/piece_file/1OoXIT9Sj9kc6DKdiFSZThALgaDSzpYTFiuQYJaP.jpg',0,'2023-02-21 15:32:08','2023-02-21 15:36:19','/storage/pieces/user_with_piece/prfZWW5asSbFDTJqMa3naxmtD1XjpscavVLsyBq4.jpg'),(15,'ADEOCHOUN','hapmy','happyadeochoun936@gmail.com','229 97150779','04-APR-1999','LI','cotonou','BJ','ste rita',NULL,NULL,2,'132356876','/storage/pieces/piece_file/RIKB2PiZxka7aOtAVQrYSWq5Ktn8wO3cPQwVinFs.jpg',0,'2023-02-21 15:32:10','2023-02-21 15:35:20','/storage/pieces/user_with_piece/zQszDUclDq4VA5ulGb4sfljmCVh9GAis4digVAm8.jpg'),(16,'zossou','Odile','zossouodile058@gmail.com','229 56056817','01-MAY-1991','AQ','calavi','BJ','calavi',NULL,NULL,2,'250500258','/storage/pieces/piece_file/e7rZGlnt7k0fKXKaZBb3PHb8XBH3ah5acOcuCSVJ.jpg',0,'2023-02-21 15:32:39','2023-02-21 15:35:37','/storage/pieces/user_with_piece/YNzkadf5OO3QwF4AqAf0sPcQfe16ACg34QKy66wl.jpg'),(17,'DANDJINOU','Hervé','dsrv22@yahoo.fr','229 97763768','01-JUN-1984','LI','Cotonou','BJ','Agla',NULL,NULL,NULL,NULL,NULL,0,'2023-03-01 16:52:41','2023-03-01 16:54:36',NULL),(18,'ABIALA','Innocentia','noreply-bcv@bestcash.me','229 67716853','01-SEP-1960','LI','Cotonou','BJ','Godomey',NULL,NULL,1,'1547899566','/storage/pieces/piece_file/1NZLc6ItiMll4lFkeI6NbAKroH4EpAdW6aSiqtlT.jpg',0,'2023-03-01 17:03:06','2023-03-01 17:05:11','/storage/pieces/user_with_piece/OOoOETfOgJqxa94XedSkrRBO3GmSgytUBoTM7tky.png'),(19,'Anani','Bénédicte','noreply-bcv@bestcash.me','229 96928879','18-MAR-1993','LI','Cotonou','BJ','12345678',NULL,NULL,3,'Azertyuia','/storage/pieces/piece_file/q8v8UZfikxsA1z0gvkdF5LOgfMKJFxBmAAqYeXQe.jpg',0,'2023-03-02 08:58:26','2023-03-02 09:00:53','/storage/pieces/user_with_piece/B16S0E5OVdlssRJ6Os2MKUA74XVcnRRWr86Mb4mn.jpg'),(20,'Corporate','Ino','noreply-bcv@bestcash.me','229 60608752','01-JAN-1970','LI','Cotonou','BJ','adresse',NULL,NULL,3,'gjgu','/storage/pieces/piece_file/96JVJj5eq8w5tL5qwXSkCDteDw89gqIsdtiO8PDP.jpg',0,'2023-03-03 09:31:27','2023-03-03 09:36:57','/storage/pieces/user_with_piece/E7JR5TpVdTASOTrtzOPMw8tKh68sLVQnz3Ivkr0x.jpg'),(21,'Gounon','Viviane','noreply-bcv@bestcash.me','229 61714161','12-MAR-1970','OU','Cotonou','BJ','adresse',NULL,NULL,NULL,NULL,NULL,0,'2023-03-03 11:49:05','2023-03-03 11:52:13',NULL),(22,'HOUNGUE','Obed','obedhoungue@gmail.com','229 67283539','31-DEC-1989','LI','Cotonou','BJ','Cotonou',NULL,NULL,1,'15478963202','/storage/pieces/piece_file/gOQh2i53q5tPwL4YruARrmC7oIqPTpkNkBoAYCO4.png',0,'2023-03-03 12:57:36','2023-03-03 15:28:33','/storage/pieces/user_with_piece/Rc54BgQsqPTKhErxhuOJ0vVDItvxE0tzaa0nMTRd.png'),(23,'TOHO','Luc','noreply-bcv@bestcash.me','229 96042827','12-MAY-2021','BO','gfhgfh','BJ','a',NULL,NULL,1,'8946kl,ml654','/storage/pieces/piece_file/UbMdghAfq1xKjv1BNSnnHctpDa9K5ipN5o9UY3nx.png',0,'2023-03-03 12:57:50','2023-03-03 16:16:20','/storage/pieces/user_with_piece/DTKHspd9cKWX3OnNujtPP9cAcVcI42wIte4VWSNT.png'),(24,'ZANVO','Waïnole','mikpongbetozanvo@gmail.com','229 67078612','01-JAN-1970','AQ','CALAVI','BJ','TANKPÊ',NULL,NULL,1,'B009876453','/storage/pieces/piece_file/m0UYDePbabXSTBThRRCrElMht4CJNRxXy7LS03iU.jpg',0,'2023-03-03 13:09:45','2023-03-03 13:14:11','/storage/pieces/user_with_piece/0zL6wysoBn1hz4ea5JK5mwsq3XbYFMKUJ429YdnD.jpg'),(25,'RODRIGUEZ','VALERIE PRUDENCIA','rod62.valerie@gmail.com','229 97303098','06-MAY-1997','LI','Cotonou','BJ','Vedoko',NULL,NULL,4,'20508617132421','/storage/pieces/piece_file/wOGLfGppbFys1Dv5OFzerfAqRKbuNdF8CbHdoUyH.jpg',0,'2023-03-03 13:17:47','2023-03-03 15:28:54','/storage/pieces/user_with_piece/eT9UTf0iOXJXH9Fbk5R2HnxVvmMZy92eODvSjsG6.jpg'),(26,'ADJINOU','Josué','joscriswag321@gmail.com','229 67210988','27-MAY-1998','AQ','Ouidah','BJ','Pahou Colas',NULL,NULL,2,'201852859','/storage/pieces/piece_file/5zZuzQ5iAzOg9qj5JWrc3PkRwHVYlaCcCOnih9iE.jpg',0,'2023-03-03 14:03:40','2023-03-03 14:11:45','/storage/pieces/user_with_piece/MoTr9TIBkLd4vbCAdffKOsHE3w2Ve15szidtYt0N.jpg'),(27,'Sodokin','Donatien','adsodokin@gmail.com','229 52413100','01-JAN-1995','LI','Cotonou','BJ','Gbégamey, carré 728 M/Bossoukpèvi',NULL,NULL,1,'65456465','/storage/pieces/piece_file/PfEXKDVTDgHfEXSoLa9gi2JzK0gAS67SG6DIg5bM.png',0,'2023-03-03 14:08:13','2023-03-03 16:06:49','/storage/pieces/user_with_piece/oTY4iy5Aciwyk9rm4F7sXJ6XsQdfXyAdpX5LuonH.png'),(28,'GADE','Ferdinand','gadeferdinand@gmail.com','229 97849776','11-JAN-1981','MO','Bopa','BJ','Atrokpocodji',NULL,NULL,1,'B0644323','/storage/pieces/piece_file/S8yBFLPGnO3FliAwzlBIRV6eaYKqha5fDw1e3Qhz.jpg',0,'2023-03-03 14:27:02','2023-03-03 14:32:11','/storage/pieces/user_with_piece/9vNV3XsKtWnfJzaebSWSykSYix95AdNkNm4H1DyG.jpg'),(29,'SOSSA','Franck Rolland Mahuton','franckrollandsossa@gmail.com','229 96806725','12-MAY-2021','AQ','Abomey-calavi','BJ','cocotomey',NULL,NULL,1,'54894897987','/storage/pieces/piece_file/7iz0kyTny3702UbFKaMF87ISMkAhXsbaznoN1EQz.png',0,'2023-03-03 15:43:14','2023-03-03 16:08:53','/storage/pieces/user_with_piece/aXrY9OK3BKBwXH3g2qUb5akF9gMsRwLTYR9wKkFj.png'),(30,'CHAGANOU','Henri Paul Egnonam','paulaze51@gmail.com','229 97039583','28-DEC-1985','LI','Abomey Calavi','BJ','Togba',NULL,NULL,1,'12345678jkykkj','/storage/pieces/piece_file/EC7Ndum6oixxJbgvgXdVSWgmiJVhwrHmXRoURjS0.png',0,'2023-03-03 17:19:21','2023-03-03 17:24:36','/storage/pieces/user_with_piece/ZN7j1EG5wqsMdnDhNfEbhuXR2CEHOFprU2mLxDEH.png'),(31,'GNINGLINVI','Emile','gninglinvi@gmail.com','229 66195625','01-JAN-1990','AQ','Abomey calavi','BJ','c/sb tankpe',NULL,NULL,NULL,NULL,NULL,0,'2023-03-03 17:34:46','2023-03-03 17:37:07',NULL),(32,'Ezin','Euloge','eseuloge84@gmail.com','229 69932193','08-SEP-1997','LI','Cotonou','BJ','Djidjè, Aïdjèdo',NULL,NULL,4,'C02000782321','/storage/pieces/piece_file/rbmOhW7RIHgTCk6vBZ9LnUuP4Y1D423HFIzoYD7q.jpg',0,'2023-03-03 17:37:22','2023-03-03 17:48:29','/storage/pieces/user_with_piece/OKBYHBxKDN7SnZ9Ln1WYoVOHs4bIst6tgr7G8mD4.jpg'),(33,'Sod','Don','etrf@gmail.com','229 97952004','01-JAN-1970','BO','123','BJ','adresse',NULL,NULL,1,'12345698643','/storage/pieces/piece_file/Kns5qJGC9qjZ71sH2DYXla51U5lvPPvyeUsIybNO.jpg',0,'2023-03-09 16:58:28','2023-03-09 17:15:28','/storage/pieces/user_with_piece/aRnLW5GjRswB8u7M8lse1kK4kjo6cp6R40BUYFcO.jpg'),(34,'WETINHOUN','Stéphane','gantonstephane@gmail.com','229 94072171','31-DEC-1969','AQ','Ab Calavi','BJ','Calavi',NULL,NULL,1,'B203030','/storage/pieces/piece_file/rvV4wyrikoZb6bM9WqvrAbQsicHBnfJCGiqzeSBb.jpg',0,'2023-03-10 16:15:36','2023-03-10 16:49:05','/storage/pieces/user_with_piece/lbXW2CyVQcfk4DY1kB8I9a0B3bJLPwZOSgWkEdzQ.jpg');
/*!40000 ALTER TABLE `kyc_clients` ENABLE KEYS */;
UNLOCK TABLES;

--
-- Table structure for table `limits`
--

DROP TABLE IF EXISTS `limits`;
/*!40101 SET @saved_cs_client     = @@character_set_client */;
/*!50503 SET character_set_client = utf8mb4 */;
CREATE TABLE `limits` (
  `id` int NOT NULL AUTO_INCREMENT,
  `user_partenaire_id` int NOT NULL DEFAULT '0',
  `type_operation` varchar(50) DEFAULT NULL,
  `partenaire_id` int DEFAULT NULL,
  `montant` int DEFAULT NULL,
  `deleted` tinyint DEFAULT NULL,
  `created_at` datetime DEFAULT NULL,
  `updated_at` datetime DEFAULT NULL,
  PRIMARY KEY (`id`)
) ENGINE=InnoDB DEFAULT CHARSET=latin1;
/*!40101 SET character_set_client = @saved_cs_client */;

--
-- Dumping data for table `limits`
--

LOCK TABLES `limits` WRITE;
/*!40000 ALTER TABLE `limits` DISABLE KEYS */;
/*!40000 ALTER TABLE `limits` ENABLE KEYS */;
UNLOCK TABLES;

--
-- Table structure for table `mouchard_partenaires`
--

DROP TABLE IF EXISTS `mouchard_partenaires`;
/*!40101 SET @saved_cs_client     = @@character_set_client */;
/*!50503 SET character_set_client = utf8mb4 */;
CREATE TABLE `mouchard_partenaires` (
  `id` int NOT NULL AUTO_INCREMENT,
  `libelle` varchar(255) DEFAULT NULL,
  `user_partenaire_id` int DEFAULT NULL,
  `deleted` tinyint DEFAULT '0',
  `created_at` datetime DEFAULT NULL,
  `updated_at` datetime DEFAULT NULL,
  PRIMARY KEY (`id`)
) ENGINE=InnoDB AUTO_INCREMENT=83 DEFAULT CHARSET=latin1;
/*!40101 SET character_set_client = @saved_cs_client */;

--
-- Dumping data for table `mouchard_partenaires`
--

LOCK TABLES `mouchard_partenaires` WRITE;
/*!40000 ALTER TABLE `mouchard_partenaires` DISABLE KEYS */;
INSERT INTO `mouchard_partenaires` VALUES (1,'Depot de 3000 effectué sur le compte 22968080278 de Aurens GBEVE. Frais :0',1,0,'2023-01-23 23:34:14','2023-01-23 23:34:14'),(2,'Depot de 3000 effectué sur le compte 22968080278 de Aurens GBEVE. Frais :0',1,0,'2023-01-24 00:03:19','2023-01-24 00:03:19'),(3,'Retrait de 5000 effectué sur le compte 22968080278 de Aurens GBEVE.',1,0,'2023-01-24 00:31:58','2023-01-24 00:31:58'),(4,'Retrait de 3000 effectué sur le compte 22968080278 de Aurens GBEVE.',1,0,'2023-01-24 00:35:07','2023-01-24 00:35:07'),(5,'Retrait de 2000 effectué sur le compte 22968080278 de Aurens GBEVE.',1,0,'2023-01-24 00:36:26','2023-01-24 00:36:26'),(6,'Retrait de 2000 effectué sur le compte 22968080278 de Aurens GBEVE.',1,0,'2023-01-24 00:39:30','2023-01-24 00:39:30'),(7,'Retrait de 2000 effectué sur le compte 22968080278 de Aurens GBEVE.',1,0,'2023-01-24 00:42:12','2023-01-24 00:42:12'),(8,'Retrait de 2000 effectué sur le compte 22968080278 de Aurens GBEVE.',1,0,'2023-01-24 00:44:37','2023-01-24 00:44:37'),(9,'Depot de 9000 effectué sur le compte 22968080278 de Aurens GBEVE. Frais :0',1,0,'2023-01-25 12:57:19','2023-01-25 12:57:19'),(10,'Retrait de 1500 effectué sur le compte 22968080278 de Aurens GBEVE.',1,0,'2023-02-03 14:26:26','2023-02-03 14:26:26'),(11,'Retrait de 1500 effectué sur le compte 22968080278 de Aurens GBEVE.',1,0,'2023-02-03 14:30:43','2023-02-03 14:30:43'),(12,'Retrait de 1000 effectué sur le compte 22968080278 de Aurens GBEVE.',1,0,'2023-02-03 14:35:29','2023-02-03 14:35:29'),(13,'Retrait de 1000 effectué sur le compte 22968080278 de Aurens GBEVE.',1,0,'2023-02-03 14:37:12','2023-02-03 14:37:12'),(14,'Retrait de 1000 effectué sur le compte 22968080278 de Aurens GBEVE.',1,0,'2023-02-03 14:39:06','2023-02-03 14:39:06'),(15,'Depot de 2000 effectué sur le compte 22968080278 de Aurens GBEVE. Frais :0',1,0,'2023-02-03 15:00:30','2023-02-03 15:00:30'),(16,'Depot de 2000 effectué sur le compte 22968080278 de Aurens GBEVE. Frais :0',1,0,'2023-02-03 15:01:57','2023-02-03 15:01:57'),(17,'Depot de 2000 effectué sur le compte 22968080278 de Aurens GBEVE. Frais :0',1,0,'2023-02-03 15:10:49','2023-02-03 15:10:49'),(18,'Opération de transfert du compte commission vers le compte distribution',1,0,'2023-02-05 11:44:02','2023-02-05 11:44:02'),(19,'Retrait de 1500 effectué sur le compte 22968080278 de Aurens GBEVE.',1,0,'2023-02-05 12:31:54','2023-02-05 12:31:54'),(20,'Retrait de 1500 effectué sur le compte 22968080278 de Aurens GBEVE.',1,0,'2023-02-05 12:39:20','2023-02-05 12:39:20'),(21,'Retrait de 1500 effectué sur le compte 22968080278 de Aurens GBEVE.',1,0,'2023-02-05 12:40:29','2023-02-05 12:40:29'),(22,'Retrait de 2000 effectué sur le compte 22955585196 de Merveille GBEVE.',1,0,'2023-02-05 19:42:26','2023-02-05 19:42:26'),(23,'Retrait de 2000 effectué sur le compte 22955585196 de Merveille GBEVE.',1,0,'2023-02-05 20:06:04','2023-02-05 20:06:04'),(24,'Depot de 10000 effectué sur le compte 22955585196 de Merveille GBEVE. Frais :0',1,0,'2023-02-05 20:08:41','2023-02-05 20:08:41'),(25,'Opération de transfert du compte commission vers le compte distribution',1,0,'2023-02-06 10:58:47','2023-02-06 10:58:47'),(26,'Depot de 5000 effectué sur le compte 22968080278 de Aurens GBEVE. Frais :0',1,0,'2023-02-12 21:09:27','2023-02-12 21:09:27'),(27,'Depot de 50000 effectué sur le compte 22968080278 de Aurens GBEVE. Frais :0',1,0,'2023-02-12 21:13:30','2023-02-12 21:13:30'),(28,'Depot de 10000 effectué sur le compte 22968080278 de Aurens GBEVE. Frais :0',1,0,'2023-02-15 17:58:58','2023-02-15 17:58:58'),(29,'Depot de 5000 effectué sur le compte 22996870404 de CEDAR KPOIZOUN. Frais :0',1,0,'2023-02-15 20:25:12','2023-02-15 20:25:12'),(30,'Retrait de 500 effectué sur le compte 22996870404 de CEDAR KPOIZOUN.',1,0,'2023-02-15 20:27:01','2023-02-15 20:27:01'),(31,'Retrait de 500 effectué sur le compte 22996870404 de CEDAR KPOIZOUN.',1,0,'2023-02-15 20:27:10','2023-02-15 20:27:10'),(32,'Retrait de 500 effectué sur le compte 22996870404 de CEDAR KPOIZOUN.',1,0,'2023-02-15 20:27:16','2023-02-15 20:27:16'),(33,'Retrait de 500 effectué sur le compte 22996870404 de CEDAR KPOIZOUN.',1,0,'2023-02-15 20:27:37','2023-02-15 20:27:37'),(34,'Retrait de 5000 effectué sur le compte 22968080278 de Aurens GBEVE.',1,0,'2023-02-15 20:40:23','2023-02-15 20:40:23'),(35,'Retrait de 5000 effectué sur le compte 22968080278 de Aurens GBEVE.',1,0,'2023-02-15 20:43:24','2023-02-15 20:43:24'),(36,'Retrait de 500 effectué sur le compte 22996870404 de CEDAR KPOIZOUN.',1,0,'2023-02-15 20:48:16','2023-02-15 20:48:16'),(37,'Opération de transfert du compte commission vers le compte distribution',1,0,'2023-02-18 09:48:51','2023-02-18 09:48:51'),(38,'Depot de 5000 effectué sur le compte 22994015002 de Franck Omer Ahissou. Frais :0',1,0,'2023-02-19 16:17:40','2023-02-19 16:17:40'),(39,'Depot de 5000 effectué sur le compte 22994015002 de Franck Omer Ahissou. Frais :0',1,0,'2023-02-19 16:17:58','2023-02-19 16:17:58'),(40,'Retrait de 3800 effectué sur le compte 22994015002 de Franck Omer Ahissou.',1,0,'2023-02-19 16:19:49','2023-02-19 16:19:49'),(41,'Depot de 1000 effectué sur le compte 22997150779 de hapmy ADEOCHOUN. Frais :0',1,0,'2023-02-21 15:49:47','2023-02-21 15:49:47'),(42,'Depot de 500 effectué sur le compte 22956056817 de Odile zossou. Frais :0',1,0,'2023-02-21 15:49:52','2023-02-21 15:49:52'),(43,'Depot de 500 effectué sur le compte 22962925644 de Estard Edossine EZOUN. Frais :0',1,0,'2023-02-21 15:49:52','2023-02-21 15:49:52'),(44,'Depot de 500 effectué sur le compte 22997838084 de prisca Tossa. Frais :0',1,0,'2023-02-21 15:49:59','2023-02-21 15:49:59'),(45,'Retrait de 500 effectué sur le compte 22997150779 de hapmy ADEOCHOUN.',1,0,'2023-02-21 15:51:50','2023-02-21 15:51:50'),(46,'Retrait de 400 effectué sur le compte 22997838084 de prisca Tossa.',1,0,'2023-02-21 15:53:01','2023-02-21 15:53:01'),(47,'Retrait de 400 effectué sur le compte 22956056817 de Odile zossou.',1,0,'2023-02-21 15:53:27','2023-02-21 15:53:27'),(48,'Retrait de 300 effectué sur le compte 22962925644 de Estard Edossine EZOUN.',1,0,'2023-02-21 15:53:28','2023-02-21 15:53:28'),(49,'Ajout de l\'utilisateur ezoun estard',1,0,'2023-02-23 16:59:44','2023-02-23 16:59:44'),(50,'Depot de 5000 effectué sur le compte 22968080278 de Aurens GBEVE. Frais :0',1,0,'2023-02-23 17:14:12','2023-02-23 17:14:12'),(51,'Retrait de 1500 effectué sur le compte 22968080278 de Aurens GBEVE.',1,0,'2023-02-23 17:17:10','2023-02-23 17:17:10'),(52,'Retrait de 5000 effectué sur le compte 22968080278 de Aurens GBEVE.',1,0,'2023-03-01 09:43:13','2023-03-01 09:43:13'),(53,'Retrait de 10000 effectué sur le compte 22967717596 de Enock GBEVE.',1,0,'2023-03-01 23:55:18','2023-03-01 23:55:18'),(54,'Retrait de 10000 effectué sur le compte 22967717596 de Enock GBEVE.',1,0,'2023-03-01 23:55:51','2023-03-01 23:55:51'),(55,'Depot de 13000 effectué sur le compte 22968080278 de Aurens GBEVE. Frais :0',1,0,'2023-03-02 16:07:20','2023-03-02 16:07:20'),(56,'Retrait de 2000 effectué sur le compte 22967078612 de Waïnole ZANVO.',1,0,'2023-03-03 13:25:17','2023-03-03 13:25:17'),(57,'Retrait de 500 effectué sur le compte 22967078612 de Waïnole ZANVO.',1,0,'2023-03-03 13:27:02','2023-03-03 13:27:02'),(58,'Retrait de 500000 effectué sur le compte 22968080278 de Aurens GBEVE.',1,0,'2023-03-06 21:44:01','2023-03-06 21:44:01'),(59,'Retrait de 50000 effectué sur le compte 22968080278 de Aurens GBEVE.',1,0,'2023-03-07 10:48:44','2023-03-07 10:48:44'),(60,'Retrait de 5000 effectué sur le compte 22968080278 de Aurens GBEVE.',1,0,'2023-03-07 10:59:11','2023-03-07 10:59:11'),(61,'Depot de 50000 effectué sur le compte 22968080278 de Aurens GBEVE. Frais :0',1,0,'2023-03-09 15:23:14','2023-03-09 15:23:14'),(62,'Depot de 50000 effectué sur le compte 22968080278 de Aurens GBEVE. Frais :0',1,0,'2023-03-09 15:28:51','2023-03-09 15:28:51'),(63,'Depot de 500 effectué sur le compte 22968080278 de Aurens GBEVE. Frais :0',1,0,'2023-03-09 15:29:29','2023-03-09 15:29:29'),(64,'Depot de 2000 effectué sur le compte 22997838084 de prisca Tossa. Frais :0',1,0,'2023-03-09 16:12:17','2023-03-09 16:12:17'),(65,'Depot de 100000 effectué sur le compte 22997838084 de prisca Tossa. Frais :0',1,0,'2023-03-09 16:13:07','2023-03-09 16:13:07'),(66,'Opération de transfert du compte commission vers le compte distribution',1,0,'2023-03-09 16:37:06','2023-03-09 16:37:06'),(67,'Depot de 50000 effectué sur le compte 22968080278 de Aurens GBEVE. Frais :0',1,0,'2023-03-09 17:21:01','2023-03-09 17:21:01'),(68,'Depot de 15000 effectué sur le compte 22968080278 de Aurens GBEVE. Frais :0',1,0,'2023-03-09 17:29:04','2023-03-09 17:29:04'),(69,'Retrait de 10000 effectué sur le compte 22968080278 de Aurens GBEVE.',1,0,'2023-03-09 17:33:20','2023-03-09 17:33:20'),(70,'Retrait de 100000 effectué sur le compte 22968080278 de Aurens GBEVE.',1,0,'2023-03-09 20:05:49','2023-03-09 20:05:49'),(71,'Retrait de 500000 effectué sur le compte 22968080278 de Aurens GBEVE.',1,0,'2023-03-17 10:42:59','2023-03-17 10:42:59'),(72,'Retrait de 200000 effectué sur le compte 22968080278 de Aurens GBEVE.',1,0,'2023-03-17 10:49:24','2023-03-17 10:49:24'),(73,'Modification du role Administrateur',1,0,'2023-03-20 11:09:15','2023-03-20 11:09:15'),(74,'Opération de retrait du compte distribution',1,0,'2023-03-20 12:07:44','2023-03-20 12:07:44'),(75,'Opération de retrait du compte distribution',1,0,'2023-03-20 12:08:55','2023-03-20 12:08:55'),(76,'Opération de retrait du compte commission',1,0,'2023-03-20 12:20:28','2023-03-20 12:20:28'),(77,'Opération de transfert du compte commission vers le compte distribution',1,0,'2023-03-20 12:21:40','2023-03-20 12:21:40'),(78,'Depot de 50000 effectué sur le compte 22967717596 de Enock GBEVE. Frais :0',1,0,'2023-03-20 22:08:47','2023-03-20 22:08:47'),(79,'Depot de 5000 effectué sur le compte 22968080278 de Aurens GBEVE. Frais :0',1,0,'2023-03-20 22:10:09','2023-03-20 22:10:09'),(80,'Opération de retrait du compte distribution',1,0,'2023-03-20 22:51:34','2023-03-20 22:51:34'),(81,'Depot de 100000 effectué sur le compte 22994015002 de Franck Omer Ahissou. Frais :0',1,0,'2023-03-21 09:46:11','2023-03-21 09:46:11'),(82,'Retrait de 25000 effectué sur le compte 22994015002 de Franck Omer Ahissou.',1,0,'2023-03-21 09:46:53','2023-03-21 09:46:53');
/*!40000 ALTER TABLE `mouchard_partenaires` ENABLE KEYS */;
UNLOCK TABLES;

--
-- Table structure for table `mouchards`
--

DROP TABLE IF EXISTS `mouchards`;
/*!40101 SET @saved_cs_client     = @@character_set_client */;
/*!50503 SET character_set_client = utf8mb4 */;
CREATE TABLE `mouchards` (
  `id` int NOT NULL,
  `libelle` varchar(255) DEFAULT NULL,
  `user_id` int DEFAULT NULL,
  `deleted` tinyint DEFAULT '0',
  `created_at` datetime DEFAULT NULL,
  `updated_at` datetime DEFAULT NULL,
  PRIMARY KEY (`id`)
) ENGINE=InnoDB DEFAULT CHARSET=latin1;
/*!40101 SET character_set_client = @saved_cs_client */;

--
-- Dumping data for table `mouchards`
--

LOCK TABLES `mouchards` WRITE;
/*!40000 ALTER TABLE `mouchards` DISABLE KEYS */;
/*!40000 ALTER TABLE `mouchards` ENABLE KEYS */;
UNLOCK TABLES;

--
-- Table structure for table `partenaires`
--

DROP TABLE IF EXISTS `partenaires`;
/*!40101 SET @saved_cs_client     = @@character_set_client */;
/*!50503 SET character_set_client = utf8mb4 */;
CREATE TABLE `partenaires` (
  `id` int NOT NULL AUTO_INCREMENT,
  `libelle` varchar(255) DEFAULT NULL,
  `code` varchar(50) DEFAULT NULL,
  `last` varchar(50) DEFAULT NULL,
  `rccm` varchar(255) DEFAULT NULL,
  `ifu` varchar(255) DEFAULT NULL,
  `email` varchar(255) DEFAULT NULL,
  `telephone` varchar(50) DEFAULT NULL,
  `deleted` tinyint DEFAULT NULL,
  `created_at` datetime DEFAULT NULL,
  `updated_at` datetime DEFAULT NULL,
  PRIMARY KEY (`id`)
) ENGINE=InnoDB AUTO_INCREMENT=3 DEFAULT CHARSET=latin1;
/*!40101 SET character_set_client = @saved_cs_client */;

--
-- Dumping data for table `partenaires`
--

LOCK TABLES `partenaires` WRITE;
/*!40000 ALTER TABLE `partenaires` DISABLE KEYS */;
INSERT INTO `partenaires` VALUES (1,'Elite','12705536','7172','storage/partenaire/rccm/1674234755.jpg','storage/partenaire/ifu/1674234755.pdf','noreply-bcv@bestcash.me','22967717596',0,'2023-01-20 17:12:35','2023-01-20 17:12:35'),(2,'Agence k','12704987','4524','storage/partenaire/rccm/1674513984.pdf','storage/partenaire/ifu/1674513984.pdf','noreply-bcv@bestcash.me','22962617848',0,'2023-01-23 22:46:24','2023-01-23 22:46:24');
/*!40000 ALTER TABLE `partenaires` ENABLE KEYS */;
UNLOCK TABLES;

--
-- Table structure for table `permissions`
--

DROP TABLE IF EXISTS `permissions`;
/*!40101 SET @saved_cs_client     = @@character_set_client */;
/*!50503 SET character_set_client = utf8mb4 */;
CREATE TABLE `permissions` (
  `id` int NOT NULL AUTO_INCREMENT,
  `type` varchar(255) DEFAULT NULL,
  `libelle` varchar(255) DEFAULT NULL,
  `route` varchar(50) DEFAULT NULL,
  `deleted` tinyint DEFAULT NULL,
  `created_at` datetime DEFAULT NULL,
  `updated_at` datetime DEFAULT NULL,
  PRIMARY KEY (`id`)
) ENGINE=InnoDB AUTO_INCREMENT=133 DEFAULT CHARSET=latin1;
/*!40101 SET character_set_client = @saved_cs_client */;

--
-- Dumping data for table `permissions`
--

LOCK TABLES `permissions` WRITE;
/*!40000 ALTER TABLE `permissions` DISABLE KEYS */;
INSERT INTO `permissions` VALUES (2,'admin','Voir la liste des clients','clients',0,'2022-11-17 18:15:59','2022-11-17 18:16:02'),(3,'admin','Modifier les clients','client.edit',0,'2022-11-17 18:16:01','2022-11-17 18:16:03'),(4,'admin','Supprimer des comptes clients','client.delete',0,'2022-11-17 18:15:59','2022-11-17 18:16:04'),(5,'admin','Reinitialiser le mot de passe des clients','client.reset.password',0,'2022-11-17 18:16:07','2022-11-17 18:16:08'),(6,'admin','Activer des comptes clients','client.activation',0,'2022-11-17 18:16:09','2022-11-17 18:16:09'),(7,'admin','Désactiver des comptes clients','client.desactivation',0,'2022-11-17 18:16:10','2022-11-17 18:16:11'),(8,'admin','Voir les details des comptes clients','client.details',0,'2022-11-17 18:16:11','2022-11-17 18:16:12'),(9,'admin','Editer les KYC clients','kyc.edit',0,'2022-11-17 18:16:13','2022-11-17 18:16:14'),(10,'admin','Voir la liste des partenaires','partenaires',0,'2022-11-17 18:16:14','2022-11-17 18:16:15'),(11,'admin','Ajouter un partenaire','partenaire.add',0,'2022-11-17 18:16:16','2022-11-17 18:16:16'),(12,'admin','Modifier les partenaires','partenaire.edit',0,'2022-11-17 18:16:17','2022-11-17 18:16:17'),(13,'admin','Supprimer les partenaires','partenaire.delete',0,'2022-11-17 18:16:18','2022-11-17 18:16:19'),(14,'admin','Voir les details des partenaires','partenaire.details',0,'2022-11-17 18:16:19','2022-11-17 18:16:20'),(15,'admin','Annuler les retraits d\'un partenaire','partenaire.cancel.retrait',0,'2022-11-16 18:16:21','2022-11-17 18:16:22'),(16,'admin','Annuler les depots d\'un partenaire','partenaire.cancel.depot',0,'2022-11-17 18:16:23','2022-11-17 18:16:24'),(17,'admin','Voir la liste des utilisateurs','users',0,'2022-11-17 18:16:27','2022-11-17 18:16:26'),(18,'admin','Ajouter un utilisateur','user.add',0,'2022-11-17 18:16:25','2022-11-17 18:16:27'),(19,'admin','Modifier un utilisateur','user.edit',0,'2022-11-17 18:16:28','2022-11-17 18:16:29'),(20,'admin','Supprimer un utilisateur','user.delete',0,'2022-11-17 18:16:29','2022-11-17 18:16:30'),(21,'admin','Activer un utilisateur','user.activation',0,'2022-11-17 18:16:31','2022-11-17 18:16:32'),(22,'admin','Desactiver un utilisateur','user.desactivation',0,'2022-11-17 18:16:31','2022-11-17 18:16:31'),(23,'admin','Voir les details des utilisateurs','user.details',0,'2022-11-17 18:16:33','2022-11-17 18:16:34'),(24,'admin','Reinitialiser le mot de passe des utilisateurs','user.reset.password',0,'2022-11-17 18:16:34','2022-11-17 18:16:35'),(25,'admin','Voir la liste des gammes de cartes','gammes',0,'2022-11-17 18:16:35','2022-11-17 18:16:36'),(26,'admin','Ajouter une gamme de carte','gamme.add',0,'2022-11-17 18:16:37','2022-11-17 18:16:37'),(27,'admin','Modifier une gamme de carte','gamme.edit',0,'2022-11-17 18:16:38','2022-11-17 18:16:38'),(28,'admin','Supprimer une gamme de carte','gamme.delete',0,'2022-11-17 18:16:44','2022-11-17 18:16:45'),(29,'admin','Activer une gamme de carte','gamme.activation',0,'2022-11-17 18:16:45','2022-11-17 18:16:46'),(30,'admin','Désactiver une gamme de carte','gamme.desactivation',0,'2022-11-17 18:16:46','2022-11-17 18:16:47'),(31,'admin','Voir la liste des frais de retraits','frais',0,'2022-11-17 18:16:47','2022-11-17 18:16:48'),(32,'admin','Ajouter un frais','frais.add',0,'2022-11-17 18:16:48','2022-11-17 18:16:49'),(33,'admin','Modifier un frais','frais.edit',0,'2022-11-17 18:16:49','2022-11-17 18:16:50'),(34,'admin','Supprimer un frais','frais.delete',0,'2022-11-17 18:16:50','2022-11-17 18:16:51'),(35,'admin','Voir la liste des cartes physiques disponibles','carte.physiques',0,'2022-11-17 18:16:54','2022-11-17 18:16:54'),(36,'admin','Stocker des cartes physiques','carte.physiques.add',0,'2022-11-17 18:16:53','2022-11-17 18:16:53'),(37,'admin','Voir la liste des ventes de carte physiques en attentes','vente.physiques.attentes',0,'2022-11-17 18:16:52','2022-11-17 18:16:52'),(38,'admin','Supprimer les ventes de carte physiques','vente.physiques.delete',0,'2022-11-17 18:16:55','2022-11-17 18:16:55'),(39,'admin','Valider les ventes de carte physiques en attente','vente.physiques.attentes.validation',0,'2022-11-17 18:16:56','2022-11-17 18:16:56'),(40,'admin','Rejeter les ventes de carte physiques en attente','vente.physiques.attentes.rejet',0,'2022-11-17 18:16:57','2022-11-17 18:16:58'),(41,'admin','Voir la liste des ventes de carte physiques finalies','vente.physiques.finalises',0,'2022-11-17 18:16:59','2022-11-17 18:16:59'),(42,'admin','Voir la liste des ventes de carte physiques en rejete','vente.physiques.rejetes',0,'2022-11-17 18:16:58','2022-11-17 18:17:00'),(43,'admin','Voir la liste des ventes de carte virtuelle en attentes','vente.virtuelles.attentes',0,'2022-11-17 18:17:05','2022-11-17 18:17:00'),(44,'admin','Supprimer les ventes de carte virtuelles','vente.virtuelles.delete',0,'2022-11-17 18:17:02','2022-11-17 18:17:01'),(45,'admin','Valider les ventes de carte virtuelles en attente','vente.virtuelles.attentes.validation',0,'2022-11-17 18:17:02','2022-11-17 18:17:01'),(46,'admin','Rejeter les ventes de carte virtuelles en attente','vente.virtuelles.attentes.rejet',0,'2022-11-17 18:17:07','2022-11-17 18:17:07'),(47,'admin','Voir la liste des ventes de carte virtuelles finalises','vente.virtuelles.finalises',0,'2022-11-17 18:17:09','2022-11-17 18:17:09'),(48,'admin','Voir la liste des ventes de carte virtuelles en rejete','vente.virtuelles.rejetes',0,'2022-11-17 18:17:11','2022-11-17 18:17:08'),(49,'admin','Voir la liste des recharges en attentes','rechargements.attente',0,'2022-11-17 18:17:10','2022-11-17 18:17:14'),(50,'admin','Supprimer les recharges en attentes','rechargement.attentes.delete',0,'2022-11-17 18:17:12','2022-11-17 18:17:14'),(51,'admin','Valider les recharges en attentes','rechargement.attentes.validation',0,'2022-11-15 18:17:12','2022-11-17 18:17:13'),(52,'admin','Rejeter les recharges en attentes','rechargement.attentes.rejet',0,'2022-11-17 18:17:34','2022-11-17 18:17:36'),(53,'admin','Voir la liste des rechargements finalises','rechargement.finalises',0,'2022-11-17 18:17:35','2022-11-17 18:17:35'),(54,'admin','Voir la liste des rechargements rejetes','rechargement.rejetes',0,'2022-11-17 18:46:31','2022-11-17 18:17:36'),(78,'partenaire','Voir les retaits en attente de validation client','retraits',0,'2022-11-17 18:53:07','2022-11-17 18:53:06'),(79,'partenaire','Voir les retraits finalisés','retraits.finalises',0,'2022-11-17 18:53:04','2022-11-17 18:53:05'),(80,'partenaire','Faire une operation de retrait','retrait.create',0,'2022-11-17 18:53:24','2022-11-17 18:53:27'),(81,'partenaire','Annuler une operation de retrait','retrait.cancel',0,'2022-11-17 18:53:28','2022-11-17 18:53:27'),(82,'partenaire','Voir les depots en attentes de validation client','depots',0,'2022-11-17 18:53:28','2022-11-17 18:53:31'),(83,'partenaire','Voir les depots finalisés','depots.finalises',0,'2022-11-17 18:53:29','2022-11-17 18:53:29'),(84,'partenaire','Faire une operation de depot','depot.create',0,'2022-11-17 18:53:33','2022-11-17 18:53:31'),(89,'partenaire','Voir la liste des utilisateurs','users',0,'2022-11-17 18:53:38','2022-11-17 18:53:39'),(90,'partenaire','Details des utilisateurs partenaires','user.details',0,'2022-11-17 18:53:40','2022-11-17 18:53:40'),(91,'partenaire','Ajouter un utilisateur partenaire','user.add',0,'2022-11-17 18:53:41','2022-11-17 18:53:42'),(92,'partenaire','Modifier un utilisateur partenaire','user.edit',0,'2022-11-17 18:53:42','2022-11-17 18:53:43'),(93,'partenaire','Supprimer un utilisateur partenaire','user.delete',0,'2022-11-17 18:53:43','2022-11-17 18:53:44'),(94,'partenaire','Reinitialiser le mot de passe d\'un utilisateur partenaire','user.reset.password',0,'2022-11-17 18:53:45','2022-11-17 18:53:46'),(95,'partenaire','Activer un utilisateur partenaire','user.activation',0,'2022-11-17 18:53:47','2022-11-17 18:53:48'),(96,'partenaire','Desactiver un utilisateur partenaire','user.desactivation',0,'2022-11-17 18:53:49','2022-11-17 18:53:49'),(97,'admin','Ajouter un compte client','client.add',0,'2022-11-18 10:19:04','2022-11-18 10:19:11'),(98,'admin','Voir la liste des roles','roles',0,'2022-11-18 16:04:24','2022-11-18 16:04:25'),(99,'admin','Ajouter un role','roles.add',0,'2022-11-18 16:04:23','2022-11-18 16:04:26'),(100,'admin','Modifier un role','roles.edit',0,'2022-11-18 16:04:22','2022-11-18 16:04:26'),(101,'admin','Supprimer un role','roles.delete',0,'2022-11-18 16:04:22','2022-11-18 16:04:26'),(102,'admin','Editer le kyc','edit.kyc',0,'2022-11-21 17:40:41','2022-11-21 17:40:42'),(103,'partenaire','Voir la liste des retraits en attente de validation partenaire','retraits.unvalidate',0,'2022-12-22 16:07:14','2022-12-22 16:07:16'),(104,'partenaire','Validation de retrait','retrait.validate',0,'2022-12-22 16:07:25','2022-12-22 16:07:26'),(105,'partenaire','Telechargement du retrait','retrait.download',0,'2022-12-22 16:07:33','2022-12-22 16:07:34'),(106,'partenaire','Voir la liste des depots rejetes','depots.rejetes',0,'2022-12-22 16:07:42','2022-12-22 16:07:43'),(107,'partenaire','Voir la liste des depots en attente de validation partenaire','depots.unvalidate',0,'2022-12-22 16:07:51','2022-12-22 16:07:52'),(108,'partenaire','Annulation de depot','depot.cancel',0,'2022-12-22 16:08:01','2022-12-22 16:08:03'),(109,'partenaire','Validation du depot','depot.validate',0,'2022-12-22 16:11:26','2022-12-22 16:11:27'),(110,'partenaire','Telechargement du depot','depot.download',0,'2022-12-22 16:17:04','2022-12-22 16:17:05'),(111,'partenaire','Voir la liste des restrictions','restrictions',0,'2022-12-22 16:17:30','2022-12-22 16:18:54'),(112,'partenaire','Ajout de restrictions','restriction.add',0,'2022-12-22 16:17:36','2022-12-22 16:18:54'),(113,'partenaire','Modifier les restrictions','restriction.edit',0,'2022-12-22 16:17:41','2022-12-22 16:18:55'),(114,'partenaire','Supprimer les restrictions','restriction.delete',0,'2022-12-22 16:17:46','2022-12-22 16:18:56'),(115,'partenaire','Activer une restriction','restriction.activation',0,'2022-12-22 16:18:02','2022-12-22 16:18:57'),(116,'partenaire','Desactiver une restriction','restriction.desactivation',0,'2022-12-22 16:18:09','2022-12-22 16:18:57'),(117,'partenaire','Voir la liste des limites d\'operation','limits',0,'2022-12-22 16:18:13','2022-12-22 16:18:58'),(118,'partenaire','Ajouter une limite d\'operation','limit.add',0,'2022-12-22 16:18:17','2022-12-22 16:19:00'),(119,'partenaire','Modifier une limite d\'operaion','limit.edit',0,'2022-12-22 16:18:20','2022-12-22 16:18:59'),(120,'partenaire','Supprimer une limite d\'operaion','limit.delete',0,'2022-12-22 16:18:24','2022-12-22 16:19:00'),(121,'partenaire','Voir la liste des roles','roles',0,'2022-12-22 16:18:27','2022-12-22 16:19:01'),(122,'partenaire','Ajouter les roles','roles.add',0,'2022-12-22 16:18:41','2022-12-22 16:19:01'),(123,'partenaire','Modifier les roles','roles.edit',0,'2022-12-22 16:18:46','2022-12-22 16:19:02'),(124,'partenaire','Suprimer les roles','roles.delete',0,'2022-12-22 16:18:50','2022-12-22 16:19:03'),(125,'partenaire','Voir la liste des retraits rejetes','retraits.rejetes',0,'2022-12-26 15:22:25','2022-12-26 15:22:26'),(126,'partenaire','Ajouter un depot','depots.new',0,'2022-12-26 16:20:17','2022-12-26 16:20:18'),(127,'partenaire','Ajouter un retrait','retraits.new',0,'2022-12-26 16:20:17','2022-12-26 16:20:19'),(128,'partenaire','Voir le compte commission','commissions',0,NULL,NULL),(129,'partenaire','Voir le compte distribution','distributions',0,NULL,NULL),(130,'partenaire','Transferer du compte commission ver le compte distribution','transfert.commission.distribution',0,NULL,NULL),(131,'partenaire','Retirer du compte commission','retrait.commission',0,NULL,NULL),(132,'partenaire','Retirer du compte distribution','retrait.distribution',0,NULL,NULL);
/*!40000 ALTER TABLE `permissions` ENABLE KEYS */;
UNLOCK TABLES;

--
-- Table structure for table `recharges`
--

DROP TABLE IF EXISTS `recharges`;
/*!40101 SET @saved_cs_client     = @@character_set_client */;
/*!50503 SET character_set_client = utf8mb4 */;
CREATE TABLE `recharges` (
  `id` int NOT NULL AUTO_INCREMENT,
  `user_client_id` int DEFAULT NULL,
  `montant` int DEFAULT NULL,
  `reference` varchar(50) DEFAULT NULL,
  `status` tinyint DEFAULT NULL,
  `motif_rejet` text,
  `rejeteur_id` int DEFAULT NULL,
  `validateur_id` int DEFAULT NULL,
  `deleted` tinyint DEFAULT NULL,
  `created_at` datetime DEFAULT NULL,
  `updated_at` datetime DEFAULT NULL,
  PRIMARY KEY (`id`)
) ENGINE=InnoDB AUTO_INCREMENT=62 DEFAULT CHARSET=latin1;
/*!40101 SET character_set_client = @saved_cs_client */;

--
-- Dumping data for table `recharges`
--

LOCK TABLES `recharges` WRITE;
/*!40000 ALTER TABLE `recharges` DISABLE KEYS */;
INSERT INTO `recharges` VALUES (1,2,8000,'O7oxgnuY6',1,NULL,NULL,1,0,'2023-01-23 17:37:45','2023-01-23 17:38:22'),(2,2,2000,'i_Qbb9uxa',1,NULL,NULL,1,0,'2023-01-23 19:57:12','2023-01-23 20:27:02'),(3,2,100,'2tswmx6bb',NULL,NULL,NULL,NULL,0,'2023-01-25 16:23:20','2023-01-25 16:23:20'),(4,2,2500,'yVHkXh1Sg',NULL,NULL,NULL,NULL,0,'2023-01-31 00:51:00','2023-01-31 00:51:00'),(5,13,5000,'jW227oyTP',1,NULL,NULL,1,0,'2023-02-05 19:36:53','2023-02-05 19:39:41'),(6,22,50000,'AgNSykaho',1,NULL,NULL,1,0,'2023-02-19 12:13:23','2023-02-19 12:21:19'),(7,3,45100,'NaAUsviwM',NULL,NULL,NULL,NULL,0,'2023-02-19 14:15:43','2023-02-19 14:15:43'),(8,3,45100,'nihk64MHL',NULL,NULL,NULL,NULL,0,'2023-02-19 14:22:51','2023-02-19 14:22:51'),(9,3,45100,'ok',NULL,NULL,NULL,NULL,0,'2023-02-19 14:28:45','2023-02-19 14:28:45'),(10,3,4510,'ok',NULL,NULL,NULL,NULL,0,'2023-02-19 14:31:28','2023-02-19 14:31:28'),(11,22,50000,'ok',NULL,NULL,NULL,NULL,0,'2023-02-19 14:33:14','2023-02-19 14:33:14'),(12,3,5000,'ok',NULL,NULL,NULL,NULL,0,'2023-02-19 14:53:15','2023-02-19 14:53:15'),(13,3,1,'ok',NULL,NULL,NULL,NULL,0,'2023-02-19 14:55:58','2023-02-19 14:55:58'),(14,3,1,'ok',NULL,NULL,NULL,NULL,0,'2023-02-19 14:57:52','2023-02-19 14:57:52'),(15,3,1500,'ok',1,NULL,NULL,1,0,'2023-02-19 15:14:11','2023-02-19 15:14:12'),(16,3,50000,'jMl_jwIKw',1,NULL,NULL,1,0,'2023-02-19 15:20:23','2023-02-19 15:20:25'),(17,22,15000,'TU1gv8XhY',1,NULL,NULL,1,0,'2023-02-19 16:13:26','2023-02-19 16:13:27'),(18,27,5000,'69Y5M3ZxOZ',1,NULL,NULL,1,0,'2023-02-24 17:33:37','2023-02-24 17:33:38'),(19,28,1000,'aYvGQ9auS',1,NULL,NULL,1,0,'2023-02-24 17:33:37','2023-02-24 17:33:38'),(20,26,10000,'YxPamzAZq',1,NULL,NULL,1,0,'2023-02-24 17:35:56','2023-02-24 17:35:58'),(21,25,500,'En-UCX3Bb',1,NULL,NULL,1,0,'2023-02-24 17:36:31','2023-02-24 17:36:32'),(22,3,50000,'CkyHxS9nk',1,NULL,NULL,1,0,'2023-02-27 14:18:39','2023-02-27 14:18:41'),(23,3,1500,'bajiiax1h',1,NULL,NULL,1,0,'2023-02-27 14:38:27','2023-02-27 14:38:28'),(24,3,500,'eUaa9prJD',1,NULL,NULL,1,0,'2023-02-27 14:42:53','2023-02-27 14:42:54'),(25,3,100000,'P0ZztgVDR',1,NULL,NULL,1,0,'2023-02-27 14:45:45','2023-02-27 14:45:47'),(26,3,5000,'dd6EPPLBW',1,NULL,NULL,1,0,'2023-02-27 14:53:16','2023-02-27 14:53:18'),(27,1,5000,'kNhQXSapy',NULL,NULL,NULL,NULL,0,'2023-02-27 14:54:57','2023-02-27 14:54:57'),(28,1,5000,'lxC-4QLri',NULL,NULL,NULL,NULL,0,'2023-02-27 14:58:46','2023-02-27 14:58:46'),(29,3,1000,'605IRtBdv',1,NULL,NULL,1,0,'2023-02-27 15:00:38','2023-02-27 15:00:39'),(30,3,500,'luWkoEiVl',1,NULL,NULL,1,0,'2023-02-27 15:07:20','2023-02-27 15:07:21'),(31,3,500,'T4XO_gzLM',1,NULL,NULL,1,0,'2023-02-27 15:13:13','2023-02-27 15:13:15'),(32,3,500,'wrLrl6mr_',1,NULL,NULL,1,0,'2023-02-27 15:21:33','2023-02-27 15:21:35'),(33,3,5000,'H-0j5UvH9',1,NULL,NULL,1,0,'2023-03-01 12:30:39','2023-03-01 12:30:40'),(34,1,5000,'WXgJgqyg7',1,NULL,NULL,1,0,'2023-03-01 23:52:13','2023-03-01 23:52:14'),(35,31,5000,'yMYDS883p',1,NULL,NULL,1,0,'2023-03-02 09:33:21','2023-03-02 09:33:22'),(36,30,50000,'UbUbeFw5S',1,NULL,NULL,1,0,'2023-03-03 12:37:33','2023-03-03 12:37:34'),(37,31,500000,'12pm1E-s2',1,NULL,NULL,1,0,'2023-03-03 12:38:47','2023-03-03 12:38:48'),(38,38,1000000,'_Hpzm20VD',1,NULL,NULL,1,0,'2023-03-03 13:22:32','2023-03-03 13:22:33'),(39,14,5000,'uynZoY6tQ',1,NULL,NULL,1,0,'2023-03-03 14:40:40','2023-03-03 14:40:42'),(40,14,500000,'H83VC9HHh',1,NULL,NULL,1,0,'2023-03-03 15:23:53','2023-03-03 15:23:55'),(41,41,1000000,'KrFFmSRop',1,NULL,NULL,1,0,'2023-03-03 15:40:01','2023-03-03 15:40:03'),(42,35,20000,'BxBE50NWf',1,NULL,NULL,1,0,'2023-03-03 16:20:06','2023-03-03 16:20:08'),(43,42,100000,'jgg_dmBDA',1,NULL,NULL,1,0,'2023-03-03 16:25:17','2023-03-03 16:25:18'),(44,44,1000000,'27keWIdm0',1,NULL,NULL,1,0,'2023-03-03 17:29:18','2023-03-03 17:29:20'),(45,36,50000,'CU_wuUhGC',1,NULL,NULL,1,0,'2023-03-03 18:20:40','2023-03-03 18:20:42'),(46,3,5000,'d-mynk_vG',1,NULL,NULL,1,0,'2023-03-06 19:16:08','2023-03-06 19:16:10'),(47,3,40000,'fAy2ydiAF',1,NULL,NULL,1,0,'2023-03-06 19:34:19','2023-03-06 19:34:21'),(48,3,900000,'gLrFI3tmR',1,NULL,NULL,1,0,'2023-03-06 19:36:58','2023-03-06 19:36:59'),(49,3,100000,'VAsZDX5gd',1,NULL,NULL,1,0,'2023-03-06 19:59:04','2023-03-06 19:59:06'),(50,3,200000,'2mYsk9IiD',1,NULL,NULL,1,0,'2023-03-06 21:40:38','2023-03-06 21:40:39'),(51,3,300000,'BaAsvwCQa',1,NULL,NULL,1,0,'2023-03-08 00:05:48','2023-03-08 00:05:50'),(52,26,500,'Bwqpi_zjx',1,NULL,NULL,1,0,'2023-03-09 15:45:18','2023-03-09 15:45:20'),(53,28,1000,'pIkVC1biT',1,NULL,NULL,1,0,'2023-03-09 15:45:28','2023-03-09 15:45:30'),(54,40,500000,'uchfx_Rii',1,NULL,NULL,1,0,'2023-03-09 15:47:47','2023-03-09 15:47:49'),(55,3,50000,'lCFCZELY5',1,NULL,NULL,1,0,'2023-03-09 15:49:26','2023-03-09 15:49:28'),(56,25,5000,'uQB5JLfli',1,NULL,NULL,1,0,'2023-03-09 15:50:55','2023-03-09 15:50:56'),(57,27,500,'knu2M-Eb_',1,NULL,NULL,1,0,'2023-03-09 15:51:01','2023-03-09 15:51:02'),(58,3,2600000,'qvrnoJa8u',NULL,NULL,NULL,NULL,0,'2023-03-15 09:18:58','2023-03-15 09:18:58'),(59,3,500000,'mYVYoYBYY',1,NULL,NULL,1,0,'2023-03-15 09:19:42','2023-03-15 09:19:44'),(60,3,300000,'OcMhfo2LN',NULL,NULL,NULL,NULL,0,'2023-03-16 16:19:55','2023-03-16 16:19:55'),(61,22,5000,'IPLPzhCA-',1,NULL,NULL,1,0,'2023-03-21 09:32:36','2023-03-21 09:32:38');
/*!40000 ALTER TABLE `recharges` ENABLE KEYS */;
UNLOCK TABLES;

--
-- Table structure for table `restriction_agences`
--

DROP TABLE IF EXISTS `restriction_agences`;
/*!40101 SET @saved_cs_client     = @@character_set_client */;
/*!50503 SET character_set_client = utf8mb4 */;
CREATE TABLE `restriction_agences` (
  `id` int NOT NULL AUTO_INCREMENT,
  `partenaire_id` int DEFAULT NULL,
  `user_partenaire_id` int DEFAULT NULL,
  `createur_id` int DEFAULT NULL,
  `type_operation` varchar(50) DEFAULT NULL,
  `type_restriction` varchar(50) DEFAULT NULL,
  `valeur` int DEFAULT NULL,
  `periode` varchar(50) DEFAULT NULL,
  `etat` tinyint DEFAULT NULL,
  `deleted` tinyint DEFAULT NULL,
  `created_at` datetime DEFAULT NULL,
  `updated_at` datetime DEFAULT NULL,
  PRIMARY KEY (`id`)
) ENGINE=InnoDB DEFAULT CHARSET=latin1;
/*!40101 SET character_set_client = @saved_cs_client */;

--
-- Dumping data for table `restriction_agences`
--

LOCK TABLES `restriction_agences` WRITE;
/*!40000 ALTER TABLE `restriction_agences` DISABLE KEYS */;
/*!40000 ALTER TABLE `restriction_agences` ENABLE KEYS */;
UNLOCK TABLES;

--
-- Table structure for table `restrictions`
--

DROP TABLE IF EXISTS `restrictions`;
/*!40101 SET @saved_cs_client     = @@character_set_client */;
/*!50503 SET character_set_client = utf8mb4 */;
CREATE TABLE `restrictions` (
  `id` int NOT NULL AUTO_INCREMENT,
  `type_operation` varchar(50) DEFAULT NULL,
  `type_restriction` varchar(50) DEFAULT NULL,
  `type_acteur` varchar(50) DEFAULT NULL,
  `valeur` int DEFAULT NULL,
  `periode` varchar(50) DEFAULT NULL,
  `etat` tinyint DEFAULT NULL,
  `deleted` tinyint DEFAULT NULL,
  `created_at` datetime DEFAULT NULL,
  `updated_at` datetime DEFAULT NULL,
  PRIMARY KEY (`id`)
) ENGINE=InnoDB DEFAULT CHARSET=latin1;
/*!40101 SET character_set_client = @saved_cs_client */;

--
-- Dumping data for table `restrictions`
--

LOCK TABLES `restrictions` WRITE;
/*!40000 ALTER TABLE `restrictions` DISABLE KEYS */;
/*!40000 ALTER TABLE `restrictions` ENABLE KEYS */;
UNLOCK TABLES;

--
-- Table structure for table `retraits`
--

DROP TABLE IF EXISTS `retraits`;
/*!40101 SET @saved_cs_client     = @@character_set_client */;
/*!50503 SET character_set_client = utf8mb4 */;
CREATE TABLE `retraits` (
  `id` int NOT NULL AUTO_INCREMENT,
  `user_client_id` int DEFAULT NULL,
  `user_partenaire_id` int DEFAULT NULL,
  `partenaire_id` int DEFAULT NULL,
  `libelle` varchar(255) DEFAULT NULL,
  `solde_avant` int DEFAULT NULL,
  `montant` int DEFAULT NULL,
  `solde_apres` int DEFAULT NULL,
  `frais` int DEFAULT NULL,
  `code` int DEFAULT NULL,
  `status` tinyint DEFAULT NULL,
  `motif_rejet` text,
  `validate` tinyint DEFAULT NULL,
  `validateur_id` int DEFAULT NULL,
  `rejet_id` int DEFAULT NULL,
  `deleted` tinyint DEFAULT NULL,
  `created_at` datetime DEFAULT NULL,
  `updated_at` datetime DEFAULT NULL,
  PRIMARY KEY (`id`)
) ENGINE=InnoDB AUTO_INCREMENT=43 DEFAULT CHARSET=latin1;
/*!40101 SET character_set_client = @saved_cs_client */;

--
-- Dumping data for table `retraits`
--

LOCK TABLES `retraits` WRITE;
/*!40000 ALTER TABLE `retraits` DISABLE KEYS */;
INSERT INTO `retraits` VALUES (1,2,1,2,'Retrait effectué chez Agence k',NULL,5000,NULL,100,3317,0,NULL,1,NULL,NULL,0,'2023-01-24 00:31:58','2023-01-24 00:31:58'),(2,2,1,2,'Retrait effectué chez Agence k',NULL,3000,NULL,100,4584,0,NULL,1,NULL,NULL,0,'2023-01-24 00:35:07','2023-01-24 00:35:07'),(3,2,1,2,'Retrait effectué chez Agence k',NULL,2000,NULL,100,9318,0,NULL,1,NULL,NULL,0,'2023-01-24 00:36:26','2023-01-24 00:36:26'),(4,2,1,2,'Retrait effectué chez Agence k',NULL,2000,NULL,100,9164,0,NULL,1,NULL,NULL,0,'2023-01-24 00:39:30','2023-01-24 00:39:30'),(5,2,1,2,'Retrait effectué chez Agence k',NULL,2000,NULL,100,5467,0,NULL,1,NULL,NULL,0,'2023-01-24 00:42:12','2023-01-24 00:42:12'),(6,2,1,2,'Retrait effectué chez Agence k',18000,2000,16100,100,8213,1,NULL,1,NULL,NULL,0,'2023-01-24 00:44:37','2023-01-24 01:05:11'),(7,2,1,2,'Retrait effectué chez Agence k',10700,1500,9300,100,9606,1,NULL,1,NULL,NULL,0,'2023-02-03 14:26:26','2023-02-12 20:52:34'),(8,2,1,2,'Retrait effectué chez Agence k',12300,1500,10900,100,5277,1,NULL,1,NULL,NULL,0,'2023-02-03 14:30:43','2023-02-12 20:51:50'),(9,2,1,2,'Retrait effectué chez Agence k',13400,1000,12500,100,6339,1,NULL,1,NULL,NULL,0,'2023-02-03 14:35:29','2023-02-12 20:49:21'),(10,2,1,2,'Retrait effectué chez Agence k',14500,1000,13600,100,1518,1,NULL,1,NULL,NULL,0,'2023-02-03 14:37:12','2023-02-12 20:23:51'),(11,2,1,2,'Retrait effectué chez Agence k',15600,1000,14700,100,2539,1,NULL,1,NULL,NULL,0,'2023-02-03 14:39:06','2023-02-12 20:22:33'),(12,2,1,2,'Retrait effectué chez Agence k',17200,1500,15800,100,4041,1,NULL,1,NULL,NULL,0,'2023-02-05 12:31:54','2023-02-12 20:21:54'),(13,2,1,2,'Retrait effectué chez Agence k',18800,1500,17400,100,7113,1,NULL,1,NULL,NULL,0,'2023-02-05 12:39:20','2023-02-12 20:20:22'),(14,2,1,2,'Retrait effectué chez Agence k',20400,1500,19000,100,2663,1,NULL,1,NULL,NULL,0,'2023-02-05 12:40:29','2023-02-12 19:59:56'),(15,13,1,2,'Retrait effectué chez Agence k',NULL,2000,NULL,100,7148,0,NULL,1,NULL,NULL,0,'2023-02-05 19:42:26','2023-02-05 19:42:26'),(16,13,1,2,'Retrait effectué chez Agence k',5000,2000,3100,100,2230,1,NULL,1,NULL,NULL,0,'2023-02-05 20:06:04','2023-02-05 20:06:42'),(17,19,1,2,'Retrait effectué chez Agence k',NULL,500,NULL,100,5589,0,NULL,1,NULL,NULL,0,'2023-02-15 20:27:01','2023-02-15 20:27:01'),(18,19,1,2,'Retrait effectué chez Agence k',NULL,500,NULL,100,9676,0,NULL,1,NULL,NULL,0,'2023-02-15 20:27:10','2023-02-15 20:27:10'),(19,19,1,2,'Retrait effectué chez Agence k',NULL,500,NULL,100,3170,0,NULL,1,NULL,NULL,0,'2023-02-15 20:27:16','2023-02-15 20:27:16'),(20,19,1,2,'Retrait effectué chez Agence k',NULL,500,NULL,100,8199,0,NULL,1,NULL,NULL,0,'2023-02-15 20:27:37','2023-02-15 20:27:37'),(21,3,1,2,'Retrait effectué chez Agence k',739900,5000,734800,100,9524,1,NULL,1,NULL,NULL,0,'2023-02-15 20:40:23','2023-03-07 11:05:29'),(22,3,1,2,'Retrait effectué chez Agence k',10000,5000,5100,100,8723,1,NULL,1,NULL,NULL,0,'2023-02-15 20:43:24','2023-02-15 20:46:00'),(23,19,1,2,'Retrait effectué chez Agence k',5000,500,4600,100,1188,1,NULL,1,NULL,NULL,0,'2023-02-15 20:48:16','2023-02-15 20:49:48'),(24,22,1,2,'Retrait effectué chez Agence k',75000,3800,71300,100,7959,1,NULL,1,NULL,NULL,0,'2023-02-19 16:19:49','2023-02-19 16:20:55'),(25,27,1,2,'Retrait effectué chez Agence k',1000,500,600,100,7091,1,NULL,1,NULL,NULL,0,'2023-02-21 15:51:50','2023-02-21 15:53:02'),(26,25,1,2,'Retrait effectué chez Agence k',NULL,400,NULL,100,4659,0,NULL,1,NULL,NULL,0,'2023-02-21 15:53:01','2023-02-21 15:53:01'),(27,26,1,2,'Retrait effectué chez Agence k',500,400,200,100,2839,1,NULL,1,NULL,NULL,0,'2023-02-21 15:53:27','2023-02-21 15:54:20'),(28,28,1,2,'Retrait effectué chez Agence k',500,300,300,100,9667,1,NULL,1,NULL,NULL,0,'2023-02-21 15:53:28','2023-02-21 15:54:20'),(29,3,1,2,'Retrait effectué chez Agence k',44950,1500,43550,100,5215,1,NULL,1,NULL,NULL,0,'2023-02-23 17:17:10','2023-03-01 13:32:15'),(30,3,1,2,'Retrait effectué chez Agence k',65050,5000,60150,100,6154,1,NULL,1,NULL,NULL,0,'2023-03-01 09:43:13','2023-03-01 09:43:42'),(31,1,1,2,'Retrait effectué chez Agence k',NULL,10000,NULL,400,9869,0,NULL,1,NULL,NULL,0,'2023-03-01 23:55:18','2023-03-01 23:55:18'),(32,1,1,2,'Retrait effectué chez Agence k',24364,10000,14764,400,9491,1,NULL,1,NULL,NULL,0,'2023-03-01 23:55:51','2023-03-01 23:56:19'),(33,38,1,2,'Retrait effectué chez Agence k',1000000,2000,998100,100,4674,1,NULL,1,NULL,NULL,0,'2023-03-03 13:25:17','2023-03-03 13:26:09'),(34,38,1,2,'Retrait effectué chez Agence k',997900,500,997500,100,8257,1,NULL,1,NULL,NULL,0,'2023-03-03 13:27:02','2023-03-03 13:27:36'),(35,3,1,2,'Retrait effectué chez Agence k',1300000,500000,805000,5000,4624,1,NULL,1,NULL,NULL,0,'2023-03-06 21:44:01','2023-03-06 21:44:26'),(36,3,1,2,'Retrait effectué chez Agence k',795000,50000,745000,0,8223,1,NULL,1,NULL,NULL,0,'2023-03-07 10:48:44','2023-03-07 10:49:59'),(37,3,1,2,'Retrait effectué chez Agence k',745000,5000,739900,100,2074,1,NULL,1,NULL,NULL,0,'2023-03-07 10:59:11','2023-03-07 10:59:51'),(38,3,1,2,'Retrait effectué chez Agence k',NULL,10000,NULL,400,2653,0,NULL,1,NULL,NULL,0,'2023-03-09 17:33:20','2023-03-09 17:33:20'),(39,3,1,2,'Retrait effectué chez Agence k',NULL,100000,NULL,1000,2491,0,NULL,1,NULL,NULL,0,'2023-03-09 20:05:49','2023-03-09 20:05:49'),(40,3,1,2,'Retrait effectué chez Agence k',1747300,500000,1242300,5000,6345,1,NULL,1,NULL,NULL,0,'2023-03-17 10:42:59','2023-03-17 10:48:28'),(41,3,1,2,'Retrait effectué chez Agence k',1242300,200000,1040300,2000,9421,1,NULL,1,NULL,NULL,0,'2023-03-17 10:49:24','2023-03-17 15:28:52'),(42,22,1,2,'Retrait effectué chez Agence k',NULL,25000,NULL,1000,1668,0,NULL,1,NULL,NULL,0,'2023-03-21 09:46:53','2023-03-21 09:46:53');
/*!40000 ALTER TABLE `retraits` ENABLE KEYS */;
UNLOCK TABLES;

--
-- Table structure for table `role_partenaire_permissions`
--

DROP TABLE IF EXISTS `role_partenaire_permissions`;
/*!40101 SET @saved_cs_client     = @@character_set_client */;
/*!50503 SET character_set_client = utf8mb4 */;
CREATE TABLE `role_partenaire_permissions` (
  `id` int NOT NULL AUTO_INCREMENT,
  `role_partenaire_id` int DEFAULT NULL,
  `permission_id` int DEFAULT NULL,
  `deleted` tinyint DEFAULT NULL,
  `created_at` datetime DEFAULT NULL,
  `updated_at` datetime DEFAULT NULL,
  PRIMARY KEY (`id`)
) ENGINE=InnoDB AUTO_INCREMENT=122 DEFAULT CHARSET=latin1;
/*!40101 SET character_set_client = @saved_cs_client */;

--
-- Dumping data for table `role_partenaire_permissions`
--

LOCK TABLES `role_partenaire_permissions` WRITE;
/*!40000 ALTER TABLE `role_partenaire_permissions` DISABLE KEYS */;
INSERT INTO `role_partenaire_permissions` VALUES (1,1,78,0,'2022-12-16 18:20:03','2022-12-16 18:20:04'),(5,3,78,1,'2022-12-16 17:37:51','2022-12-16 17:39:41'),(6,3,79,1,'2022-12-16 17:37:51','2022-12-16 17:39:41'),(7,3,80,1,'2022-12-16 17:37:51','2022-12-16 17:39:41'),(8,3,81,1,'2022-12-16 17:37:51','2022-12-16 17:39:41'),(9,3,82,1,'2022-12-16 17:37:51','2022-12-16 17:39:05'),(10,3,83,1,'2022-12-16 17:37:51','2022-12-16 17:39:05'),(11,1,79,0,'2022-12-22 14:51:04','2022-12-22 14:51:04'),(12,1,80,0,'2022-12-22 14:51:04','2022-12-22 14:51:04'),(13,1,81,0,'2022-12-22 14:51:04','2022-12-22 14:51:04'),(14,1,82,0,'2022-12-22 14:51:04','2022-12-22 14:51:04'),(15,1,83,0,'2022-12-22 14:51:04','2022-12-22 14:51:04'),(16,1,84,0,'2022-12-22 14:51:04','2022-12-22 14:51:04'),(17,1,89,0,'2022-12-22 14:51:04','2022-12-22 14:51:04'),(18,1,90,0,'2022-12-22 14:51:04','2022-12-22 14:51:04'),(19,1,91,0,'2022-12-22 14:51:04','2022-12-22 14:51:04'),(20,1,92,0,'2022-12-22 14:51:04','2022-12-22 14:51:04'),(21,1,93,0,'2022-12-22 14:51:04','2022-12-22 14:51:04'),(22,1,94,0,'2022-12-22 14:51:04','2022-12-22 14:51:04'),(23,1,95,0,'2022-12-22 14:51:04','2022-12-22 14:51:04'),(24,1,96,0,'2022-12-22 14:51:04','2022-12-22 14:51:04'),(25,4,78,0,'2022-12-22 15:25:19','2022-12-26 13:22:52'),(26,4,79,0,'2022-12-22 15:25:19','2022-12-22 15:25:19'),(27,4,80,0,'2022-12-22 15:25:19','2022-12-22 15:25:19'),(28,4,81,0,'2022-12-22 15:25:19','2022-12-22 15:25:19'),(29,4,82,0,'2022-12-22 15:25:19','2022-12-22 15:49:05'),(30,4,83,0,'2022-12-22 15:25:19','2022-12-22 15:25:19'),(31,4,84,0,'2022-12-22 15:25:19','2022-12-22 15:25:19'),(32,4,89,0,'2022-12-22 15:25:19','2022-12-22 15:25:19'),(33,4,90,0,'2022-12-22 15:25:19','2022-12-22 15:25:19'),(34,4,91,0,'2022-12-22 15:25:19','2022-12-22 15:25:19'),(35,4,92,0,'2022-12-22 15:25:19','2022-12-22 15:25:19'),(36,4,93,0,'2022-12-22 15:25:19','2022-12-22 15:25:19'),(37,4,94,0,'2022-12-22 15:25:19','2022-12-22 15:25:19'),(38,4,95,0,'2022-12-22 15:25:19','2022-12-22 15:25:19'),(39,4,96,0,'2022-12-22 15:25:19','2022-12-22 15:25:19'),(40,4,103,0,'2022-12-22 15:25:19','2022-12-22 15:25:19'),(41,4,104,0,'2022-12-22 15:25:19','2022-12-22 15:25:19'),(42,4,105,0,'2022-12-22 15:25:19','2022-12-22 15:25:19'),(43,4,106,0,'2022-12-22 15:25:19','2022-12-22 15:25:19'),(44,4,107,0,'2022-12-22 15:25:19','2022-12-22 15:25:19'),(45,4,108,0,'2022-12-22 15:25:19','2022-12-22 15:25:19'),(46,4,109,0,'2022-12-22 15:25:19','2022-12-22 15:25:19'),(47,4,110,0,'2022-12-22 15:25:19','2022-12-22 15:25:19'),(48,4,111,0,'2022-12-22 15:25:19','2022-12-22 15:25:19'),(49,4,112,0,'2022-12-22 15:25:19','2022-12-22 15:25:19'),(50,4,113,0,'2022-12-22 15:25:19','2022-12-22 15:25:19'),(51,4,114,0,'2022-12-22 15:25:20','2022-12-22 15:25:20'),(52,4,115,0,'2022-12-22 15:25:20','2022-12-22 15:25:20'),(53,4,116,0,'2022-12-22 15:25:20','2022-12-22 15:25:20'),(54,4,117,0,'2022-12-22 15:25:20','2022-12-22 15:25:20'),(55,4,118,0,'2022-12-22 15:25:20','2022-12-22 15:25:20'),(56,4,119,0,'2022-12-22 15:25:20','2022-12-22 15:25:20'),(57,4,120,0,'2022-12-22 15:25:20','2022-12-22 15:25:20'),(58,4,121,0,'2022-12-22 15:25:20','2022-12-22 15:25:20'),(59,4,122,0,'2022-12-22 15:25:20','2022-12-22 15:25:20'),(60,4,123,0,'2022-12-22 15:25:20','2022-12-22 15:25:20'),(61,4,124,0,'2022-12-22 15:25:20','2022-12-22 15:25:20'),(62,5,78,0,'2022-12-26 13:55:22','2022-12-26 13:55:22'),(63,5,79,0,'2022-12-26 13:55:22','2022-12-26 13:55:22'),(64,5,80,0,'2022-12-26 13:55:22','2022-12-26 13:55:22'),(65,5,81,0,'2022-12-26 13:55:22','2022-12-26 13:55:22'),(66,5,82,0,'2022-12-26 13:55:22','2022-12-26 13:55:22'),(67,5,83,0,'2022-12-26 13:55:22','2022-12-26 13:55:22'),(68,5,84,0,'2022-12-26 13:55:22','2022-12-26 13:55:22'),(69,5,89,0,'2022-12-26 13:55:22','2022-12-26 13:55:22'),(70,5,90,0,'2022-12-26 13:55:22','2022-12-26 13:55:22'),(71,5,91,0,'2022-12-26 13:55:22','2022-12-26 13:55:22'),(72,5,92,0,'2022-12-26 13:55:22','2022-12-26 13:55:22'),(73,5,93,0,'2022-12-26 13:55:22','2022-12-26 13:55:22'),(74,4,125,0,'2022-12-26 14:24:13','2022-12-26 14:24:13'),(75,4,126,0,'2022-12-26 15:22:56','2022-12-26 15:22:56'),(76,4,127,0,'2022-12-26 15:22:56','2022-12-26 15:22:56'),(77,6,78,0,'2023-01-23 22:46:24','2023-01-23 22:46:24'),(78,6,79,0,'2023-01-23 22:46:24','2023-01-23 22:46:24'),(79,6,80,0,'2023-01-23 22:46:24','2023-01-23 22:46:24'),(80,6,81,0,'2023-01-23 22:46:24','2023-01-23 22:46:24'),(81,6,82,0,'2023-01-23 22:46:24','2023-01-23 22:46:24'),(82,6,83,0,'2023-01-23 22:46:24','2023-01-23 22:46:24'),(83,6,84,0,'2023-01-23 22:46:24','2023-01-23 22:46:24'),(84,6,89,0,'2023-01-23 22:46:24','2023-01-23 22:46:24'),(85,6,90,0,'2023-01-23 22:46:24','2023-01-23 22:46:24'),(86,6,91,0,'2023-01-23 22:46:24','2023-01-23 22:46:24'),(87,6,92,0,'2023-01-23 22:46:24','2023-01-23 22:46:24'),(88,6,93,0,'2023-01-23 22:46:24','2023-01-23 22:46:24'),(89,6,94,0,'2023-01-23 22:46:24','2023-01-23 22:46:24'),(90,6,95,0,'2023-01-23 22:46:24','2023-01-23 22:46:24'),(91,6,96,0,'2023-01-23 22:46:24','2023-01-23 22:46:24'),(92,6,103,0,'2023-01-23 22:46:24','2023-01-23 22:46:24'),(93,6,104,0,'2023-01-23 22:46:24','2023-01-23 22:46:24'),(94,6,105,0,'2023-01-23 22:46:24','2023-01-23 22:46:24'),(95,6,106,0,'2023-01-23 22:46:24','2023-01-23 22:46:24'),(96,6,107,0,'2023-01-23 22:46:24','2023-01-23 22:46:24'),(97,6,108,0,'2023-01-23 22:46:24','2023-01-23 22:46:24'),(98,6,109,0,'2023-01-23 22:46:24','2023-01-23 22:46:24'),(99,6,110,0,'2023-01-23 22:46:24','2023-01-23 22:46:24'),(100,6,111,0,'2023-01-23 22:46:24','2023-01-23 22:46:24'),(101,6,112,0,'2023-01-23 22:46:24','2023-01-23 22:46:24'),(102,6,113,0,'2023-01-23 22:46:24','2023-01-23 22:46:24'),(103,6,114,0,'2023-01-23 22:46:24','2023-01-23 22:46:24'),(104,6,115,0,'2023-01-23 22:46:24','2023-01-23 22:46:24'),(105,6,116,0,'2023-01-23 22:46:24','2023-01-23 22:46:24'),(106,6,117,0,'2023-01-23 22:46:24','2023-01-23 22:46:24'),(107,6,118,0,'2023-01-23 22:46:24','2023-01-23 22:46:24'),(108,6,119,0,'2023-01-23 22:46:24','2023-01-23 22:46:24'),(109,6,120,0,'2023-01-23 22:46:24','2023-01-23 22:46:24'),(110,6,121,0,'2023-01-23 22:46:24','2023-01-23 22:46:24'),(111,6,122,0,'2023-01-23 22:46:24','2023-01-23 22:46:24'),(112,6,123,0,'2023-01-23 22:46:24','2023-01-23 22:46:24'),(113,6,124,0,'2023-01-23 22:46:24','2023-01-23 22:46:24'),(114,6,125,0,'2023-01-23 22:46:24','2023-01-23 22:46:24'),(115,6,126,0,'2023-01-23 22:46:24','2023-01-23 22:46:24'),(116,6,127,0,'2023-01-23 22:46:24','2023-01-23 22:46:24'),(117,6,131,0,'2023-03-20 11:09:15','2023-03-20 11:09:15'),(118,6,132,0,'2023-03-20 11:09:15','2023-03-20 11:09:15'),(119,6,130,0,'2023-03-20 11:09:15','2023-03-20 11:09:15'),(120,6,128,0,'2023-03-20 11:09:15','2023-03-20 11:09:15'),(121,6,129,0,'2023-03-20 11:09:15','2023-03-20 11:09:15');
/*!40000 ALTER TABLE `role_partenaire_permissions` ENABLE KEYS */;
UNLOCK TABLES;

--
-- Table structure for table `role_partenaires`
--

DROP TABLE IF EXISTS `role_partenaires`;
/*!40101 SET @saved_cs_client     = @@character_set_client */;
/*!50503 SET character_set_client = utf8mb4 */;
CREATE TABLE `role_partenaires` (
  `id` int NOT NULL AUTO_INCREMENT,
  `partenaire_id` int DEFAULT NULL,
  `libelle` varchar(150) DEFAULT NULL,
  `deleted` tinyint DEFAULT NULL,
  `created_at` datetime DEFAULT NULL,
  `updated_at` datetime DEFAULT NULL,
  PRIMARY KEY (`id`)
) ENGINE=InnoDB AUTO_INCREMENT=7 DEFAULT CHARSET=latin1;
/*!40101 SET character_set_client = @saved_cs_client */;

--
-- Dumping data for table `role_partenaires`
--

LOCK TABLES `role_partenaires` WRITE;
/*!40000 ALTER TABLE `role_partenaires` DISABLE KEYS */;
INSERT INTO `role_partenaires` VALUES (1,1,'test',0,'2022-12-16 18:19:48','2022-12-16 18:19:49'),(3,1,'Agent',1,'2022-12-16 17:37:51','2022-12-26 13:25:54'),(4,1,'Administrateur',0,'2022-12-22 15:25:19','2022-12-22 15:25:19'),(5,1,'Ministre',0,'2022-12-26 13:55:22','2022-12-26 13:55:22'),(6,2,'Administrateur',0,'2023-01-23 22:46:24','2023-01-23 22:46:24');
/*!40000 ALTER TABLE `role_partenaires` ENABLE KEYS */;
UNLOCK TABLES;

--
-- Table structure for table `role_permissions`
--

DROP TABLE IF EXISTS `role_permissions`;
/*!40101 SET @saved_cs_client     = @@character_set_client */;
/*!50503 SET character_set_client = utf8mb4 */;
CREATE TABLE `role_permissions` (
  `id` int NOT NULL AUTO_INCREMENT,
  `role_id` int DEFAULT NULL,
  `permission_id` int DEFAULT NULL,
  `deleted` tinyint DEFAULT NULL,
  `created_at` datetime DEFAULT NULL,
  `updated_at` datetime DEFAULT NULL,
  PRIMARY KEY (`id`)
) ENGINE=InnoDB AUTO_INCREMENT=111 DEFAULT CHARSET=latin1;
/*!40101 SET character_set_client = @saved_cs_client */;

--
-- Dumping data for table `role_permissions`
--

LOCK TABLES `role_permissions` WRITE;
/*!40000 ALTER TABLE `role_permissions` DISABLE KEYS */;
INSERT INTO `role_permissions` VALUES (1,1,78,0,'2022-11-18 11:58:23','2022-11-30 17:38:44'),(2,1,79,0,'2022-11-18 11:58:23','2022-11-30 17:38:44'),(3,1,80,0,'2022-11-18 11:58:23','2022-11-30 17:38:44'),(16,1,81,0,'2022-11-18 14:42:04','2022-11-30 17:38:44'),(18,1,82,0,'2022-11-18 13:49:05','2022-11-30 17:38:44'),(19,1,83,0,'2022-11-18 13:49:05','2022-11-30 17:38:44'),(20,1,84,0,'2022-11-18 13:49:05','2022-11-30 17:38:44'),(21,1,89,0,'2022-11-18 13:49:05','2022-11-30 17:38:44'),(26,1,94,0,'2022-11-18 13:49:32','2022-11-30 17:38:44'),(27,1,95,0,'2022-11-18 13:49:32','2022-11-30 17:38:44'),(28,1,90,0,'2022-11-18 14:29:39','2022-11-30 17:38:44'),(29,1,91,0,'2022-11-18 14:29:39','2022-11-30 17:38:44'),(30,1,92,0,'2022-11-18 14:29:39','2022-11-30 17:38:44'),(31,1,93,0,'2022-11-18 14:29:39','2022-11-30 17:38:44'),(32,1,96,0,'2022-11-18 14:29:39','2022-11-30 17:38:44'),(33,2,2,0,'2022-11-18 14:33:45','2022-11-18 16:46:21'),(34,2,3,0,'2022-11-18 14:33:45','2022-11-18 16:59:11'),(35,2,4,0,'2022-11-18 14:33:45','2022-11-18 16:59:11'),(36,2,5,0,'2022-11-18 14:33:45','2022-11-18 16:47:13'),(37,2,6,0,'2022-11-18 14:33:45','2022-11-18 14:33:45'),(38,2,7,0,'2022-11-18 14:33:45','2022-11-18 14:33:45'),(39,2,8,0,'2022-11-18 14:33:45','2022-11-18 16:47:40'),(40,2,9,0,'2022-11-18 14:33:45','2022-11-18 14:33:45'),(41,2,10,0,'2022-11-18 14:33:45','2022-11-18 17:00:59'),(42,2,11,0,'2022-11-18 14:33:45','2022-11-18 17:06:33'),(43,2,12,0,'2022-11-18 14:33:45','2022-11-18 17:06:33'),(44,2,13,0,'2022-11-18 14:33:45','2022-11-18 14:33:45'),(45,2,14,0,'2022-11-18 14:33:45','2022-11-18 14:33:45'),(46,2,15,0,'2022-11-18 14:33:46','2022-11-18 14:33:46'),(47,2,16,0,'2022-11-18 14:33:46','2022-11-18 14:33:46'),(48,2,17,0,'2022-11-18 14:33:46','2022-11-18 14:33:46'),(49,2,18,0,'2022-11-18 14:33:46','2022-11-18 14:33:46'),(50,2,19,0,'2022-11-18 14:33:46','2022-11-18 14:33:46'),(51,2,20,0,'2022-11-18 14:33:46','2022-11-18 14:33:46'),(52,2,21,0,'2022-11-18 14:33:46','2022-11-18 14:33:46'),(53,2,22,0,'2022-11-18 14:33:46','2022-11-18 14:33:46'),(54,2,23,0,'2022-11-18 14:33:46','2022-11-18 14:33:46'),(55,2,24,0,'2022-11-18 14:33:46','2022-11-18 14:33:46'),(56,2,25,0,'2022-11-18 14:33:46','2022-11-18 14:33:46'),(57,2,26,0,'2022-11-18 14:33:46','2022-11-18 16:18:23'),(58,2,27,0,'2022-11-18 14:33:46','2022-11-18 16:18:23'),(59,2,28,0,'2022-11-18 14:33:46','2022-11-18 14:33:46'),(60,2,29,0,'2022-11-18 14:33:46','2022-11-18 14:33:46'),(61,2,30,0,'2022-11-18 14:33:46','2022-11-18 14:33:46'),(62,2,31,0,'2022-11-18 14:33:46','2022-11-18 16:05:48'),(63,2,32,0,'2022-11-18 14:33:46','2022-11-18 14:33:46'),(64,2,33,0,'2022-11-18 14:33:46','2022-11-18 16:07:16'),(65,2,34,0,'2022-11-18 14:33:46','2022-11-18 16:12:37'),(66,2,35,0,'2022-11-18 14:33:46','2022-11-18 14:33:46'),(67,2,36,0,'2022-11-18 14:33:46','2022-11-18 14:33:46'),(68,2,37,0,'2022-11-18 14:33:46','2022-11-18 14:33:46'),(69,2,38,0,'2022-11-18 14:33:46','2022-11-18 14:33:46'),(70,2,39,0,'2022-11-18 14:33:46','2022-11-18 14:33:46'),(71,2,40,0,'2022-11-18 14:33:46','2022-11-18 14:33:46'),(72,2,41,0,'2022-11-18 14:33:46','2022-11-18 14:33:46'),(73,2,42,0,'2022-11-18 14:33:47','2022-11-18 14:33:47'),(74,2,43,0,'2022-11-18 14:33:47','2022-11-18 14:33:47'),(75,2,44,0,'2022-11-18 14:33:47','2022-11-18 14:33:47'),(76,2,45,0,'2022-11-18 14:33:47','2022-11-18 14:33:47'),(77,2,46,0,'2022-11-18 14:33:47','2022-11-18 14:33:47'),(78,2,47,0,'2022-11-18 14:33:47','2022-11-18 14:33:47'),(79,2,48,0,'2022-11-18 14:33:47','2022-11-18 14:33:47'),(80,2,49,0,'2022-11-18 14:33:47','2022-11-18 14:33:47'),(81,2,50,0,'2022-11-18 14:33:47','2022-11-18 14:33:47'),(82,2,51,0,'2022-11-18 14:33:47','2022-11-18 14:33:47'),(83,2,52,0,'2022-11-18 14:33:47','2022-11-18 14:33:47'),(84,2,53,0,'2022-11-18 14:33:47','2022-11-18 14:33:47'),(85,2,54,0,'2022-11-18 14:33:47','2022-11-18 14:33:47'),(89,2,97,0,'2022-11-18 14:33:47','2022-11-18 16:47:13'),(90,3,2,0,'2022-11-18 14:38:03','2022-11-18 14:38:03'),(91,3,3,0,'2022-11-18 14:38:03','2022-11-18 14:38:03'),(92,3,4,0,'2022-11-18 14:38:03','2022-11-18 14:38:03'),(93,3,5,0,'2022-11-18 14:38:03','2022-11-18 14:38:03'),(94,3,6,0,'2022-11-18 14:38:03','2022-11-18 14:38:03'),(95,3,7,0,'2022-11-18 14:38:03','2022-11-18 14:38:03'),(96,3,8,0,'2022-11-18 14:38:03','2022-11-18 14:38:03'),(97,3,9,0,'2022-11-18 14:38:03','2022-11-18 14:38:03'),(98,3,10,0,'2022-11-18 14:38:03','2022-11-18 14:38:03'),(99,3,11,0,'2022-11-18 14:38:03','2022-11-18 14:38:03'),(100,3,12,0,'2022-11-18 14:38:04','2022-11-18 14:38:04'),(101,3,13,0,'2022-11-18 14:38:04','2022-11-18 14:38:04'),(102,3,14,0,'2022-11-18 14:38:04','2022-11-18 14:38:04'),(103,3,15,0,'2022-11-18 14:38:04','2022-11-18 14:38:04'),(104,2,98,0,'2022-11-18 15:05:20','2022-11-18 15:05:20'),(105,2,99,0,'2022-11-18 15:05:20','2022-11-18 15:14:09'),(106,2,100,0,'2022-11-18 15:05:20','2022-11-18 15:42:22'),(107,2,101,0,'2022-11-18 15:05:20','2022-12-16 17:12:29'),(108,2,102,0,'2022-11-21 16:42:59','2022-11-21 16:42:59'),(109,4,2,0,'2022-12-16 17:14:05','2022-12-16 17:14:05'),(110,4,4,0,'2022-12-16 17:14:06','2022-12-16 17:14:06');
/*!40000 ALTER TABLE `role_permissions` ENABLE KEYS */;
UNLOCK TABLES;

--
-- Table structure for table `roles`
--

DROP TABLE IF EXISTS `roles`;
/*!40101 SET @saved_cs_client     = @@character_set_client */;
/*!50503 SET character_set_client = utf8mb4 */;
CREATE TABLE `roles` (
  `id` int NOT NULL AUTO_INCREMENT,
  `libelle` varchar(255) DEFAULT NULL,
  `deleted` tinyint DEFAULT NULL,
  `created_at` datetime DEFAULT NULL,
  `updated_at` datetime DEFAULT NULL,
  PRIMARY KEY (`id`)
) ENGINE=InnoDB AUTO_INCREMENT=5 DEFAULT CHARSET=latin1;
/*!40101 SET character_set_client = @saved_cs_client */;

--
-- Dumping data for table `roles`
--

LOCK TABLES `roles` WRITE;
/*!40000 ALTER TABLE `roles` DISABLE KEYS */;
INSERT INTO `roles` VALUES (2,'Administrateur',0,'2022-11-18 14:33:45','2022-11-18 14:37:34'),(3,'test',0,'2022-11-18 14:38:03','2022-11-18 14:38:03'),(4,'Agent',0,'2022-12-16 17:14:05','2022-12-16 17:14:05');
/*!40000 ALTER TABLE `roles` ENABLE KEYS */;
UNLOCK TABLES;

--
-- Table structure for table `seuils`
--

DROP TABLE IF EXISTS `seuils`;
/*!40101 SET @saved_cs_client     = @@character_set_client */;
/*!50503 SET character_set_client = utf8mb4 */;
CREATE TABLE `seuils` (
  `id` int NOT NULL AUTO_INCREMENT,
  `type_operation` varchar(50) DEFAULT NULL,
  `type_restriction` varchar(50) DEFAULT NULL,
  `valeur` int DEFAULT NULL,
  `periode` varchar(50) DEFAULT NULL,
  `etat` tinyint DEFAULT NULL,
  `partenaire_id` int DEFAULT NULL,
  `deleted` tinyint DEFAULT NULL,
  `created_at` datetime DEFAULT NULL,
  `updated_at` datetime DEFAULT NULL,
  PRIMARY KEY (`id`)
) ENGINE=InnoDB DEFAULT CHARSET=latin1;
/*!40101 SET character_set_client = @saved_cs_client */;

--
-- Dumping data for table `seuils`
--

LOCK TABLES `seuils` WRITE;
/*!40000 ALTER TABLE `seuils` DISABLE KEYS */;
/*!40000 ALTER TABLE `seuils` ENABLE KEYS */;
UNLOCK TABLES;

--
-- Table structure for table `transferts`
--

DROP TABLE IF EXISTS `transferts`;
/*!40101 SET @saved_cs_client     = @@character_set_client */;
/*!50503 SET character_set_client = utf8mb4 */;
CREATE TABLE `transferts` (
  `id` int NOT NULL AUTO_INCREMENT,
  `user_client_id` int DEFAULT NULL,
  `receveur_id` int DEFAULT NULL,
  `libelle` varchar(255) DEFAULT NULL,
  `solde_avant_receveur` int DEFAULT NULL,
  `solde_apres_receveur` int DEFAULT NULL,
  `solde_avant_envoyeur` int DEFAULT NULL,
  `solde_apres_envoyeur` int DEFAULT NULL,
  `montant` int DEFAULT NULL,
  `status` tinyint DEFAULT NULL,
  `deleted` tinyint DEFAULT NULL,
  `created_at` datetime DEFAULT NULL,
  `updated_at` datetime DEFAULT NULL,
  `code` int DEFAULT NULL,
  PRIMARY KEY (`id`)
) ENGINE=InnoDB AUTO_INCREMENT=54 DEFAULT CHARSET=latin1;
/*!40101 SET character_set_client = @saved_cs_client */;

--
-- Dumping data for table `transferts`
--

LOCK TABLES `transferts` WRITE;
/*!40000 ALTER TABLE `transferts` DISABLE KEYS */;
INSERT INTO `transferts` VALUES (1,2,1,'Transfert à Enock GBEVE',1314,2314,15900,14900,1000,1,0,'2023-01-24 18:15:00','2023-01-24 18:15:00',NULL),(2,2,1,'Transfert à Enock GBEVE',2314,4814,14900,12400,2500,1,0,'2023-01-24 18:16:50','2023-01-24 18:16:50',NULL),(3,2,1,'Transfert à Enock GBEVE',4814,7314,12400,9900,2500,1,0,'2023-01-24 20:20:28','2023-01-24 20:20:28',NULL),(4,2,1,'Transfert à Enock GBEVE',7314,8314,9900,8900,1000,1,0,'2023-01-24 20:22:07','2023-01-24 20:22:07',NULL),(5,2,1,'Transfert à Enock GBEVE',8314,9814,17900,16400,1500,1,0,'2023-01-30 17:11:15','2023-01-30 17:11:15',NULL),(6,2,1,'Transfert à Enock GBEVE',9814,10814,16400,15400,1000,1,0,'2023-01-30 17:38:32','2023-01-30 17:38:32',NULL),(7,2,1,'Transfert à Enock GBEVE',10814,10914,15400,15300,100,1,0,'2023-01-30 17:48:29','2023-01-30 17:48:29',NULL),(8,2,1,'Transfert à Enock GBEVE',10914,11014,15300,15200,100,1,0,'2023-01-30 17:50:28','2023-01-30 17:50:28',NULL),(9,2,12,'Transfert à Salvador LOBIYI',0,1000,15200,14200,1000,1,0,'2023-01-31 00:54:52','2023-01-31 00:54:52',NULL),(10,12,2,'Transfert à Aurens GBEVE',14200,14400,1000,800,200,1,0,'2023-01-31 18:27:00','2023-01-31 18:27:00',NULL),(11,3,18,'Transfert à coorporate renso',0,5400,15400,10000,5400,1,0,'2023-02-15 18:57:34','2023-02-15 18:57:34',NULL),(12,22,3,'Transfert à Aurens GBEVE',56400,60050,71100,67450,3650,1,0,'2023-02-19 16:49:06','2023-02-19 16:49:06',NULL),(13,28,25,'Transfert à prisca Tossa',1000,1200,1100,900,200,1,0,'2023-02-24 17:39:35','2023-02-24 17:39:35',NULL),(14,27,3,'Transfert à Aurens GBEVE',65050,66050,5400,4400,1000,1,0,'2023-02-24 17:39:47','2023-02-24 17:39:47',NULL),(15,3,28,'Transfert à Estard Edossine EZOUN',900,1900,66050,65050,1000,1,0,'2023-02-24 17:40:46','2023-02-24 17:40:46',NULL),(16,25,26,'Transfert à Odile zossou',10000,10200,1200,1000,200,1,0,'2023-02-24 17:42:26','2023-02-24 17:42:26',NULL),(17,3,28,'Transfert à Estard Edossine EZOUN',1900,1900,65050,65050,5000,1,0,'2023-02-27 15:05:34','2023-02-27 15:05:34',NULL),(18,3,28,'Transfert à Estard Edossine EZOUN',16900,16900,44950,44950,5000,1,0,'2023-02-28 19:15:43','2023-03-01 11:00:27',3449),(19,3,28,'Transfert à Estard Edossine EZOUN',11900,11900,49950,49950,5000,1,0,'2023-03-01 09:49:33','2023-03-01 10:54:44',4724),(20,3,28,'Transfert à Estard Edossine EZOUN',6900,6900,54950,54950,5000,1,0,'2023-03-01 10:05:11','2023-03-01 10:46:42',3570),(21,28,3,'Transfert à Aurens GBEVE',42000,52000,19900,9900,10000,1,0,'2023-03-01 11:17:07','2023-03-02 15:43:03',3067),(22,28,3,'Transfert à Aurens GBEVE',734800,736800,9900,7900,2000,1,0,'2023-03-01 11:51:34','2023-03-07 11:34:44',6937),(23,28,3,'Transfert à Aurens GBEVE',40000,42000,21900,19900,2000,1,0,'2023-03-01 11:52:43','2023-03-02 15:36:23',4616),(24,3,1,'Transfert à Enock GBEVE',NULL,NULL,NULL,NULL,5000,1,0,'2023-03-01 11:55:15','2023-03-01 13:21:24',9959),(25,3,1,'Transfert à Enock GBEVE',NULL,NULL,NULL,NULL,5000,1,0,'2023-03-01 11:56:19','2023-03-01 13:19:56',3594),(26,3,1,'Transfert à Enock GBEVE',NULL,NULL,NULL,NULL,2500,1,0,'2023-03-01 11:57:37','2023-03-01 12:22:30',4547),(27,3,1,'Transfert à Enock GBEVE',NULL,NULL,NULL,NULL,1500,1,0,'2023-03-01 11:58:34','2023-03-01 12:21:09',7393),(28,3,28,'Transfert à Estard Edossine EZOUN',NULL,NULL,NULL,NULL,1500,1,0,'2023-03-01 12:00:05','2023-03-01 12:06:53',6154),(29,3,1,'Transfert à Enock GBEVE',NULL,NULL,NULL,NULL,1500,1,0,'2023-03-01 13:22:46','2023-03-01 13:22:57',8961),(30,3,1,'Transfert à Enock GBEVE',NULL,NULL,NULL,NULL,5000,1,0,'2023-03-01 13:25:53','2023-03-01 13:26:04',8754),(31,3,1,'Transfert à Enock GBEVE',19364,19364,40000,40000,3350,1,0,'2023-03-01 23:47:50','2023-03-01 23:49:47',7090),(32,31,19,'Transfert à CEDAR KPOIZOUN',NULL,NULL,NULL,NULL,500,0,0,'2023-03-03 12:36:14','2023-03-03 12:36:14',3913),(33,31,30,'Transfert à Innocentia ABIALA',NULL,NULL,NULL,NULL,5000,0,0,'2023-03-03 12:40:31','2023-03-03 12:40:31',6449),(34,30,31,'Transfert à Bénédicte Anani',NULL,NULL,NULL,NULL,5000,0,0,'2023-03-03 12:42:02','2023-03-03 12:42:02',5005),(35,30,19,'Transfert à CEDAR KPOIZOUN',NULL,NULL,NULL,NULL,5000,0,0,'2023-03-03 12:42:42','2023-03-03 12:42:42',8002),(36,38,19,'Transfert à CEDAR KPOIZOUN',NULL,NULL,NULL,NULL,100000,0,0,'2023-03-03 13:23:39','2023-03-03 13:23:39',3760),(37,3,14,'Transfert à Ferdinand GADE',5000,10000,65000,60000,5000,1,0,'2023-03-03 14:45:20','2023-03-03 14:49:30',1071),(38,14,19,'Transfert à CEDAR KPOIZOUN',NULL,NULL,NULL,NULL,1000,0,0,'2023-03-03 14:48:43','2023-03-03 14:48:43',8110),(39,41,19,'Transfert à CEDAR KPOIZOUN',NULL,NULL,NULL,NULL,500000,0,0,'2023-03-03 15:41:28','2023-03-03 15:41:28',5580),(40,41,19,'Transfert à CEDAR KPOIZOUN',NULL,NULL,NULL,NULL,500000,1,0,'2023-03-03 15:44:05','2023-03-03 15:45:24',6319),(41,3,41,'Transfert à VALERIE PRUDENCIA RODRIGUEZ',1000000,1005000,60000,55000,5000,1,0,'2023-03-03 15:46:12','2023-03-03 15:46:41',3124),(42,35,19,'Transfert à CEDAR KPOIZOUN',NULL,NULL,NULL,NULL,15000,0,0,'2023-03-03 16:21:58','2023-03-03 16:21:58',1310),(43,42,19,'Transfert à CEDAR KPOIZOUN',NULL,NULL,NULL,NULL,5000,0,0,'2023-03-03 16:26:13','2023-03-03 16:26:13',7861),(44,44,19,'Transfert à CEDAR KPOIZOUN',NULL,NULL,NULL,NULL,200000,0,0,'2023-03-03 17:30:37','2023-03-03 17:30:37',2452),(45,26,19,'Transfert à CEDAR KPOIZOUN',NULL,NULL,NULL,NULL,500,0,0,'2023-03-03 17:36:32','2023-03-03 17:36:32',3172),(46,36,19,'Transfert à CEDAR KPOIZOUN',NULL,NULL,NULL,NULL,25000,0,0,'2023-03-03 18:22:09','2023-03-03 18:22:09',5179),(47,28,25,'Transfert à prisca Tossa',6000,6500,8900,8400,500,1,0,'2023-03-09 15:58:04','2023-03-09 15:59:42',9412),(48,27,26,'Transfert à Odile zossou',NULL,NULL,NULL,NULL,1000,0,0,'2023-03-09 15:58:26','2023-03-09 15:58:26',3991),(49,25,28,'Transfert à Estard Edossine EZOUN',8400,10400,6500,4500,2000,1,0,'2023-03-09 15:58:33','2023-03-09 16:00:31',4417),(50,28,40,'Transfert à Donatien Sodokin',500000,500500,10400,9900,500,1,0,'2023-03-09 16:02:41','2023-03-09 16:08:12',1536),(51,3,28,'Transfert à Estard Edossine EZOUN',9900,14900,1187300,1182300,5000,1,0,'2023-03-09 16:27:07','2023-03-09 16:27:44',2083),(52,3,30,'Transfert à Innocentia ABIALA',NULL,NULL,NULL,NULL,50000,1,0,'2023-03-17 10:52:31','2023-03-17 10:54:08',3579),(53,22,3,'Transfert à Aurens GBEVE',1111890,1119390,172450,164950,7500,1,0,'2023-03-21 09:36:07','2023-03-21 09:50:43',6883);
/*!40000 ALTER TABLE `transferts` ENABLE KEYS */;
UNLOCK TABLES;

--
-- Table structure for table `user_clients`
--

DROP TABLE IF EXISTS `user_clients`;
/*!40101 SET @saved_cs_client     = @@character_set_client */;
/*!50503 SET character_set_client = utf8mb4 */;
CREATE TABLE `user_clients` (
  `id` int NOT NULL AUTO_INCREMENT,
  `lastname` varchar(100) DEFAULT NULL,
  `name` varchar(150) DEFAULT NULL,
  `code` varchar(10) DEFAULT NULL,
  `last` varchar(10) DEFAULT NULL,
  `username` varchar(15) DEFAULT NULL,
  `password` text,
  `status` tinyint DEFAULT NULL,
  `double_authentification` tinyint DEFAULT NULL,
  `sms` tinyint DEFAULT NULL,
  `deleted` tinyint DEFAULT NULL,
  `created_at` datetime DEFAULT NULL,
  `updated_at` datetime DEFAULT NULL,
  `lastconnexion` varchar(50) DEFAULT NULL,
  `verification` tinyint DEFAULT '0',
  `verification_step_one` tinyint DEFAULT '0',
  `verification_step_two` tinyint DEFAULT '0',
  `verification_step_three` tinyint DEFAULT '0',
  `kyc_client_id` int DEFAULT NULL,
  `pass` varchar(50) DEFAULT NULL,
  `pin` varchar(50) DEFAULT NULL,
  PRIMARY KEY (`id`)
) ENGINE=InnoDB AUTO_INCREMENT=50 DEFAULT CHARSET=latin1;
/*!40101 SET character_set_client = @saved_cs_client */;

--
-- Dumping data for table `user_clients`
--

LOCK TABLES `user_clients` WRITE;
/*!40000 ALTER TABLE `user_clients` DISABLE KEYS */;
INSERT INTO `user_clients` VALUES (1,'Enock','GBEVE','12705536','7172','22967717596','$2y$10$eln.bWkJDeDdavGUENCmpu2apSflrrLJNwvXph.xgwwsuUMFHHaCq',1,0,1,0,'2023-01-20 16:57:12','2023-03-08 08:49:37',NULL,0,1,0,0,NULL,'12345678','1234'),(2,'coorporate','renso','12707102','2300','22955012674','$2y$10$eln.bWkJDeDdavGUENCmpu2apSflrrLJNwvXph.xgwwsuUMFHHaCq',1,0,1,0,'2023-02-15 18:01:00','2023-02-15 18:55:46',NULL,1,1,1,1,8,'12345678','1234'),(3,'Aurens','GBEVE','12704987','4524','22968080278','$2y$10$eln.bWkJDeDdavGUENCmpu2apSflrrLJNwvXph.xgwwsuUMFHHaCq',1,0,1,0,'2023-02-14 20:02:16','2023-03-09 15:39:30',NULL,1,1,1,1,6,'12345678','1234'),(4,'Erica','HOUNKPONOU','12707172','3465','22961710410','$2y$10$eln.bWkJDeDdavGUENCmpu2apSflrrLJNwvXph.xgwwsuUMFHHaCq',1,0,0,0,'2023-01-20 18:05:40','2023-02-18 10:54:45',NULL,1,1,1,1,10,'12345678','1234'),(5,'Béatrice','LATONKPODE',NULL,NULL,'22991221518','$2y$10$eln.bWkJDeDdavGUENCmpu2apSflrrLJNwvXph.xgwwsuUMFHHaCq',1,0,0,0,'2023-01-20 18:06:32','2023-01-20 18:06:32',NULL,0,1,0,0,NULL,'12345678','1234'),(6,'Erica','HOUNKPONOU','12706258','2928','22968080275','$2y$10$eln.bWkJDeDdavGUENCmpu2apSflrrLJNwvXph.xgwwsuUMFHHaCq',1,0,0,0,'2023-01-24 09:36:34','2023-01-24 16:31:39',NULL,1,1,1,1,2,'12345678','1234'),(8,'Luc','TOHO',NULL,NULL,'22996042827','$2y$10$eln.bWkJDeDdavGUENCmpu2apSflrrLJNwvXph.xgwwsuUMFHHaCq',1,0,1,0,'2023-01-24 19:47:59','2023-03-03 18:06:17',NULL,1,1,1,1,23,'12345678','1234'),(10,'Samsoudine','AWALI',NULL,NULL,'22999390046','$2y$10$eln.bWkJDeDdavGUENCmpu2apSflrrLJNwvXph.xgwwsuUMFHHaCq',1,0,0,0,'2023-01-25 08:51:44','2023-01-25 15:44:53',NULL,0,1,0,0,NULL,'12345678','1234'),(12,'Salvador','LOBIYI','12706297','4439','22966272226','$2y$10$eln.bWkJDeDdavGUENCmpu2apSflrrLJNwvXph.xgwwsuUMFHHaCq',1,0,0,0,'2023-01-31 00:05:48','2023-01-31 00:30:30',NULL,1,1,1,1,4,'12345678','1234'),(13,'Merveille','GBEVE','12706391','0689','22955585196','$2y$10$eln.bWkJDeDdavGUENCmpu2apSflrrLJNwvXph.xgwwsuUMFHHaCq',1,0,0,0,'2023-02-05 18:38:53','2023-02-05 19:35:50',NULL,1,1,1,1,5,'12345678','1234'),(14,'Ferdinand','GADE','12707305','8063','22997849776','$2y$10$eln.bWkJDeDdavGUENCmpu2apSflrrLJNwvXph.xgwwsuUMFHHaCq',1,0,1,0,'2023-02-06 12:31:39','2023-03-03 14:48:06',NULL,1,1,1,1,28,'12345678','1234'),(19,'CEDAR','KPOIZOUN','12707103','8714','22996870404','$2y$10$eln.bWkJDeDdavGUENCmpu2apSflrrLJNwvXph.xgwwsuUMFHHaCq',1,0,1,0,'2023-02-15 20:04:18','2023-02-15 20:22:52',NULL,1,1,1,1,9,'12345678','1234'),(22,'Franck Omer','Ahissou','12707172','3465','22994015002','$2y$10$eln.bWkJDeDdavGUENCmpu2apSflrrLJNwvXph.xgwwsuUMFHHaCq',1,0,1,0,'2023-02-18 09:22:02','2023-02-19 11:04:06',NULL,1,1,1,1,10,'12345678','1234'),(23,'Aurens','Gbeve','12707175','0804','22962617848','$2y$10$eln.bWkJDeDdavGUENCmpu2apSflrrLJNwvXph.xgwwsuUMFHHaCq',1,0,1,0,'2023-02-20 11:50:19','2023-02-20 13:40:13',NULL,1,1,1,1,11,'12345678','1234'),(24,'Mouftaou','MOUMOUNI',NULL,NULL,'22966080461','$2y$10$eln.bWkJDeDdavGUENCmpu2apSflrrLJNwvXph.xgwwsuUMFHHaCq',1,0,1,0,'2023-02-20 15:49:14','2023-03-08 08:51:27',NULL,1,1,1,1,12,'12345678','1234'),(25,'prisca','Tossa','12707184','9940','22997838084','$2y$10$eln.bWkJDeDdavGUENCmpu2apSflrrLJNwvXph.xgwwsuUMFHHaCq',1,0,1,0,'2023-02-21 15:26:04','2023-02-21 15:43:48',NULL,1,1,1,1,13,'12345678','1234'),(26,'Odile','zossou','12707182','1411','22956056817','$2y$10$eln.bWkJDeDdavGUENCmpu2apSflrrLJNwvXph.xgwwsuUMFHHaCq',1,0,1,0,'2023-02-21 15:26:16','2023-03-08 08:51:45',NULL,1,1,1,1,16,'12345678','1234'),(27,'hapmy','ADEOCHOUN','12707181','8301','22997150779','$2y$10$eln.bWkJDeDdavGUENCmpu2apSflrrLJNwvXph.xgwwsuUMFHHaCq',1,0,1,0,'2023-02-21 15:26:52','2023-02-21 15:43:47',NULL,1,1,1,1,15,'12345678','1234'),(28,'Estard Edossine','EZOUN','12707183','1947','22962925644','$2y$10$eln.bWkJDeDdavGUENCmpu2apSflrrLJNwvXph.xgwwsuUMFHHaCq',1,0,1,0,'2023-02-21 15:27:32','2023-03-09 16:25:49',NULL,1,1,1,1,14,'12345678','1996'),(29,'Hervé','DANDJINOU',NULL,NULL,'22997763768','$2y$10$eln.bWkJDeDdavGUENCmpu2apSflrrLJNwvXph.xgwwsuUMFHHaCq',1,0,1,0,'2023-03-01 16:50:45','2023-03-01 16:54:36',NULL,0,1,1,0,17,'12345678','1234'),(30,'Innocentia','ABIALA','12707300','7050','22967716853','$2y$10$eln.bWkJDeDdavGUENCmpu2apSflrrLJNwvXph.xgwwsuUMFHHaCq',1,0,1,0,'2023-03-01 17:02:04','2023-03-03 12:34:45',NULL,1,1,1,1,18,'12345678','1234'),(31,'Bénédicte','Anani','12707289','8855','22996928879','$2y$10$eln.bWkJDeDdavGUENCmpu2apSflrrLJNwvXph.xgwwsuUMFHHaCq',1,0,1,0,'2023-03-02 08:51:31','2023-03-02 09:30:14',NULL,1,1,1,1,19,'12345678','1234'),(32,'Ino','Corporate',NULL,NULL,'22960608752','$2y$10$eln.bWkJDeDdavGUENCmpu2apSflrrLJNwvXph.xgwwsuUMFHHaCq',1,0,1,0,'2023-03-03 09:25:36','2023-03-03 09:53:33',NULL,1,1,1,1,20,'12345678','1234'),(33,'testo','Test',NULL,NULL,'22961000000','$2y$10$eln.bWkJDeDdavGUENCmpu2apSflrrLJNwvXph.xgwwsuUMFHHaCq',1,0,1,0,'2023-03-03 10:27:09','2023-03-03 10:27:09',NULL,0,0,0,0,NULL,'12345678','1234'),(34,'Viviane','Gounon',NULL,NULL,'22961714161','$2y$10$eln.bWkJDeDdavGUENCmpu2apSflrrLJNwvXph.xgwwsuUMFHHaCq',1,0,1,0,'2023-03-03 11:33:01','2023-03-03 11:52:13',NULL,0,1,1,0,21,'12345678','1234'),(35,'Josué','ADJINOU','12707304','6317','22967210988','$2y$10$eln.bWkJDeDdavGUENCmpu2apSflrrLJNwvXph.xgwwsuUMFHHaCq',1,0,1,0,'2023-03-03 12:37:19','2023-03-03 14:25:24',NULL,1,1,1,1,26,'12345678','1234'),(36,'Obed','HOUNGUE','12707310','9318','22967283539','$2y$10$eln.bWkJDeDdavGUENCmpu2apSflrrLJNwvXph.xgwwsuUMFHHaCq',1,0,1,0,'2023-03-03 12:54:41','2023-03-03 18:18:54',NULL,1,1,1,1,22,'12345678','1234'),(37,'Corine','DAGAN',NULL,NULL,'22967282855','$2y$10$eln.bWkJDeDdavGUENCmpu2apSflrrLJNwvXph.xgwwsuUMFHHaCq',1,0,1,0,'2023-03-03 12:58:10','2023-03-03 12:58:10',NULL,0,0,0,0,NULL,'12345678','1234'),(38,'Waïnole','ZANVO','12707301','0512','22967078612','$2y$10$eln.bWkJDeDdavGUENCmpu2apSflrrLJNwvXph.xgwwsuUMFHHaCq',1,0,1,0,'2023-03-03 13:08:08','2023-03-03 13:20:13',NULL,1,1,1,1,24,'12345678','1234'),(39,'One','Another',NULL,NULL,'22920000000','$2y$10$eln.bWkJDeDdavGUENCmpu2apSflrrLJNwvXph.xgwwsuUMFHHaCq',1,0,1,0,'2023-03-03 13:11:15','2023-03-03 13:17:09',NULL,0,0,0,0,NULL,'12345678','1234'),(40,'Donatien','Sodokin','12707397','6091','22952413100','$2y$10$eln.bWkJDeDdavGUENCmpu2apSflrrLJNwvXph.xgwwsuUMFHHaCq',1,0,1,0,'2023-03-03 13:12:47','2023-03-09 16:26:07',NULL,1,1,1,1,27,'12345678','1111'),(41,'VALERIE PRUDENCIA','RODRIGUEZ','12707306','5182','22997303098','$2y$10$eln.bWkJDeDdavGUENCmpu2apSflrrLJNwvXph.xgwwsuUMFHHaCq',1,0,1,0,'2023-03-03 13:13:16','2023-03-03 15:34:31',NULL,1,1,1,1,25,'12345678','1234'),(42,'Franck Rolland Mahuton','SOSSA','12707308','9386','22996806725','$2y$10$eln.bWkJDeDdavGUENCmpu2apSflrrLJNwvXph.xgwwsuUMFHHaCq',1,0,1,0,'2023-03-03 15:34:43','2023-03-03 16:11:37',NULL,1,1,1,1,29,'12345678','1234'),(43,'Euloge','Ezin',NULL,NULL,'22969932193','$2y$10$eln.bWkJDeDdavGUENCmpu2apSflrrLJNwvXph.xgwwsuUMFHHaCq',1,0,1,0,'2023-03-03 17:14:52','2023-03-03 18:06:27',NULL,1,1,1,1,32,'12345678','1234'),(44,'Henri Paul Egnonam','CHAGANOU','12707309','3673','22997039583','$2y$10$eln.bWkJDeDdavGUENCmpu2apSflrrLJNwvXph.xgwwsuUMFHHaCq',1,0,1,0,'2023-03-03 17:16:22','2023-03-03 17:27:52',NULL,1,1,1,1,30,'12345678','1234'),(45,'Emile','GNINGLINVI',NULL,NULL,'22966195625','$2y$10$eln.bWkJDeDdavGUENCmpu2apSflrrLJNwvXph.xgwwsuUMFHHaCq',1,0,1,0,'2023-03-03 17:23:06','2023-03-03 17:37:07',NULL,0,1,1,0,31,'12345678','1234'),(46,'Stéphane','WETINHOUN',NULL,NULL,'22994072171','$2y$10$eln.bWkJDeDdavGUENCmpu2apSflrrLJNwvXph.xgwwsuUMFHHaCq',1,0,1,0,'2023-03-06 12:49:33','2023-03-10 16:49:05',NULL,0,1,1,1,34,'12345678','1234'),(47,'Sonia','Hountondji',NULL,NULL,'22996960404','$2y$10$eln.bWkJDeDdavGUENCmpu2apSflrrLJNwvXph.xgwwsuUMFHHaCq',1,0,1,0,'2023-03-07 14:54:55','2023-03-07 14:54:55',NULL,0,0,0,0,NULL,'12345678','1234'),(48,'Peut','Qui',NULL,NULL,'22968084575','$2y$10$eln.bWkJDeDdavGUENCmpu2apSflrrLJNwvXph.xgwwsuUMFHHaCq',1,0,1,0,'2023-03-07 14:59:20','2023-03-07 14:59:20',NULL,0,0,0,0,NULL,'12345678','1234'),(49,'Don','Sod',NULL,NULL,'22997952004','$2y$10$ecwp./NwWYbiLvmGgfEkwureaqrfzegjZIKNUAhs2IWSZRs9pLo4u',1,0,1,0,'2023-03-09 16:45:29','2023-03-09 17:56:16',NULL,0,1,1,1,33,'12345678','2023');
/*!40000 ALTER TABLE `user_clients` ENABLE KEYS */;
UNLOCK TABLES;

--
-- Table structure for table `user_partenaires`
--

DROP TABLE IF EXISTS `user_partenaires`;
/*!40101 SET @saved_cs_client     = @@character_set_client */;
/*!50503 SET character_set_client = utf8mb4 */;
CREATE TABLE `user_partenaires` (
  `id` int NOT NULL AUTO_INCREMENT,
  `lastname` varchar(50) DEFAULT NULL,
  `name` varchar(50) DEFAULT NULL,
  `partenaire_id` int DEFAULT NULL,
  `username` varchar(50) DEFAULT NULL,
  `status` bit(1) DEFAULT NULL,
  `password` varchar(255) DEFAULT NULL,
  `role_partenaire_id` int DEFAULT NULL,
  `deleted` tinyint DEFAULT NULL,
  `created_at` datetime DEFAULT NULL,
  `updated_at` datetime DEFAULT NULL,
  `lastconnexion` varchar(50) DEFAULT NULL,
  PRIMARY KEY (`id`)
) ENGINE=InnoDB AUTO_INCREMENT=3 DEFAULT CHARSET=latin1;
/*!40101 SET character_set_client = @saved_cs_client */;

--
-- Dumping data for table `user_partenaires`
--

LOCK TABLES `user_partenaires` WRITE;
/*!40000 ALTER TABLE `user_partenaires` DISABLE KEYS */;
INSERT INTO `user_partenaires` VALUES (1,'Eudes','AGBOTON',2,'aeudes',_binary '','$2y$10$SHNLoj.Je4d0/ebsSF1jmeBjtS9y3IYPLv575yc8YwbrENpAulYOe',6,0,'2023-01-23 22:46:24','2023-03-20 12:22:41',NULL),(2,'estard','ezoun',2,'eestard',_binary '','$2y$10$bUUjWwUlbjqu96qAKleyi.yvnjawPc8CXjjz75i1UXWvpvjLAJFIe',6,0,'2023-02-23 16:59:44','2023-02-23 16:59:44',NULL);
/*!40000 ALTER TABLE `user_partenaires` ENABLE KEYS */;
UNLOCK TABLES;

--
-- Table structure for table `users`
--

DROP TABLE IF EXISTS `users`;
/*!40101 SET @saved_cs_client     = @@character_set_client */;
/*!50503 SET character_set_client = utf8mb4 */;
CREATE TABLE `users` (
  `id` int NOT NULL AUTO_INCREMENT,
  `lastname` varchar(50) DEFAULT NULL,
  `name` varchar(50) DEFAULT NULL,
  `username` varchar(50) DEFAULT NULL,
  `password` varchar(250) DEFAULT NULL,
  `deleted` tinyint DEFAULT NULL,
  `status` tinyint DEFAULT NULL,
  `role_id` int DEFAULT NULL,
  `lastconnexion` varchar(50) DEFAULT NULL,
  `created_at` datetime DEFAULT NULL,
  `updated_at` datetime DEFAULT NULL,
  PRIMARY KEY (`id`)
) ENGINE=InnoDB AUTO_INCREMENT=4 DEFAULT CHARSET=latin1;
/*!40101 SET character_set_client = @saved_cs_client */;

--
-- Dumping data for table `users`
--

LOCK TABLES `users` WRITE;
/*!40000 ALTER TABLE `users` DISABLE KEYS */;
INSERT INTO `users` VALUES (1,'Aurens','GBEVE','gaurens','$2y$10$XVdPNQ2C0TBPN7m72iqxguL/ubhBEL2BypeYr3nMvtXCo25BY9Oky',0,1,2,NULL,'2022-11-09 15:38:43','2022-12-02 13:49:13'),(2,'Evans','GBEVE','gevans','$2y$10$fYsVcVk19n/.EP7dSUHduOGPT6CfSOkyUHuJwAFNoS56zYnvxSe6m',0,1,3,NULL,'2022-11-11 12:40:43','2022-11-11 12:40:43'),(3,'Jean','SINGBO','sjean','$2y$10$d0V9ELzhYEAD0wpY4wLuT.n/uXjVYmAWegV/D8et5eqr2osQAw95u',0,1,2,NULL,'2022-12-02 13:30:16','2022-12-02 13:30:16');
/*!40000 ALTER TABLE `users` ENABLE KEYS */;
UNLOCK TABLES;

--
-- Table structure for table `vente_physiques`
--

DROP TABLE IF EXISTS `vente_physiques`;
/*!40101 SET @saved_cs_client     = @@character_set_client */;
/*!50503 SET character_set_client = utf8mb4 */;
CREATE TABLE `vente_physiques` (
  `id` int NOT NULL AUTO_INCREMENT,
  `kyc_client_id` int DEFAULT NULL,
  `montant` int DEFAULT NULL,
  `gamme_id` int DEFAULT NULL,
  `reference` varchar(50) DEFAULT NULL,
  `carte_physique_id` int DEFAULT NULL,
  `rejeteur_id` int DEFAULT NULL,
  `validateur_id` int DEFAULT NULL,
  `motif_rejet` varchar(50) DEFAULT NULL,
  `etat` tinyint DEFAULT NULL,
  `deleted` tinyint DEFAULT NULL,
  `created_at` datetime DEFAULT NULL,
  `updated_at` datetime DEFAULT NULL,
  PRIMARY KEY (`id`)
) ENGINE=InnoDB DEFAULT CHARSET=latin1;
/*!40101 SET character_set_client = @saved_cs_client */;

--
-- Dumping data for table `vente_physiques`
--

LOCK TABLES `vente_physiques` WRITE;
/*!40000 ALTER TABLE `vente_physiques` DISABLE KEYS */;
/*!40000 ALTER TABLE `vente_physiques` ENABLE KEYS */;
UNLOCK TABLES;

--
-- Table structure for table `vente_virtuelles`
--

DROP TABLE IF EXISTS `vente_virtuelles`;
/*!40101 SET @saved_cs_client     = @@character_set_client */;
/*!50503 SET character_set_client = utf8mb4 */;
CREATE TABLE `vente_virtuelles` (
  `id` int NOT NULL AUTO_INCREMENT,
  `kyc_client_id` int DEFAULT NULL,
  `carte_virtuelle_id` int DEFAULT NULL,
  `gamme_id` int DEFAULT NULL,
  `montant` int DEFAULT NULL,
  `etat` tinyint DEFAULT NULL,
  `motif_rejet` varchar(255) DEFAULT NULL,
  `rejeteur_id` varchar(255) DEFAULT NULL,
  `validateur_id` varchar(255) DEFAULT NULL,
  `reference` varchar(255) DEFAULT NULL,
  `deleted` tinyint DEFAULT NULL,
  `created_at` datetime DEFAULT NULL,
  `updated_at` datetime DEFAULT NULL,
  PRIMARY KEY (`id`)
) ENGINE=InnoDB DEFAULT CHARSET=latin1;
/*!40101 SET character_set_client = @saved_cs_client */;

--
-- Dumping data for table `vente_virtuelles`
--

LOCK TABLES `vente_virtuelles` WRITE;
/*!40000 ALTER TABLE `vente_virtuelles` DISABLE KEYS */;
/*!40000 ALTER TABLE `vente_virtuelles` ENABLE KEYS */;
UNLOCK TABLES;
/*!40103 SET TIME_ZONE=@OLD_TIME_ZONE */;

/*!40101 SET SQL_MODE=@OLD_SQL_MODE */;
/*!40014 SET FOREIGN_KEY_CHECKS=@OLD_FOREIGN_KEY_CHECKS */;
/*!40014 SET UNIQUE_CHECKS=@OLD_UNIQUE_CHECKS */;
/*!40101 SET CHARACTER_SET_CLIENT=@OLD_CHARACTER_SET_CLIENT */;
/*!40101 SET CHARACTER_SET_RESULTS=@OLD_CHARACTER_SET_RESULTS */;
/*!40101 SET COLLATION_CONNECTION=@OLD_COLLATION_CONNECTION */;
/*!40111 SET SQL_NOTES=@OLD_SQL_NOTES */;

-- Dump completed on 2023-03-21 14:47:28
